idx,true_genre,track_id,cqt_path,audio_path,filename,num_segments,clip_sec,rng_seed,drive_file_id
0,blues,1009696,C:\Yukawa\Lab\Dataset\MTG-Jamendo-9mapping\9genre_music200_cqt\blues\1009696\cqt.npy,C:\Yukawa\music-reco-Jamendo-2-public\audio\blues\1009696\1009696.mp3,1009696.mp3,10,5.0,0,1d5DldxuCMiQqS_hU1SkM5DG4rQ_ZrinX
1,blues,1011644,C:\Yukawa\Lab\Dataset\MTG-Jamendo-9mapping\9genre_music200_cqt\blues\1011644\cqt.npy,C:\Yukawa\music-reco-Jamendo-2-public\audio\blues\1011644\1011644.mp3,1011644.mp3,10,5.0,0,1Wg80lcrsYPvZJPD4X4NB45PRId4TsSYc
2,blues,1011645,C:\Yukawa\Lab\Dataset\MTG-Jamendo-9mapping\9genre_music200_cqt\blues\1011645\cqt.npy,C:\Yukawa\music-reco-Jamendo-2-public\audio\blues\1011645\1011645.mp3,1011645.mp3,10,5.0,0,1xUbczGYt1fZ_G7AgeX8ugubYCCbQGW2u
3,blues,1028272,C:\Yukawa\Lab\Dataset\MTG-Jamendo-9mapping\9genre_music200_cqt\blues\1028272\cqt.npy,C:\Yukawa\music-reco-Jamendo-2-public\audio\blues\1028272\1028272.mp3,1028272.mp3,10,5.0,0,1D97VktMT5tZXB_prSyYZF_AYcb1V42OY
4,blues,1032839,C:\Yukawa\Lab\Dataset\MTG-Jamendo-9mapping\9genre_music200_cqt\blues\1032839\cqt.npy,C:\Yukawa\music-reco-Jamendo-2-public\audio\blues\1032839\1032839.mp3,1032839.mp3,10,5.0,0,1PUzFoxDMXEc0U5xXftvJP5orHR70ibG-
5,blues,1032913,C:\Yukawa\Lab\Dataset\MTG-Jamendo-9mapping\9genre_music200_cqt\blues\1032913\cqt.npy,C:\Yukawa\music-reco-Jamendo-2-public\audio\blues\1032913\1032913.mp3,1032913.mp3,10,5.0,0,1SXBucg8AxmdYx-bNhIE23PPJ50kwt7J4
6,blues,1041157,C:\Yukawa\Lab\Dataset\MTG-Jamendo-9mapping\9genre_music200_cqt\blues\1041157\cqt.npy,C:\Yukawa\music-reco-Jamendo-2-public\audio\blues\1041157\1041157.mp3,1041157.mp3,10,5.0,0,1jPkh9kQ7NFQqQBWv451WHBzLz0l6XDEH
7,blues,1043916,C:\Yukawa\Lab\Dataset\MTG-Jamendo-9mapping\9genre_music200_cqt\blues\1043916\cqt.npy,C:\Yukawa\music-reco-Jamendo-2-public\audio\blues\1043916\1043916.mp3,1043916.mp3,10,5.0,0,1uXkIvss9VZb18KXFSeW5gY5bCrOIBm5z
8,blues,1062464,C:\Yukawa\Lab\Dataset\MTG-Jamendo-9mapping\9genre_music200_cqt\blues\1062464\cqt.npy,C:\Yukawa\music-reco-Jamendo-2-public\audio\blues\1062464\1062464.mp3,1062464.mp3,10,5.0,0,1BiTqDntzrLHd5Gq0Q9HIjZy-ROSuSWze
9,blues,1062465,C:\Yukawa\Lab\Dataset\MTG-Jamendo-9mapping\9genre_music200_cqt\blues\1062465\cqt.npy,C:\Yukawa\music-reco-Jamendo-2-public\audio\blues\1062465\1062465.mp3,1062465.mp3,10,5.0,0,13AOw7utrjwCcvzIUxa3ZPorfm9DBk_S9
10,blues,1066748,C:\Yukawa\Lab\Dataset\MTG-Jamendo-9mapping\9genre_music200_cqt\blues\1066748\cqt.npy,C:\Yukawa\music-reco-Jamendo-2-public\audio\blues\1066748\1066748.mp3,1066748.mp3,10,5.0,0,1GptStCF8ZQ2cVrdU7G0qH-tifZu5_bHm
11,blues,1066750,C:\Yukawa\Lab\Dataset\MTG-Jamendo-9mapping\9genre_music200_cqt\blues\1066750\cqt.npy,C:\Yukawa\music-reco-Jamendo-2-public\audio\blues\1066750\1066750.mp3,1066750.mp3,10,5.0,0,1JCSLvnjpi-kIEDsM2m7Vbm6cZboDwx3p
12,blues,1066753,C:\Yukawa\Lab\Dataset\MTG-Jamendo-9mapping\9genre_music200_cqt\blues\1066753\cqt.npy,C:\Yukawa\music-reco-Jamendo-2-public\audio\blues\1066753\1066753.mp3,1066753.mp3,10,5.0,0,1iRb5FzCrDCr5-mA0Np73Nex79iZJ2siZ
13,blues,1066758,C:\Yukawa\Lab\Dataset\MTG-Jamendo-9mapping\9genre_music200_cqt\blues\1066758\cqt.npy,C:\Yukawa\music-reco-Jamendo-2-public\audio\blues\1066758\1066758.mp3,1066758.mp3,10,5.0,0,1RQAcnbFKU25tRGyOvnR0hQuDfx-6OF8S
14,blues,1066759,C:\Yukawa\Lab\Dataset\MTG-Jamendo-9mapping\9genre_music200_cqt\blues\1066759\cqt.npy,C:\Yukawa\music-reco-Jamendo-2-public\audio\blues\1066759\1066759.mp3,1066759.mp3,10,5.0,0,1is-kvpKT_DCyUG3Jdq4trSUFELjKs460
15,blues,1084483,C:\Yukawa\Lab\Dataset\MTG-Jamendo-9mapping\9genre_music200_cqt\blues\1084483\cqt.npy,C:\Yukawa\music-reco-Jamendo-2-public\audio\blues\1084483\1084483.mp3,1084483.mp3,10,5.0,0,1nsKQWtdliS3UrBIdNPx_CwiZjEJxXyN6
16,blues,1087538,C:\Yukawa\Lab\Dataset\MTG-Jamendo-9mapping\9genre_music200_cqt\blues\1087538\cqt.npy,C:\Yukawa\music-reco-Jamendo-2-public\audio\blues\1087538\1087538.mp3,1087538.mp3,10,5.0,0,1EPEzjsrzc3tjRTYYIdHUefZXvaN3OoeR
17,blues,1088118,C:\Yukawa\Lab\Dataset\MTG-Jamendo-9mapping\9genre_music200_cqt\blues\1088118\cqt.npy,C:\Yukawa\music-reco-Jamendo-2-public\audio\blues\1088118\1088118.mp3,1088118.mp3,10,5.0,0,1_qOix-QHmpOxm1TH9dmJqFiLyt4GwBWj
18,blues,1091244,C:\Yukawa\Lab\Dataset\MTG-Jamendo-9mapping\9genre_music200_cqt\blues\1091244\cqt.npy,C:\Yukawa\music-reco-Jamendo-2-public\audio\blues\1091244\1091244.mp3,1091244.mp3,10,5.0,0,1n3HmFDKDagbJav5p4Mzs6MZBjXB34cNw
19,blues,1091245,C:\Yukawa\Lab\Dataset\MTG-Jamendo-9mapping\9genre_music200_cqt\blues\1091245\cqt.npy,C:\Yukawa\music-reco-Jamendo-2-public\audio\blues\1091245\1091245.mp3,1091245.mp3,10,5.0,0,1tv-PwB2nQm7kBn0hX6qfRFGShTEqBz1r
20,blues,1101297,C:\Yukawa\Lab\Dataset\MTG-Jamendo-9mapping\9genre_music200_cqt\blues\1101297\cqt.npy,C:\Yukawa\music-reco-Jamendo-2-public\audio\blues\1101297\1101297.mp3,1101297.mp3,10,5.0,0,1Lq5KjueJ8saGeFAa_ndRgbYUDZakYfZb
21,blues,1106762,C:\Yukawa\Lab\Dataset\MTG-Jamendo-9mapping\9genre_music200_cqt\blues\1106762\cqt.npy,C:\Yukawa\music-reco-Jamendo-2-public\audio\blues\1106762\1106762.mp3,1106762.mp3,10,5.0,0,1juvb4HLK4oILk_bvJfH0elptCbKbeVeb
22,blues,1107567,C:\Yukawa\Lab\Dataset\MTG-Jamendo-9mapping\9genre_music200_cqt\blues\1107567\cqt.npy,C:\Yukawa\music-reco-Jamendo-2-public\audio\blues\1107567\1107567.mp3,1107567.mp3,10,5.0,0,15L8cSqr83QWR8JveMIBlqnVlKJI0eEYl
23,blues,1107568,C:\Yukawa\Lab\Dataset\MTG-Jamendo-9mapping\9genre_music200_cqt\blues\1107568\cqt.npy,C:\Yukawa\music-reco-Jamendo-2-public\audio\blues\1107568\1107568.mp3,1107568.mp3,10,5.0,0,1Q6qNToMhoEuCFpII0Dfj4oe3Pt-HWDKg
24,blues,1107569,C:\Yukawa\Lab\Dataset\MTG-Jamendo-9mapping\9genre_music200_cqt\blues\1107569\cqt.npy,C:\Yukawa\music-reco-Jamendo-2-public\audio\blues\1107569\1107569.mp3,1107569.mp3,10,5.0,0,1LoBnh0Srtr-5Zc7EEw9aqGE-4YRdtv3N
25,blues,1107570,C:\Yukawa\Lab\Dataset\MTG-Jamendo-9mapping\9genre_music200_cqt\blues\1107570\cqt.npy,C:\Yukawa\music-reco-Jamendo-2-public\audio\blues\1107570\1107570.mp3,1107570.mp3,10,5.0,0,1jy5YfUiCP6OwzvXl4pZqYjIA-qj7mxiq
26,blues,1107571,C:\Yukawa\Lab\Dataset\MTG-Jamendo-9mapping\9genre_music200_cqt\blues\1107571\cqt.npy,C:\Yukawa\music-reco-Jamendo-2-public\audio\blues\1107571\1107571.mp3,1107571.mp3,10,5.0,0,1jNemADXqIv_zmzXLriAZXjrCFGRl4zx0
27,blues,1107572,C:\Yukawa\Lab\Dataset\MTG-Jamendo-9mapping\9genre_music200_cqt\blues\1107572\cqt.npy,C:\Yukawa\music-reco-Jamendo-2-public\audio\blues\1107572\1107572.mp3,1107572.mp3,10,5.0,0,1zGGPcfxlnF3HM2B0xzPt6sfw2X_6oX-t
28,blues,1107573,C:\Yukawa\Lab\Dataset\MTG-Jamendo-9mapping\9genre_music200_cqt\blues\1107573\cqt.npy,C:\Yukawa\music-reco-Jamendo-2-public\audio\blues\1107573\1107573.mp3,1107573.mp3,10,5.0,0,1p1s1k__j1sF-kxxIcvu_cE_tUnaSoF3v
29,blues,1107574,C:\Yukawa\Lab\Dataset\MTG-Jamendo-9mapping\9genre_music200_cqt\blues\1107574\cqt.npy,C:\Yukawa\music-reco-Jamendo-2-public\audio\blues\1107574\1107574.mp3,1107574.mp3,10,5.0,0,1Rt86ePwX_3D_lkV4Li_XOI6FcH5L4xL2
30,blues,1107575,C:\Yukawa\Lab\Dataset\MTG-Jamendo-9mapping\9genre_music200_cqt\blues\1107575\cqt.npy,C:\Yukawa\music-reco-Jamendo-2-public\audio\blues\1107575\1107575.mp3,1107575.mp3,10,5.0,0,1Q5qLPiLgju_9POpP6Agswe_8xoogMGqQ
31,blues,1107576,C:\Yukawa\Lab\Dataset\MTG-Jamendo-9mapping\9genre_music200_cqt\blues\1107576\cqt.npy,C:\Yukawa\music-reco-Jamendo-2-public\audio\blues\1107576\1107576.mp3,1107576.mp3,10,5.0,0,1ycYJOMI07r8zcWiic3Y79KO9xhupoCLx
32,blues,1107577,C:\Yukawa\Lab\Dataset\MTG-Jamendo-9mapping\9genre_music200_cqt\blues\1107577\cqt.npy,C:\Yukawa\music-reco-Jamendo-2-public\audio\blues\1107577\1107577.mp3,1107577.mp3,10,5.0,0,1g13YJeHDAxq6vb6tdAAkH2hifAYGrSwl
33,blues,1107578,C:\Yukawa\Lab\Dataset\MTG-Jamendo-9mapping\9genre_music200_cqt\blues\1107578\cqt.npy,C:\Yukawa\music-reco-Jamendo-2-public\audio\blues\1107578\1107578.mp3,1107578.mp3,10,5.0,0,1OkNP5gHIzMLYj_6NdbO-81xSzmeXk55e
34,blues,1107579,C:\Yukawa\Lab\Dataset\MTG-Jamendo-9mapping\9genre_music200_cqt\blues\1107579\cqt.npy,C:\Yukawa\music-reco-Jamendo-2-public\audio\blues\1107579\1107579.mp3,1107579.mp3,10,5.0,0,1RhPdWSXxPyeulOa5TZqJk1EH-BpUaQfy
35,blues,1107580,C:\Yukawa\Lab\Dataset\MTG-Jamendo-9mapping\9genre_music200_cqt\blues\1107580\cqt.npy,C:\Yukawa\music-reco-Jamendo-2-public\audio\blues\1107580\1107580.mp3,1107580.mp3,10,5.0,0,1sMgocpE6-JvucRam3N13p9yHUSr34NCX
36,blues,1107729,C:\Yukawa\Lab\Dataset\MTG-Jamendo-9mapping\9genre_music200_cqt\blues\1107729\cqt.npy,C:\Yukawa\music-reco-Jamendo-2-public\audio\blues\1107729\1107729.mp3,1107729.mp3,10,5.0,0,17nNpmTjcGQVTXGsaKifNBCgPWxhecj16
37,blues,1110480,C:\Yukawa\Lab\Dataset\MTG-Jamendo-9mapping\9genre_music200_cqt\blues\1110480\cqt.npy,C:\Yukawa\music-reco-Jamendo-2-public\audio\blues\1110480\1110480.mp3,1110480.mp3,10,5.0,0,1rZMu9yGdDKDOOPCEYtRT_GbwLBGHwZxD
38,blues,1110481,C:\Yukawa\Lab\Dataset\MTG-Jamendo-9mapping\9genre_music200_cqt\blues\1110481\cqt.npy,C:\Yukawa\music-reco-Jamendo-2-public\audio\blues\1110481\1110481.mp3,1110481.mp3,10,5.0,0,1aypd2RC4NCVBF5YEjIZi5u6ICGxU2WRl
39,blues,1110482,C:\Yukawa\Lab\Dataset\MTG-Jamendo-9mapping\9genre_music200_cqt\blues\1110482\cqt.npy,C:\Yukawa\music-reco-Jamendo-2-public\audio\blues\1110482\1110482.mp3,1110482.mp3,10,5.0,0,1NBISLbYK9w3pyfcWL3fSjQZzBPFwy15M
40,blues,1110483,C:\Yukawa\Lab\Dataset\MTG-Jamendo-9mapping\9genre_music200_cqt\blues\1110483\cqt.npy,C:\Yukawa\music-reco-Jamendo-2-public\audio\blues\1110483\1110483.mp3,1110483.mp3,10,5.0,0,1TRD3b15Xq1jBnoTtvDvl_TWRudVtWovZ
41,blues,1110484,C:\Yukawa\Lab\Dataset\MTG-Jamendo-9mapping\9genre_music200_cqt\blues\1110484\cqt.npy,C:\Yukawa\music-reco-Jamendo-2-public\audio\blues\1110484\1110484.mp3,1110484.mp3,10,5.0,0,1yuHCF7noWMso97pVC2c8idq6mylEw8TO
42,blues,1110485,C:\Yukawa\Lab\Dataset\MTG-Jamendo-9mapping\9genre_music200_cqt\blues\1110485\cqt.npy,C:\Yukawa\music-reco-Jamendo-2-public\audio\blues\1110485\1110485.mp3,1110485.mp3,10,5.0,0,1rN1For-wJX6SQrYSOd5UvEqOiPQzee9b
43,blues,1110486,C:\Yukawa\Lab\Dataset\MTG-Jamendo-9mapping\9genre_music200_cqt\blues\1110486\cqt.npy,C:\Yukawa\music-reco-Jamendo-2-public\audio\blues\1110486\1110486.mp3,1110486.mp3,10,5.0,0,1Ap-doE7pOSdKRAW_75AWlabNUamEjG4k
44,blues,1110487,C:\Yukawa\Lab\Dataset\MTG-Jamendo-9mapping\9genre_music200_cqt\blues\1110487\cqt.npy,C:\Yukawa\music-reco-Jamendo-2-public\audio\blues\1110487\1110487.mp3,1110487.mp3,10,5.0,0,1XG_yerHYNdYwYbXfeWoBQm1TjnOlHssV
45,blues,1110488,C:\Yukawa\Lab\Dataset\MTG-Jamendo-9mapping\9genre_music200_cqt\blues\1110488\cqt.npy,C:\Yukawa\music-reco-Jamendo-2-public\audio\blues\1110488\1110488.mp3,1110488.mp3,10,5.0,0,1dh_mcpTEGfuUgLKp5OYO8Q1NPRk3_BQL
46,blues,1110489,C:\Yukawa\Lab\Dataset\MTG-Jamendo-9mapping\9genre_music200_cqt\blues\1110489\cqt.npy,C:\Yukawa\music-reco-Jamendo-2-public\audio\blues\1110489\1110489.mp3,1110489.mp3,10,5.0,0,1ku1i3YxtBU8L7As0jXXpGd_uH4X_m9KP
47,blues,1110490,C:\Yukawa\Lab\Dataset\MTG-Jamendo-9mapping\9genre_music200_cqt\blues\1110490\cqt.npy,C:\Yukawa\music-reco-Jamendo-2-public\audio\blues\1110490\1110490.mp3,1110490.mp3,10,5.0,0,1KW9sAT_qNlr9FlEaQETsaHXQs9jTER7A
48,blues,1110491,C:\Yukawa\Lab\Dataset\MTG-Jamendo-9mapping\9genre_music200_cqt\blues\1110491\cqt.npy,C:\Yukawa\music-reco-Jamendo-2-public\audio\blues\1110491\1110491.mp3,1110491.mp3,10,5.0,0,1f5_0cUQorNRjUCDJxDeXEhSovsbjj9Sl
49,blues,1110492,C:\Yukawa\Lab\Dataset\MTG-Jamendo-9mapping\9genre_music200_cqt\blues\1110492\cqt.npy,C:\Yukawa\music-reco-Jamendo-2-public\audio\blues\1110492\1110492.mp3,1110492.mp3,10,5.0,0,1q-wPdSI3n2Iq2G2CSOCeSgnrWAo7l4W8
50,blues,1110493,C:\Yukawa\Lab\Dataset\MTG-Jamendo-9mapping\9genre_music200_cqt\blues\1110493\cqt.npy,C:\Yukawa\music-reco-Jamendo-2-public\audio\blues\1110493\1110493.mp3,1110493.mp3,10,5.0,0,1Km7v9WL0SeFUiKmsKyfcjcrfASnd8swb
51,blues,1110494,C:\Yukawa\Lab\Dataset\MTG-Jamendo-9mapping\9genre_music200_cqt\blues\1110494\cqt.npy,C:\Yukawa\music-reco-Jamendo-2-public\audio\blues\1110494\1110494.mp3,1110494.mp3,10,5.0,0,1NVRlGEOYp3hI8RKSOgA_O_gK6hefLH-_
52,blues,1110495,C:\Yukawa\Lab\Dataset\MTG-Jamendo-9mapping\9genre_music200_cqt\blues\1110495\cqt.npy,C:\Yukawa\music-reco-Jamendo-2-public\audio\blues\1110495\1110495.mp3,1110495.mp3,10,5.0,0,1CAuwd8566FXWiotjXsVU4t9PEp_7qdtN
53,blues,1110496,C:\Yukawa\Lab\Dataset\MTG-Jamendo-9mapping\9genre_music200_cqt\blues\1110496\cqt.npy,C:\Yukawa\music-reco-Jamendo-2-public\audio\blues\1110496\1110496.mp3,1110496.mp3,10,5.0,0,1v6IZhJOfC0_GoWxg4-zPRoycKNARDdSR
54,blues,1110497,C:\Yukawa\Lab\Dataset\MTG-Jamendo-9mapping\9genre_music200_cqt\blues\1110497\cqt.npy,C:\Yukawa\music-reco-Jamendo-2-public\audio\blues\1110497\1110497.mp3,1110497.mp3,10,5.0,0,1k8eolubGIZjKQZjSr9A5VhojepRVfzsY
55,blues,1110498,C:\Yukawa\Lab\Dataset\MTG-Jamendo-9mapping\9genre_music200_cqt\blues\1110498\cqt.npy,C:\Yukawa\music-reco-Jamendo-2-public\audio\blues\1110498\1110498.mp3,1110498.mp3,10,5.0,0,1ZG44FgJpiAEXNJItAsqwmMWbjO84Y1VT
56,blues,1110672,C:\Yukawa\Lab\Dataset\MTG-Jamendo-9mapping\9genre_music200_cqt\blues\1110672\cqt.npy,C:\Yukawa\music-reco-Jamendo-2-public\audio\blues\1110672\1110672.mp3,1110672.mp3,10,5.0,0,1NFy6UwmeFRgDBLGVxw1DZOLow5jkrJeG
57,blues,1113085,C:\Yukawa\Lab\Dataset\MTG-Jamendo-9mapping\9genre_music200_cqt\blues\1113085\cqt.npy,C:\Yukawa\music-reco-Jamendo-2-public\audio\blues\1113085\1113085.mp3,1113085.mp3,10,5.0,0,1tm2QjeYRRi_RVSWWaCnIstEnTQ882UDE
58,blues,1114537,C:\Yukawa\Lab\Dataset\MTG-Jamendo-9mapping\9genre_music200_cqt\blues\1114537\cqt.npy,C:\Yukawa\music-reco-Jamendo-2-public\audio\blues\1114537\1114537.mp3,1114537.mp3,10,5.0,0,1WSABFgv1rIbosQYGSAMEpUpU7rXveDEL
59,blues,1116434,C:\Yukawa\Lab\Dataset\MTG-Jamendo-9mapping\9genre_music200_cqt\blues\1116434\cqt.npy,C:\Yukawa\music-reco-Jamendo-2-public\audio\blues\1116434\1116434.mp3,1116434.mp3,10,5.0,0,1uYwoAn8pUm43yt7W2uufnsDklsujaFcu
60,blues,1119431,C:\Yukawa\Lab\Dataset\MTG-Jamendo-9mapping\9genre_music200_cqt\blues\1119431\cqt.npy,C:\Yukawa\music-reco-Jamendo-2-public\audio\blues\1119431\1119431.mp3,1119431.mp3,10,5.0,0,1GDvdgcq65oCu1WEBCxsocLZX4I_D-sdl
61,blues,1119589,C:\Yukawa\Lab\Dataset\MTG-Jamendo-9mapping\9genre_music200_cqt\blues\1119589\cqt.npy,C:\Yukawa\music-reco-Jamendo-2-public\audio\blues\1119589\1119589.mp3,1119589.mp3,10,5.0,0,1QtwFfIJEhTVmflKYIIHO0QijOd6CqNDY
62,blues,1121554,C:\Yukawa\Lab\Dataset\MTG-Jamendo-9mapping\9genre_music200_cqt\blues\1121554\cqt.npy,C:\Yukawa\music-reco-Jamendo-2-public\audio\blues\1121554\1121554.mp3,1121554.mp3,10,5.0,0,1VzMXMKwJ46YmrjtXAyzbcQBNM9jIeb9A
63,blues,1121561,C:\Yukawa\Lab\Dataset\MTG-Jamendo-9mapping\9genre_music200_cqt\blues\1121561\cqt.npy,C:\Yukawa\music-reco-Jamendo-2-public\audio\blues\1121561\1121561.mp3,1121561.mp3,10,5.0,0,1-EUdwJA97ej7_oLruYs7LnT1AqIPXYaj
64,blues,1133292,C:\Yukawa\Lab\Dataset\MTG-Jamendo-9mapping\9genre_music200_cqt\blues\1133292\cqt.npy,C:\Yukawa\music-reco-Jamendo-2-public\audio\blues\1133292\1133292.mp3,1133292.mp3,10,5.0,0,1gW9Q6ZJTvo1LmiYqzlV452r6Za0S3rpk
65,blues,1149624,C:\Yukawa\Lab\Dataset\MTG-Jamendo-9mapping\9genre_music200_cqt\blues\1149624\cqt.npy,C:\Yukawa\music-reco-Jamendo-2-public\audio\blues\1149624\1149624.mp3,1149624.mp3,10,5.0,0,1OeipNAKhysdxMQzOAPELuk3f_tNt-UCG
66,blues,1150898,C:\Yukawa\Lab\Dataset\MTG-Jamendo-9mapping\9genre_music200_cqt\blues\1150898\cqt.npy,C:\Yukawa\music-reco-Jamendo-2-public\audio\blues\1150898\1150898.mp3,1150898.mp3,10,5.0,0,1mNs-s4feWJH7XjLy-tDZAtpKnDibheDw
67,blues,1157012,C:\Yukawa\Lab\Dataset\MTG-Jamendo-9mapping\9genre_music200_cqt\blues\1157012\cqt.npy,C:\Yukawa\music-reco-Jamendo-2-public\audio\blues\1157012\1157012.mp3,1157012.mp3,10,5.0,0,1ohwVYm8oLhYFDI-kDlF2josydh7-Q6rZ
68,blues,1160481,C:\Yukawa\Lab\Dataset\MTG-Jamendo-9mapping\9genre_music200_cqt\blues\1160481\cqt.npy,C:\Yukawa\music-reco-Jamendo-2-public\audio\blues\1160481\1160481.mp3,1160481.mp3,10,5.0,0,1BUEKtWJ5DjDeBEjPC19G5nFlyKzZOPY2
69,blues,1162097,C:\Yukawa\Lab\Dataset\MTG-Jamendo-9mapping\9genre_music200_cqt\blues\1162097\cqt.npy,C:\Yukawa\music-reco-Jamendo-2-public\audio\blues\1162097\1162097.mp3,1162097.mp3,10,5.0,0,1gCRSPIcuBa0MgUnZykBzU8aDLtI02Xqt
70,blues,1163927,C:\Yukawa\Lab\Dataset\MTG-Jamendo-9mapping\9genre_music200_cqt\blues\1163927\cqt.npy,C:\Yukawa\music-reco-Jamendo-2-public\audio\blues\1163927\1163927.mp3,1163927.mp3,10,5.0,0,1WaG6UBGP_Llpjjj8-rx5JkCzNxDYvcEU
71,blues,1173760,C:\Yukawa\Lab\Dataset\MTG-Jamendo-9mapping\9genre_music200_cqt\blues\1173760\cqt.npy,C:\Yukawa\music-reco-Jamendo-2-public\audio\blues\1173760\1173760.mp3,1173760.mp3,10,5.0,0,1og4syybNrz4j2i-2lWC9EwU5pDZlwOYV
72,blues,1173761,C:\Yukawa\Lab\Dataset\MTG-Jamendo-9mapping\9genre_music200_cqt\blues\1173761\cqt.npy,C:\Yukawa\music-reco-Jamendo-2-public\audio\blues\1173761\1173761.mp3,1173761.mp3,10,5.0,0,1L1iwgiGJMexVUhLaiO-2s9vewsFeTHLp
73,blues,1173763,C:\Yukawa\Lab\Dataset\MTG-Jamendo-9mapping\9genre_music200_cqt\blues\1173763\cqt.npy,C:\Yukawa\music-reco-Jamendo-2-public\audio\blues\1173763\1173763.mp3,1173763.mp3,10,5.0,0,19BAm0Edhe8pg-Z6qSs5Q9LXUSY28UpoN
74,blues,1173764,C:\Yukawa\Lab\Dataset\MTG-Jamendo-9mapping\9genre_music200_cqt\blues\1173764\cqt.npy,C:\Yukawa\music-reco-Jamendo-2-public\audio\blues\1173764\1173764.mp3,1173764.mp3,10,5.0,0,1T6kzAIZcnIdNwv7SIwDGNK7aLXVqp5ik
75,blues,1177895,C:\Yukawa\Lab\Dataset\MTG-Jamendo-9mapping\9genre_music200_cqt\blues\1177895\cqt.npy,C:\Yukawa\music-reco-Jamendo-2-public\audio\blues\1177895\1177895.mp3,1177895.mp3,10,5.0,0,1JlPHN_XVozOop2JS_x_JQzymAaD3Mus5
76,blues,1179863,C:\Yukawa\Lab\Dataset\MTG-Jamendo-9mapping\9genre_music200_cqt\blues\1179863\cqt.npy,C:\Yukawa\music-reco-Jamendo-2-public\audio\blues\1179863\1179863.mp3,1179863.mp3,10,5.0,0,12S1YhnAuDXDjz36ovNLVpKKwc7wCiJ5X
77,blues,1185448,C:\Yukawa\Lab\Dataset\MTG-Jamendo-9mapping\9genre_music200_cqt\blues\1185448\cqt.npy,C:\Yukawa\music-reco-Jamendo-2-public\audio\blues\1185448\1185448.mp3,1185448.mp3,10,5.0,0,1-HUTwYKSOD80tR3CoYy6Qzprbx2_ORqN
78,blues,1187041,C:\Yukawa\Lab\Dataset\MTG-Jamendo-9mapping\9genre_music200_cqt\blues\1187041\cqt.npy,C:\Yukawa\music-reco-Jamendo-2-public\audio\blues\1187041\1187041.mp3,1187041.mp3,10,5.0,0,1eyk2nYOQr6VBb_cz0V_sCj-DQUOo-Aql
79,blues,1188137,C:\Yukawa\Lab\Dataset\MTG-Jamendo-9mapping\9genre_music200_cqt\blues\1188137\cqt.npy,C:\Yukawa\music-reco-Jamendo-2-public\audio\blues\1188137\1188137.mp3,1188137.mp3,10,5.0,0,163RHY6He21QrLLBc3JihTaeoJ66KwfZC
80,blues,1190782,C:\Yukawa\Lab\Dataset\MTG-Jamendo-9mapping\9genre_music200_cqt\blues\1190782\cqt.npy,C:\Yukawa\music-reco-Jamendo-2-public\audio\blues\1190782\1190782.mp3,1190782.mp3,10,5.0,0,1Q3bRCPD7kNXZZDWAXef18CvGtUVsaAgV
81,blues,1192256,C:\Yukawa\Lab\Dataset\MTG-Jamendo-9mapping\9genre_music200_cqt\blues\1192256\cqt.npy,C:\Yukawa\music-reco-Jamendo-2-public\audio\blues\1192256\1192256.mp3,1192256.mp3,10,5.0,0,1q4iqHoNqKgWa35UXzCF-V1Alay45t-h7
82,blues,1192260,C:\Yukawa\Lab\Dataset\MTG-Jamendo-9mapping\9genre_music200_cqt\blues\1192260\cqt.npy,C:\Yukawa\music-reco-Jamendo-2-public\audio\blues\1192260\1192260.mp3,1192260.mp3,10,5.0,0,1T0oVt0iGy3gTENfMuc_hnR4ZsFIitLDQ
83,blues,1203665,C:\Yukawa\Lab\Dataset\MTG-Jamendo-9mapping\9genre_music200_cqt\blues\1203665\cqt.npy,C:\Yukawa\music-reco-Jamendo-2-public\audio\blues\1203665\1203665.mp3,1203665.mp3,10,5.0,0,1GTmiJ-4CAZXHQGQ9sKcyXrJ5r5S3Turt
84,blues,1208613,C:\Yukawa\Lab\Dataset\MTG-Jamendo-9mapping\9genre_music200_cqt\blues\1208613\cqt.npy,C:\Yukawa\music-reco-Jamendo-2-public\audio\blues\1208613\1208613.mp3,1208613.mp3,10,5.0,0,1ligrHpi_uTryHkT-SaXYq-11eKYF7tVL
85,blues,1217712,C:\Yukawa\Lab\Dataset\MTG-Jamendo-9mapping\9genre_music200_cqt\blues\1217712\cqt.npy,C:\Yukawa\music-reco-Jamendo-2-public\audio\blues\1217712\1217712.mp3,1217712.mp3,10,5.0,0,1YCyPqFIvqwXIkyKjRYCBuWWv1_zkqRXB
86,blues,1221527,C:\Yukawa\Lab\Dataset\MTG-Jamendo-9mapping\9genre_music200_cqt\blues\1221527\cqt.npy,C:\Yukawa\music-reco-Jamendo-2-public\audio\blues\1221527\1221527.mp3,1221527.mp3,10,5.0,0,1GlGqISUxwCk-LV5ze_0NpKGxCbIiPLLC
87,blues,1227240,C:\Yukawa\Lab\Dataset\MTG-Jamendo-9mapping\9genre_music200_cqt\blues\1227240\cqt.npy,C:\Yukawa\music-reco-Jamendo-2-public\audio\blues\1227240\1227240.mp3,1227240.mp3,10,5.0,0,14eCBAD7kigRoWVgvPJi9sbkQFAyhu-23
88,blues,1229421,C:\Yukawa\Lab\Dataset\MTG-Jamendo-9mapping\9genre_music200_cqt\blues\1229421\cqt.npy,C:\Yukawa\music-reco-Jamendo-2-public\audio\blues\1229421\1229421.mp3,1229421.mp3,10,5.0,0,1VFEnoJrpdLMzShbsSD8f8yjw45PQeefK
89,blues,1230992,C:\Yukawa\Lab\Dataset\MTG-Jamendo-9mapping\9genre_music200_cqt\blues\1230992\cqt.npy,C:\Yukawa\music-reco-Jamendo-2-public\audio\blues\1230992\1230992.mp3,1230992.mp3,10,5.0,0,14f_bX6EKMIv7EWAz0UcGklHvPcfitGOw
90,blues,1231884,C:\Yukawa\Lab\Dataset\MTG-Jamendo-9mapping\9genre_music200_cqt\blues\1231884\cqt.npy,C:\Yukawa\music-reco-Jamendo-2-public\audio\blues\1231884\1231884.mp3,1231884.mp3,10,5.0,0,156SIsYjWaY1T6fpqaWKh0ngpasiVc9Jf
91,blues,1231887,C:\Yukawa\Lab\Dataset\MTG-Jamendo-9mapping\9genre_music200_cqt\blues\1231887\cqt.npy,C:\Yukawa\music-reco-Jamendo-2-public\audio\blues\1231887\1231887.mp3,1231887.mp3,10,5.0,0,1EN33IxUtQicYlvHj0b7W_ieg1ttp2y3L
92,blues,1231917,C:\Yukawa\Lab\Dataset\MTG-Jamendo-9mapping\9genre_music200_cqt\blues\1231917\cqt.npy,C:\Yukawa\music-reco-Jamendo-2-public\audio\blues\1231917\1231917.mp3,1231917.mp3,10,5.0,0,1gkQyxCMPJmEmmqebKgGgmTfADurLkXff
93,blues,1231918,C:\Yukawa\Lab\Dataset\MTG-Jamendo-9mapping\9genre_music200_cqt\blues\1231918\cqt.npy,C:\Yukawa\music-reco-Jamendo-2-public\audio\blues\1231918\1231918.mp3,1231918.mp3,10,5.0,0,18_S9zqSfwdoYXCYKkwsd_jWG3y2IUY3S
94,blues,1236048,C:\Yukawa\Lab\Dataset\MTG-Jamendo-9mapping\9genre_music200_cqt\blues\1236048\cqt.npy,C:\Yukawa\music-reco-Jamendo-2-public\audio\blues\1236048\1236048.mp3,1236048.mp3,10,5.0,0,1Sjgof0auhtoX8aptsQVt3h3A1eON1OrD
95,blues,1236050,C:\Yukawa\Lab\Dataset\MTG-Jamendo-9mapping\9genre_music200_cqt\blues\1236050\cqt.npy,C:\Yukawa\music-reco-Jamendo-2-public\audio\blues\1236050\1236050.mp3,1236050.mp3,10,5.0,0,1uGhI2GjnUYYyMy6H5gw-i69z1e_fFFon
96,blues,1236052,C:\Yukawa\Lab\Dataset\MTG-Jamendo-9mapping\9genre_music200_cqt\blues\1236052\cqt.npy,C:\Yukawa\music-reco-Jamendo-2-public\audio\blues\1236052\1236052.mp3,1236052.mp3,10,5.0,0,192ZxxLNabPbtfj2llsLFXsHYDLLtaiD8
97,blues,1244925,C:\Yukawa\Lab\Dataset\MTG-Jamendo-9mapping\9genre_music200_cqt\blues\1244925\cqt.npy,C:\Yukawa\music-reco-Jamendo-2-public\audio\blues\1244925\1244925.mp3,1244925.mp3,10,5.0,0,1wZPoLMzsgJ5gRiaDr73-tJTnoqLi94e_
98,blues,1248725,C:\Yukawa\Lab\Dataset\MTG-Jamendo-9mapping\9genre_music200_cqt\blues\1248725\cqt.npy,C:\Yukawa\music-reco-Jamendo-2-public\audio\blues\1248725\1248725.mp3,1248725.mp3,10,5.0,0,1XBt3RGE29Qq10e4DX3CP29xigeZMJVOC
99,blues,1251315,C:\Yukawa\Lab\Dataset\MTG-Jamendo-9mapping\9genre_music200_cqt\blues\1251315\cqt.npy,C:\Yukawa\music-reco-Jamendo-2-public\audio\blues\1251315\1251315.mp3,1251315.mp3,10,5.0,0,1GG2ofAQNbYJVSt6T0by3gmqC_jsTPysK
100,blues,1251420,C:\Yukawa\Lab\Dataset\MTG-Jamendo-9mapping\9genre_music200_cqt\blues\1251420\cqt.npy,C:\Yukawa\music-reco-Jamendo-2-public\audio\blues\1251420\1251420.mp3,1251420.mp3,10,5.0,0,1xY-RZyMLL6mspdWygcKzZp-DAcd18RXU
101,blues,1255879,C:\Yukawa\Lab\Dataset\MTG-Jamendo-9mapping\9genre_music200_cqt\blues\1255879\cqt.npy,C:\Yukawa\music-reco-Jamendo-2-public\audio\blues\1255879\1255879.mp3,1255879.mp3,10,5.0,0,114TPv2AZv_cSGE0TFjTRq5NbGh_VvqJg
102,blues,1269430,C:\Yukawa\Lab\Dataset\MTG-Jamendo-9mapping\9genre_music200_cqt\blues\1269430\cqt.npy,C:\Yukawa\music-reco-Jamendo-2-public\audio\blues\1269430\1269430.mp3,1269430.mp3,10,5.0,0,19D-2ko_HGCgLUNypLM7cOIZvTO9Uhw-b
103,blues,1270030,C:\Yukawa\Lab\Dataset\MTG-Jamendo-9mapping\9genre_music200_cqt\blues\1270030\cqt.npy,C:\Yukawa\music-reco-Jamendo-2-public\audio\blues\1270030\1270030.mp3,1270030.mp3,10,5.0,0,13q1XmNVNo4EjrMHoLiFrNDdpIWZxBhpv
104,blues,1270033,C:\Yukawa\Lab\Dataset\MTG-Jamendo-9mapping\9genre_music200_cqt\blues\1270033\cqt.npy,C:\Yukawa\music-reco-Jamendo-2-public\audio\blues\1270033\1270033.mp3,1270033.mp3,10,5.0,0,1D4hNMACwrzZY8QKB4ZjohoOPcNLEZ7gm
105,blues,1270035,C:\Yukawa\Lab\Dataset\MTG-Jamendo-9mapping\9genre_music200_cqt\blues\1270035\cqt.npy,C:\Yukawa\music-reco-Jamendo-2-public\audio\blues\1270035\1270035.mp3,1270035.mp3,10,5.0,0,1j66qOa78r2ZWJsMJFrnoFrgOFU8BFo9w
106,blues,1270588,C:\Yukawa\Lab\Dataset\MTG-Jamendo-9mapping\9genre_music200_cqt\blues\1270588\cqt.npy,C:\Yukawa\music-reco-Jamendo-2-public\audio\blues\1270588\1270588.mp3,1270588.mp3,10,5.0,0,1mYxE6viyEvBW_v8DYxl6HqZ76WgKVmbP
107,blues,1274237,C:\Yukawa\Lab\Dataset\MTG-Jamendo-9mapping\9genre_music200_cqt\blues\1274237\cqt.npy,C:\Yukawa\music-reco-Jamendo-2-public\audio\blues\1274237\1274237.mp3,1274237.mp3,10,5.0,0,1xfQ5aWwuZis1T0HWZaq0GUTbAPJJW8Wn
108,blues,1274298,C:\Yukawa\Lab\Dataset\MTG-Jamendo-9mapping\9genre_music200_cqt\blues\1274298\cqt.npy,C:\Yukawa\music-reco-Jamendo-2-public\audio\blues\1274298\1274298.mp3,1274298.mp3,10,5.0,0,1vHSoB9H-iBIFWYfweCiczC9tQWrrPC4_
109,blues,1274299,C:\Yukawa\Lab\Dataset\MTG-Jamendo-9mapping\9genre_music200_cqt\blues\1274299\cqt.npy,C:\Yukawa\music-reco-Jamendo-2-public\audio\blues\1274299\1274299.mp3,1274299.mp3,10,5.0,0,1IwyOPiZDOZBdRA7eyyRtl_mVt7E0BLyp
110,blues,1276516,C:\Yukawa\Lab\Dataset\MTG-Jamendo-9mapping\9genre_music200_cqt\blues\1276516\cqt.npy,C:\Yukawa\music-reco-Jamendo-2-public\audio\blues\1276516\1276516.mp3,1276516.mp3,10,5.0,0,14MVAiHUDF17Uy2oHMc1eSrasIlKmYVIO
111,blues,1277995,C:\Yukawa\Lab\Dataset\MTG-Jamendo-9mapping\9genre_music200_cqt\blues\1277995\cqt.npy,C:\Yukawa\music-reco-Jamendo-2-public\audio\blues\1277995\1277995.mp3,1277995.mp3,10,5.0,0,1xcuN8lc3mb4Vq3g4bHZg3RvU1p3QOzRm
112,blues,1283374,C:\Yukawa\Lab\Dataset\MTG-Jamendo-9mapping\9genre_music200_cqt\blues\1283374\cqt.npy,C:\Yukawa\music-reco-Jamendo-2-public\audio\blues\1283374\1283374.mp3,1283374.mp3,10,5.0,0,1ufI-Ac0ZXO93qFtwfZvKP4JgpOPr32SU
113,blues,1283375,C:\Yukawa\Lab\Dataset\MTG-Jamendo-9mapping\9genre_music200_cqt\blues\1283375\cqt.npy,C:\Yukawa\music-reco-Jamendo-2-public\audio\blues\1283375\1283375.mp3,1283375.mp3,10,5.0,0,1UuiTzI7WmbnoJCK38y4JYUOU8q05SHUf
114,blues,1283376,C:\Yukawa\Lab\Dataset\MTG-Jamendo-9mapping\9genre_music200_cqt\blues\1283376\cqt.npy,C:\Yukawa\music-reco-Jamendo-2-public\audio\blues\1283376\1283376.mp3,1283376.mp3,10,5.0,0,13nVlskBg28cCYfOOZZESeM3tC-Wvo4iE
115,blues,1288416,C:\Yukawa\Lab\Dataset\MTG-Jamendo-9mapping\9genre_music200_cqt\blues\1288416\cqt.npy,C:\Yukawa\music-reco-Jamendo-2-public\audio\blues\1288416\1288416.mp3,1288416.mp3,10,5.0,0,16E5q1xyQLJYus8Dx2BKh5EjVSUhvSh18
116,blues,1290636,C:\Yukawa\Lab\Dataset\MTG-Jamendo-9mapping\9genre_music200_cqt\blues\1290636\cqt.npy,C:\Yukawa\music-reco-Jamendo-2-public\audio\blues\1290636\1290636.mp3,1290636.mp3,10,5.0,0,1_SeSDrQbAN2bZoy-CUz4zd_2wQzArxfi
117,blues,1290639,C:\Yukawa\Lab\Dataset\MTG-Jamendo-9mapping\9genre_music200_cqt\blues\1290639\cqt.npy,C:\Yukawa\music-reco-Jamendo-2-public\audio\blues\1290639\1290639.mp3,1290639.mp3,10,5.0,0,1zNmr2PyjkFB_vaEQarMI50-ygXQN1_zo
118,blues,1291481,C:\Yukawa\Lab\Dataset\MTG-Jamendo-9mapping\9genre_music200_cqt\blues\1291481\cqt.npy,C:\Yukawa\music-reco-Jamendo-2-public\audio\blues\1291481\1291481.mp3,1291481.mp3,10,5.0,0,1m5yfdL_iLdjXW2rBf3nbiQ84kZxHPmCZ
119,blues,1297157,C:\Yukawa\Lab\Dataset\MTG-Jamendo-9mapping\9genre_music200_cqt\blues\1297157\cqt.npy,C:\Yukawa\music-reco-Jamendo-2-public\audio\blues\1297157\1297157.mp3,1297157.mp3,10,5.0,0,1Et8SKOJp9bdC9xg8T0vlF06U7XtgEVTu
120,blues,1297158,C:\Yukawa\Lab\Dataset\MTG-Jamendo-9mapping\9genre_music200_cqt\blues\1297158\cqt.npy,C:\Yukawa\music-reco-Jamendo-2-public\audio\blues\1297158\1297158.mp3,1297158.mp3,10,5.0,0,1vrr7-53oAd6cpIbCJDhcuoCCuEd0HMdH
121,blues,1297159,C:\Yukawa\Lab\Dataset\MTG-Jamendo-9mapping\9genre_music200_cqt\blues\1297159\cqt.npy,C:\Yukawa\music-reco-Jamendo-2-public\audio\blues\1297159\1297159.mp3,1297159.mp3,10,5.0,0,1M4KLq958AOD2yE6JldpSpifvKJV1J9cD
122,blues,1297161,C:\Yukawa\Lab\Dataset\MTG-Jamendo-9mapping\9genre_music200_cqt\blues\1297161\cqt.npy,C:\Yukawa\music-reco-Jamendo-2-public\audio\blues\1297161\1297161.mp3,1297161.mp3,10,5.0,0,1xnTNCj3UBnmOYfPWg22GNIQrr91ZEoxC
123,blues,1297162,C:\Yukawa\Lab\Dataset\MTG-Jamendo-9mapping\9genre_music200_cqt\blues\1297162\cqt.npy,C:\Yukawa\music-reco-Jamendo-2-public\audio\blues\1297162\1297162.mp3,1297162.mp3,10,5.0,0,1EGICF9POwGNKk854emftYWjXyIRRNdWJ
124,blues,1297163,C:\Yukawa\Lab\Dataset\MTG-Jamendo-9mapping\9genre_music200_cqt\blues\1297163\cqt.npy,C:\Yukawa\music-reco-Jamendo-2-public\audio\blues\1297163\1297163.mp3,1297163.mp3,10,5.0,0,1LA53bi_DhNUXY9PPuLPO0xJbt0ADTKCc
125,blues,1297164,C:\Yukawa\Lab\Dataset\MTG-Jamendo-9mapping\9genre_music200_cqt\blues\1297164\cqt.npy,C:\Yukawa\music-reco-Jamendo-2-public\audio\blues\1297164\1297164.mp3,1297164.mp3,10,5.0,0,1hQWiuukbr1IypzAgivB6dnrwd9N0fE-0
126,blues,1297165,C:\Yukawa\Lab\Dataset\MTG-Jamendo-9mapping\9genre_music200_cqt\blues\1297165\cqt.npy,C:\Yukawa\music-reco-Jamendo-2-public\audio\blues\1297165\1297165.mp3,1297165.mp3,10,5.0,0,1kSq7prKuw9ekvmdTtbnBZq_VswVNs4eg
127,blues,1299632,C:\Yukawa\Lab\Dataset\MTG-Jamendo-9mapping\9genre_music200_cqt\blues\1299632\cqt.npy,C:\Yukawa\music-reco-Jamendo-2-public\audio\blues\1299632\1299632.mp3,1299632.mp3,10,5.0,0,1gQhq8Z58EybWywniFkiY-PxjCsGVxthD
128,blues,1302998,C:\Yukawa\Lab\Dataset\MTG-Jamendo-9mapping\9genre_music200_cqt\blues\1302998\cqt.npy,C:\Yukawa\music-reco-Jamendo-2-public\audio\blues\1302998\1302998.mp3,1302998.mp3,10,5.0,0,1mJSjrmV7Gd-wn4cEY6WmDfBeCTs7xs__
129,blues,1311439,C:\Yukawa\Lab\Dataset\MTG-Jamendo-9mapping\9genre_music200_cqt\blues\1311439\cqt.npy,C:\Yukawa\music-reco-Jamendo-2-public\audio\blues\1311439\1311439.mp3,1311439.mp3,10,5.0,0,1HPPGSc5xrTldY_0Lw3-jiXvg1ALFHx7C
130,blues,1312125,C:\Yukawa\Lab\Dataset\MTG-Jamendo-9mapping\9genre_music200_cqt\blues\1312125\cqt.npy,C:\Yukawa\music-reco-Jamendo-2-public\audio\blues\1312125\1312125.mp3,1312125.mp3,10,5.0,0,1ZgnknWRMR_Tk94s_6ogMwurAl70By4y2
131,blues,1315837,C:\Yukawa\Lab\Dataset\MTG-Jamendo-9mapping\9genre_music200_cqt\blues\1315837\cqt.npy,C:\Yukawa\music-reco-Jamendo-2-public\audio\blues\1315837\1315837.mp3,1315837.mp3,10,5.0,0,1Y9doBqHAKkPYWAzqGo0ndUVN5XQh_fUw
132,blues,1315841,C:\Yukawa\Lab\Dataset\MTG-Jamendo-9mapping\9genre_music200_cqt\blues\1315841\cqt.npy,C:\Yukawa\music-reco-Jamendo-2-public\audio\blues\1315841\1315841.mp3,1315841.mp3,10,5.0,0,1EnLhI2n3t8XCRrRJIqcWBhd3zC-h-wrx
133,blues,1319573,C:\Yukawa\Lab\Dataset\MTG-Jamendo-9mapping\9genre_music200_cqt\blues\1319573\cqt.npy,C:\Yukawa\music-reco-Jamendo-2-public\audio\blues\1319573\1319573.mp3,1319573.mp3,10,5.0,0,18e_S41bfog1P5E2Z8AejdL73ytTb4N7N
134,blues,1319842,C:\Yukawa\Lab\Dataset\MTG-Jamendo-9mapping\9genre_music200_cqt\blues\1319842\cqt.npy,C:\Yukawa\music-reco-Jamendo-2-public\audio\blues\1319842\1319842.mp3,1319842.mp3,10,5.0,0,1PTGnz9vAcvrREyslD3xiwGecBXXepptZ
135,blues,1320933,C:\Yukawa\Lab\Dataset\MTG-Jamendo-9mapping\9genre_music200_cqt\blues\1320933\cqt.npy,C:\Yukawa\music-reco-Jamendo-2-public\audio\blues\1320933\1320933.mp3,1320933.mp3,10,5.0,0,1fMnEAOnygSuwkCUUGwCPXnLlJmMM-KWF
136,blues,1320934,C:\Yukawa\Lab\Dataset\MTG-Jamendo-9mapping\9genre_music200_cqt\blues\1320934\cqt.npy,C:\Yukawa\music-reco-Jamendo-2-public\audio\blues\1320934\1320934.mp3,1320934.mp3,10,5.0,0,1YIqa2wIv7hosRMEl4HQ1qNBKMP0XTNtU
137,blues,1320939,C:\Yukawa\Lab\Dataset\MTG-Jamendo-9mapping\9genre_music200_cqt\blues\1320939\cqt.npy,C:\Yukawa\music-reco-Jamendo-2-public\audio\blues\1320939\1320939.mp3,1320939.mp3,10,5.0,0,13YexaU2HVFFcYrqIFsjEowKLe3lcYoXP
138,blues,1320940,C:\Yukawa\Lab\Dataset\MTG-Jamendo-9mapping\9genre_music200_cqt\blues\1320940\cqt.npy,C:\Yukawa\music-reco-Jamendo-2-public\audio\blues\1320940\1320940.mp3,1320940.mp3,10,5.0,0,1VSKUpZ1bfV3s4bzYEphSfyiTXI9BqmSe
139,blues,1320941,C:\Yukawa\Lab\Dataset\MTG-Jamendo-9mapping\9genre_music200_cqt\blues\1320941\cqt.npy,C:\Yukawa\music-reco-Jamendo-2-public\audio\blues\1320941\1320941.mp3,1320941.mp3,10,5.0,0,10Dvz0lpo3DuAckdMRyXb_BWB0SMCakTu
140,blues,1320949,C:\Yukawa\Lab\Dataset\MTG-Jamendo-9mapping\9genre_music200_cqt\blues\1320949\cqt.npy,C:\Yukawa\music-reco-Jamendo-2-public\audio\blues\1320949\1320949.mp3,1320949.mp3,10,5.0,0,14peOdmQDmsPDpD4T0sv7wv2ucL3h_dAC
141,blues,1320950,C:\Yukawa\Lab\Dataset\MTG-Jamendo-9mapping\9genre_music200_cqt\blues\1320950\cqt.npy,C:\Yukawa\music-reco-Jamendo-2-public\audio\blues\1320950\1320950.mp3,1320950.mp3,10,5.0,0,1VpkOjpx6TT16_DFeqbkG0mpToqy7yE1K
142,blues,1320951,C:\Yukawa\Lab\Dataset\MTG-Jamendo-9mapping\9genre_music200_cqt\blues\1320951\cqt.npy,C:\Yukawa\music-reco-Jamendo-2-public\audio\blues\1320951\1320951.mp3,1320951.mp3,10,5.0,0,1YmPSwdoJAaN20paVex-2e_HVXaodTJbm
143,blues,1320952,C:\Yukawa\Lab\Dataset\MTG-Jamendo-9mapping\9genre_music200_cqt\blues\1320952\cqt.npy,C:\Yukawa\music-reco-Jamendo-2-public\audio\blues\1320952\1320952.mp3,1320952.mp3,10,5.0,0,1P-_8A1QvTURxeE_CDfF4CVTwIgQeW_lW
144,blues,1320954,C:\Yukawa\Lab\Dataset\MTG-Jamendo-9mapping\9genre_music200_cqt\blues\1320954\cqt.npy,C:\Yukawa\music-reco-Jamendo-2-public\audio\blues\1320954\1320954.mp3,1320954.mp3,10,5.0,0,13m9jiglQilqPfLJcMgaDGEEfePPdjofB
145,blues,1320955,C:\Yukawa\Lab\Dataset\MTG-Jamendo-9mapping\9genre_music200_cqt\blues\1320955\cqt.npy,C:\Yukawa\music-reco-Jamendo-2-public\audio\blues\1320955\1320955.mp3,1320955.mp3,10,5.0,0,1UvZpcjQeQPRxkuLX_3jb4BrpwbhUWcfV
146,blues,1320959,C:\Yukawa\Lab\Dataset\MTG-Jamendo-9mapping\9genre_music200_cqt\blues\1320959\cqt.npy,C:\Yukawa\music-reco-Jamendo-2-public\audio\blues\1320959\1320959.mp3,1320959.mp3,10,5.0,0,1aIiZbUeDs-rVD7iHXQGDjm0GJL1UzoII
147,blues,1320966,C:\Yukawa\Lab\Dataset\MTG-Jamendo-9mapping\9genre_music200_cqt\blues\1320966\cqt.npy,C:\Yukawa\music-reco-Jamendo-2-public\audio\blues\1320966\1320966.mp3,1320966.mp3,10,5.0,0,1guw8yunz861BYyeCSm8GAO9fvSdrVhp_
148,blues,1320975,C:\Yukawa\Lab\Dataset\MTG-Jamendo-9mapping\9genre_music200_cqt\blues\1320975\cqt.npy,C:\Yukawa\music-reco-Jamendo-2-public\audio\blues\1320975\1320975.mp3,1320975.mp3,10,5.0,0,1Lx-KWbURG0PA86WOlnnOsl8RVq_ZuGyl
149,blues,1321265,C:\Yukawa\Lab\Dataset\MTG-Jamendo-9mapping\9genre_music200_cqt\blues\1321265\cqt.npy,C:\Yukawa\music-reco-Jamendo-2-public\audio\blues\1321265\1321265.mp3,1321265.mp3,10,5.0,0,1m3gBd9tDCecH8vKydF6_nmSEbN_SEZna
150,blues,1321279,C:\Yukawa\Lab\Dataset\MTG-Jamendo-9mapping\9genre_music200_cqt\blues\1321279\cqt.npy,C:\Yukawa\music-reco-Jamendo-2-public\audio\blues\1321279\1321279.mp3,1321279.mp3,10,5.0,0,1690A4hKqP5neJSZm_cGF7QjdMpLEjQ8P
151,blues,1324637,C:\Yukawa\Lab\Dataset\MTG-Jamendo-9mapping\9genre_music200_cqt\blues\1324637\cqt.npy,C:\Yukawa\music-reco-Jamendo-2-public\audio\blues\1324637\1324637.mp3,1324637.mp3,10,5.0,0,1hX9x9zqTgC7blfLIIkUBybYr_RMud9OG
152,blues,1325280,C:\Yukawa\Lab\Dataset\MTG-Jamendo-9mapping\9genre_music200_cqt\blues\1325280\cqt.npy,C:\Yukawa\music-reco-Jamendo-2-public\audio\blues\1325280\1325280.mp3,1325280.mp3,10,5.0,0,1_S6zcSQ6P4oEuBLBkKP2T1kzxU_gEYG9
153,blues,1326646,C:\Yukawa\Lab\Dataset\MTG-Jamendo-9mapping\9genre_music200_cqt\blues\1326646\cqt.npy,C:\Yukawa\music-reco-Jamendo-2-public\audio\blues\1326646\1326646.mp3,1326646.mp3,10,5.0,0,1D1lg-XwDql2x7Q4TVVCdxjdL3Ls716j5
154,blues,1326647,C:\Yukawa\Lab\Dataset\MTG-Jamendo-9mapping\9genre_music200_cqt\blues\1326647\cqt.npy,C:\Yukawa\music-reco-Jamendo-2-public\audio\blues\1326647\1326647.mp3,1326647.mp3,10,5.0,0,1AJliOjiQpiraiaFeMx2bbRZSbwrdAH8U
155,blues,1326649,C:\Yukawa\Lab\Dataset\MTG-Jamendo-9mapping\9genre_music200_cqt\blues\1326649\cqt.npy,C:\Yukawa\music-reco-Jamendo-2-public\audio\blues\1326649\1326649.mp3,1326649.mp3,10,5.0,0,1DlLL6bYMaZdMN2xmOjxTkBlzIAAfVpe3
156,blues,1326654,C:\Yukawa\Lab\Dataset\MTG-Jamendo-9mapping\9genre_music200_cqt\blues\1326654\cqt.npy,C:\Yukawa\music-reco-Jamendo-2-public\audio\blues\1326654\1326654.mp3,1326654.mp3,10,5.0,0,18Ng8UCT8501ZBzfOEJbcyCOenczLhWJK
157,blues,1326655,C:\Yukawa\Lab\Dataset\MTG-Jamendo-9mapping\9genre_music200_cqt\blues\1326655\cqt.npy,C:\Yukawa\music-reco-Jamendo-2-public\audio\blues\1326655\1326655.mp3,1326655.mp3,10,5.0,0,186LlHu4ZxI_CyHDu3oIKEPS8E4Ng9Wav
158,blues,1327296,C:\Yukawa\Lab\Dataset\MTG-Jamendo-9mapping\9genre_music200_cqt\blues\1327296\cqt.npy,C:\Yukawa\music-reco-Jamendo-2-public\audio\blues\1327296\1327296.mp3,1327296.mp3,10,5.0,0,1h7mlVTf4NQmXcIIwgnaHCFCkDl2qDWEA
159,blues,1329829,C:\Yukawa\Lab\Dataset\MTG-Jamendo-9mapping\9genre_music200_cqt\blues\1329829\cqt.npy,C:\Yukawa\music-reco-Jamendo-2-public\audio\blues\1329829\1329829.mp3,1329829.mp3,10,5.0,0,1Y6bFmZFuqAfusgX9ZaN62p-bS-p983Vn
160,blues,1339823,C:\Yukawa\Lab\Dataset\MTG-Jamendo-9mapping\9genre_music200_cqt\blues\1339823\cqt.npy,C:\Yukawa\music-reco-Jamendo-2-public\audio\blues\1339823\1339823.mp3,1339823.mp3,10,5.0,0,1pnDjyJ9e9qz4rM0uBeeLEbyPX0VZkPEJ
161,blues,1339832,C:\Yukawa\Lab\Dataset\MTG-Jamendo-9mapping\9genre_music200_cqt\blues\1339832\cqt.npy,C:\Yukawa\music-reco-Jamendo-2-public\audio\blues\1339832\1339832.mp3,1339832.mp3,10,5.0,0,1smGvZHynxzAU5UFNnjz_SJvwWp5WOvG9
162,blues,1339995,C:\Yukawa\Lab\Dataset\MTG-Jamendo-9mapping\9genre_music200_cqt\blues\1339995\cqt.npy,C:\Yukawa\music-reco-Jamendo-2-public\audio\blues\1339995\1339995.mp3,1339995.mp3,10,5.0,0,1K_JNDS2fAsMPGS2VVUx6BOWpmtJhM2iz
163,blues,1339997,C:\Yukawa\Lab\Dataset\MTG-Jamendo-9mapping\9genre_music200_cqt\blues\1339997\cqt.npy,C:\Yukawa\music-reco-Jamendo-2-public\audio\blues\1339997\1339997.mp3,1339997.mp3,10,5.0,0,15rZUk9bNFYbq1Mr5NbiINtCDUt1ND40f
164,blues,1339998,C:\Yukawa\Lab\Dataset\MTG-Jamendo-9mapping\9genre_music200_cqt\blues\1339998\cqt.npy,C:\Yukawa\music-reco-Jamendo-2-public\audio\blues\1339998\1339998.mp3,1339998.mp3,10,5.0,0,1CJumqqBuJrUBjJ-3WOSMvQWK0idL_6Rv
165,blues,1339999,C:\Yukawa\Lab\Dataset\MTG-Jamendo-9mapping\9genre_music200_cqt\blues\1339999\cqt.npy,C:\Yukawa\music-reco-Jamendo-2-public\audio\blues\1339999\1339999.mp3,1339999.mp3,10,5.0,0,1R8Fnm7WZSuVzvEbmUHv8g7523lNwlYDJ
166,blues,1345884,C:\Yukawa\Lab\Dataset\MTG-Jamendo-9mapping\9genre_music200_cqt\blues\1345884\cqt.npy,C:\Yukawa\music-reco-Jamendo-2-public\audio\blues\1345884\1345884.mp3,1345884.mp3,10,5.0,0,11OYhg1ASbm4JiMWioYwewRAeyzDL9FnL
167,blues,1347390,C:\Yukawa\Lab\Dataset\MTG-Jamendo-9mapping\9genre_music200_cqt\blues\1347390\cqt.npy,C:\Yukawa\music-reco-Jamendo-2-public\audio\blues\1347390\1347390.mp3,1347390.mp3,10,5.0,0,1m_zt0GfUCz1sL1xUQv7yOVRU5I1MNqKS
168,blues,1353668,C:\Yukawa\Lab\Dataset\MTG-Jamendo-9mapping\9genre_music200_cqt\blues\1353668\cqt.npy,C:\Yukawa\music-reco-Jamendo-2-public\audio\blues\1353668\1353668.mp3,1353668.mp3,10,5.0,0,1yI_d30k7zgASGs2L36YwfkMnpo6uAFWt
169,blues,1354684,C:\Yukawa\Lab\Dataset\MTG-Jamendo-9mapping\9genre_music200_cqt\blues\1354684\cqt.npy,C:\Yukawa\music-reco-Jamendo-2-public\audio\blues\1354684\1354684.mp3,1354684.mp3,10,5.0,0,1020z0is5ZcLqkmwyzJ4DqigUIz4TKDad
170,blues,1354686,C:\Yukawa\Lab\Dataset\MTG-Jamendo-9mapping\9genre_music200_cqt\blues\1354686\cqt.npy,C:\Yukawa\music-reco-Jamendo-2-public\audio\blues\1354686\1354686.mp3,1354686.mp3,10,5.0,0,1ndz6WoUHPt9RLBCbeAvR4_e3oww8I1Rb
171,blues,1358818,C:\Yukawa\Lab\Dataset\MTG-Jamendo-9mapping\9genre_music200_cqt\blues\1358818\cqt.npy,C:\Yukawa\music-reco-Jamendo-2-public\audio\blues\1358818\1358818.mp3,1358818.mp3,10,5.0,0,132cn7l5Wc_6EK6EW1oScXlxyQ645HW9l
172,blues,1365356,C:\Yukawa\Lab\Dataset\MTG-Jamendo-9mapping\9genre_music200_cqt\blues\1365356\cqt.npy,C:\Yukawa\music-reco-Jamendo-2-public\audio\blues\1365356\1365356.mp3,1365356.mp3,10,5.0,0,1R5rvcRDCUyfeVCZR65mvYVIhGPRHkHOj
173,blues,1365362,C:\Yukawa\Lab\Dataset\MTG-Jamendo-9mapping\9genre_music200_cqt\blues\1365362\cqt.npy,C:\Yukawa\music-reco-Jamendo-2-public\audio\blues\1365362\1365362.mp3,1365362.mp3,10,5.0,0,1OtPBQJSXVthqRNQ13a2qBgf2zZZNB8U0
174,blues,1365364,C:\Yukawa\Lab\Dataset\MTG-Jamendo-9mapping\9genre_music200_cqt\blues\1365364\cqt.npy,C:\Yukawa\music-reco-Jamendo-2-public\audio\blues\1365364\1365364.mp3,1365364.mp3,10,5.0,0,1i35sJIlX0Z-UQjKDN4xXxN9M9KzmmL0x
175,blues,1365649,C:\Yukawa\Lab\Dataset\MTG-Jamendo-9mapping\9genre_music200_cqt\blues\1365649\cqt.npy,C:\Yukawa\music-reco-Jamendo-2-public\audio\blues\1365649\1365649.mp3,1365649.mp3,10,5.0,0,1h5pxknKIzKvrYv14O1-sIui14oHdHeBW
176,blues,1365990,C:\Yukawa\Lab\Dataset\MTG-Jamendo-9mapping\9genre_music200_cqt\blues\1365990\cqt.npy,C:\Yukawa\music-reco-Jamendo-2-public\audio\blues\1365990\1365990.mp3,1365990.mp3,10,5.0,0,1Kjm547kTyXzEtygkjmuKnJB5QTvpOksz
177,blues,1370175,C:\Yukawa\Lab\Dataset\MTG-Jamendo-9mapping\9genre_music200_cqt\blues\1370175\cqt.npy,C:\Yukawa\music-reco-Jamendo-2-public\audio\blues\1370175\1370175.mp3,1370175.mp3,10,5.0,0,1535XEvWi20NOKJsutjac_10ZvP9AWXIp
178,blues,1377080,C:\Yukawa\Lab\Dataset\MTG-Jamendo-9mapping\9genre_music200_cqt\blues\1377080\cqt.npy,C:\Yukawa\music-reco-Jamendo-2-public\audio\blues\1377080\1377080.mp3,1377080.mp3,10,5.0,0,1WmYEFZYXM-43FuL4RI7OmI9XxzA_7xYr
179,blues,1384010,C:\Yukawa\Lab\Dataset\MTG-Jamendo-9mapping\9genre_music200_cqt\blues\1384010\cqt.npy,C:\Yukawa\music-reco-Jamendo-2-public\audio\blues\1384010\1384010.mp3,1384010.mp3,10,5.0,0,1JfzYz2YlRUHZG1enDu2vkeJrJEMOKpnR
180,blues,1384026,C:\Yukawa\Lab\Dataset\MTG-Jamendo-9mapping\9genre_music200_cqt\blues\1384026\cqt.npy,C:\Yukawa\music-reco-Jamendo-2-public\audio\blues\1384026\1384026.mp3,1384026.mp3,10,5.0,0,1-zx9YTzGcE-XataoflCxrM5bAABPa7bP
181,blues,1384027,C:\Yukawa\Lab\Dataset\MTG-Jamendo-9mapping\9genre_music200_cqt\blues\1384027\cqt.npy,C:\Yukawa\music-reco-Jamendo-2-public\audio\blues\1384027\1384027.mp3,1384027.mp3,10,5.0,0,1bLYxpElNnwW9LByFKNbwgB60fvoIfhOw
182,blues,1384061,C:\Yukawa\Lab\Dataset\MTG-Jamendo-9mapping\9genre_music200_cqt\blues\1384061\cqt.npy,C:\Yukawa\music-reco-Jamendo-2-public\audio\blues\1384061\1384061.mp3,1384061.mp3,10,5.0,0,18ri_h1txS0A8P7r_h3wGmSFTsvZxbUhZ
183,blues,1384063,C:\Yukawa\Lab\Dataset\MTG-Jamendo-9mapping\9genre_music200_cqt\blues\1384063\cqt.npy,C:\Yukawa\music-reco-Jamendo-2-public\audio\blues\1384063\1384063.mp3,1384063.mp3,10,5.0,0,105jp7tubsPWi_kYrYFNsBnjzUjbqU7Gs
184,blues,1385554,C:\Yukawa\Lab\Dataset\MTG-Jamendo-9mapping\9genre_music200_cqt\blues\1385554\cqt.npy,C:\Yukawa\music-reco-Jamendo-2-public\audio\blues\1385554\1385554.mp3,1385554.mp3,10,5.0,0,1Mg_JcfNuQ1ogHrlTFcQd7yGzm1f0MAaH
185,blues,1385557,C:\Yukawa\Lab\Dataset\MTG-Jamendo-9mapping\9genre_music200_cqt\blues\1385557\cqt.npy,C:\Yukawa\music-reco-Jamendo-2-public\audio\blues\1385557\1385557.mp3,1385557.mp3,10,5.0,0,1rvL2m2U83iqCoODlD87yzgnwbe1nX-1f
186,blues,1397589,C:\Yukawa\Lab\Dataset\MTG-Jamendo-9mapping\9genre_music200_cqt\blues\1397589\cqt.npy,C:\Yukawa\music-reco-Jamendo-2-public\audio\blues\1397589\1397589.mp3,1397589.mp3,10,5.0,0,1d56a5PeptgO1rQ2WFpohHQ5gO2ERcuh-
187,blues,1399368,C:\Yukawa\Lab\Dataset\MTG-Jamendo-9mapping\9genre_music200_cqt\blues\1399368\cqt.npy,C:\Yukawa\music-reco-Jamendo-2-public\audio\blues\1399368\1399368.mp3,1399368.mp3,10,5.0,0,1zvuNeWwv0MVKG5NRn9amUpQVbmySUgAk
188,blues,1408734,C:\Yukawa\Lab\Dataset\MTG-Jamendo-9mapping\9genre_music200_cqt\blues\1408734\cqt.npy,C:\Yukawa\music-reco-Jamendo-2-public\audio\blues\1408734\1408734.mp3,1408734.mp3,10,5.0,0,11NEzP2IiffAwm4nqFinJrGrwTibE8vXZ
189,blues,1408737,C:\Yukawa\Lab\Dataset\MTG-Jamendo-9mapping\9genre_music200_cqt\blues\1408737\cqt.npy,C:\Yukawa\music-reco-Jamendo-2-public\audio\blues\1408737\1408737.mp3,1408737.mp3,10,5.0,0,1d7y3u8xJiloJeJUowFE7j-1ppfQmkWzz
190,blues,1408740,C:\Yukawa\Lab\Dataset\MTG-Jamendo-9mapping\9genre_music200_cqt\blues\1408740\cqt.npy,C:\Yukawa\music-reco-Jamendo-2-public\audio\blues\1408740\1408740.mp3,1408740.mp3,10,5.0,0,1fFKW9ZOw0DVeG-i3yu8UjuGB_v8Y1N76
191,blues,1408742,C:\Yukawa\Lab\Dataset\MTG-Jamendo-9mapping\9genre_music200_cqt\blues\1408742\cqt.npy,C:\Yukawa\music-reco-Jamendo-2-public\audio\blues\1408742\1408742.mp3,1408742.mp3,10,5.0,0,15rSHo_SZRiZuj8ytorUHjaCrUxvTJJFu
192,blues,1408991,C:\Yukawa\Lab\Dataset\MTG-Jamendo-9mapping\9genre_music200_cqt\blues\1408991\cqt.npy,C:\Yukawa\music-reco-Jamendo-2-public\audio\blues\1408991\1408991.mp3,1408991.mp3,10,5.0,0,1816bKZccUeK_Q34x8fujq6S8_f73XqYo
193,blues,1408993,C:\Yukawa\Lab\Dataset\MTG-Jamendo-9mapping\9genre_music200_cqt\blues\1408993\cqt.npy,C:\Yukawa\music-reco-Jamendo-2-public\audio\blues\1408993\1408993.mp3,1408993.mp3,10,5.0,0,1kdV8xDb7qtXpUFFTaslWzw6hDMWFUlPF
194,blues,1408995,C:\Yukawa\Lab\Dataset\MTG-Jamendo-9mapping\9genre_music200_cqt\blues\1408995\cqt.npy,C:\Yukawa\music-reco-Jamendo-2-public\audio\blues\1408995\1408995.mp3,1408995.mp3,10,5.0,0,16kFYwgseiG8ehx2oWNRfWV9hi7B7MsJM
195,blues,1412529,C:\Yukawa\Lab\Dataset\MTG-Jamendo-9mapping\9genre_music200_cqt\blues\1412529\cqt.npy,C:\Yukawa\music-reco-Jamendo-2-public\audio\blues\1412529\1412529.mp3,1412529.mp3,10,5.0,0,1d_uWsGh5pixEOhEY8KwrFU_6dmh_OR2A
196,blues,1412963,C:\Yukawa\Lab\Dataset\MTG-Jamendo-9mapping\9genre_music200_cqt\blues\1412963\cqt.npy,C:\Yukawa\music-reco-Jamendo-2-public\audio\blues\1412963\1412963.mp3,1412963.mp3,10,5.0,0,1eq3ynERU0NUyKYoPpP5V9lqJDphpcECM
197,blues,1413167,C:\Yukawa\Lab\Dataset\MTG-Jamendo-9mapping\9genre_music200_cqt\blues\1413167\cqt.npy,C:\Yukawa\music-reco-Jamendo-2-public\audio\blues\1413167\1413167.mp3,1413167.mp3,10,5.0,0,1Pn0wNVUnfJcXRZRlWU5KvI3wEFC3c-0j
198,blues,1417469,C:\Yukawa\Lab\Dataset\MTG-Jamendo-9mapping\9genre_music200_cqt\blues\1417469\cqt.npy,C:\Yukawa\music-reco-Jamendo-2-public\audio\blues\1417469\1417469.mp3,1417469.mp3,10,5.0,0,10R0PxmIQ3k7dVUUWpz5oBBsooPKk8lrL
199,blues,1417470,C:\Yukawa\Lab\Dataset\MTG-Jamendo-9mapping\9genre_music200_cqt\blues\1417470\cqt.npy,C:\Yukawa\music-reco-Jamendo-2-public\audio\blues\1417470\1417470.mp3,1417470.mp3,10,5.0,0,1stgmOsqH-ExEuZe9-clS0Mb2N_a_5a0M
200,classical,1001312,C:\Yukawa\Lab\Dataset\MTG-Jamendo-9mapping\9genre_music200_cqt\classical\1001312\cqt.npy,C:\Yukawa\music-reco-Jamendo-2-public\audio\classical\1001312\1001312.mp3,1001312.mp3,10,5.0,0,1KLbtTlT5o5n0t9E6SyJ30srkQjVwZg1x
201,classical,1001315,C:\Yukawa\Lab\Dataset\MTG-Jamendo-9mapping\9genre_music200_cqt\classical\1001315\cqt.npy,C:\Yukawa\music-reco-Jamendo-2-public\audio\classical\1001315\1001315.mp3,1001315.mp3,10,5.0,0,1xP4AdcSZA5g4hEkDnOdoSSveuglDwnog
202,classical,1009589,C:\Yukawa\Lab\Dataset\MTG-Jamendo-9mapping\9genre_music200_cqt\classical\1009589\cqt.npy,C:\Yukawa\music-reco-Jamendo-2-public\audio\classical\1009589\1009589.mp3,1009589.mp3,10,5.0,0,15cHv7kDh0S-VJL1CfCTfVosMbAPQ7YVX
203,classical,1011949,C:\Yukawa\Lab\Dataset\MTG-Jamendo-9mapping\9genre_music200_cqt\classical\1011949\cqt.npy,C:\Yukawa\music-reco-Jamendo-2-public\audio\classical\1011949\1011949.mp3,1011949.mp3,10,5.0,0,12IYiXtrwy_qyBWriM6qKgPjNZlO2bYUd
204,classical,1011952,C:\Yukawa\Lab\Dataset\MTG-Jamendo-9mapping\9genre_music200_cqt\classical\1011952\cqt.npy,C:\Yukawa\music-reco-Jamendo-2-public\audio\classical\1011952\1011952.mp3,1011952.mp3,10,5.0,0,1RFCaoQJNBwSCCRAUoNjqUHWLHNVCjb0D
205,classical,1012576,C:\Yukawa\Lab\Dataset\MTG-Jamendo-9mapping\9genre_music200_cqt\classical\1012576\cqt.npy,C:\Yukawa\music-reco-Jamendo-2-public\audio\classical\1012576\1012576.mp3,1012576.mp3,10,5.0,0,1JOxOrYTxxP5zgDwiU9CUCb39zj97s-mw
206,classical,1012642,C:\Yukawa\Lab\Dataset\MTG-Jamendo-9mapping\9genre_music200_cqt\classical\1012642\cqt.npy,C:\Yukawa\music-reco-Jamendo-2-public\audio\classical\1012642\1012642.mp3,1012642.mp3,10,5.0,0,1O7__dWYg-x3i6aYmwvV_sNXoKdwjl3bR
207,classical,1012644,C:\Yukawa\Lab\Dataset\MTG-Jamendo-9mapping\9genre_music200_cqt\classical\1012644\cqt.npy,C:\Yukawa\music-reco-Jamendo-2-public\audio\classical\1012644\1012644.mp3,1012644.mp3,10,5.0,0,1KRtLQY5jmpyTC6cxS6_39TEQYqW0WBXd
208,classical,1027918,C:\Yukawa\Lab\Dataset\MTG-Jamendo-9mapping\9genre_music200_cqt\classical\1027918\cqt.npy,C:\Yukawa\music-reco-Jamendo-2-public\audio\classical\1027918\1027918.mp3,1027918.mp3,10,5.0,0,1FBosLFPkEsqELy--nN7vacY64r07nG3o
209,classical,1027920,C:\Yukawa\Lab\Dataset\MTG-Jamendo-9mapping\9genre_music200_cqt\classical\1027920\cqt.npy,C:\Yukawa\music-reco-Jamendo-2-public\audio\classical\1027920\1027920.mp3,1027920.mp3,10,5.0,0,1gv1TL5bZt4zesIgTyoc9gyrVsD2w4109
210,classical,1027925,C:\Yukawa\Lab\Dataset\MTG-Jamendo-9mapping\9genre_music200_cqt\classical\1027925\cqt.npy,C:\Yukawa\music-reco-Jamendo-2-public\audio\classical\1027925\1027925.mp3,1027925.mp3,10,5.0,0,1V6AZYbSmyAbi9QrWa99gkmdwmsmJUb08
211,classical,1027926,C:\Yukawa\Lab\Dataset\MTG-Jamendo-9mapping\9genre_music200_cqt\classical\1027926\cqt.npy,C:\Yukawa\music-reco-Jamendo-2-public\audio\classical\1027926\1027926.mp3,1027926.mp3,10,5.0,0,1xoZPZ1jGniSgogzUV8JJc88FOf4L_auk
212,classical,1027927,C:\Yukawa\Lab\Dataset\MTG-Jamendo-9mapping\9genre_music200_cqt\classical\1027927\cqt.npy,C:\Yukawa\music-reco-Jamendo-2-public\audio\classical\1027927\1027927.mp3,1027927.mp3,10,5.0,0,1Q3Z2hMJ8Vrl-MuCNZ54QJ_CGzrlFGh3S
213,classical,1027928,C:\Yukawa\Lab\Dataset\MTG-Jamendo-9mapping\9genre_music200_cqt\classical\1027928\cqt.npy,C:\Yukawa\music-reco-Jamendo-2-public\audio\classical\1027928\1027928.mp3,1027928.mp3,10,5.0,0,1Xr1Ox4aef4UI-gH7I6JdOqAgeFtvFV3E
214,classical,1030383,C:\Yukawa\Lab\Dataset\MTG-Jamendo-9mapping\9genre_music200_cqt\classical\1030383\cqt.npy,C:\Yukawa\music-reco-Jamendo-2-public\audio\classical\1030383\1030383.mp3,1030383.mp3,10,5.0,0,1QsirIkPF9bVa1_fSXk8aJsb0GpMAEeJQ
215,classical,1043815,C:\Yukawa\Lab\Dataset\MTG-Jamendo-9mapping\9genre_music200_cqt\classical\1043815\cqt.npy,C:\Yukawa\music-reco-Jamendo-2-public\audio\classical\1043815\1043815.mp3,1043815.mp3,10,5.0,0,1cD9Xt0WqHXuWLVWNZKNs6OV6HGvIztMT
216,classical,1050796,C:\Yukawa\Lab\Dataset\MTG-Jamendo-9mapping\9genre_music200_cqt\classical\1050796\cqt.npy,C:\Yukawa\music-reco-Jamendo-2-public\audio\classical\1050796\1050796.mp3,1050796.mp3,10,5.0,0,1OA19rXzoK-l89zJCdxgOo-ENE24YbFeZ
217,classical,1077940,C:\Yukawa\Lab\Dataset\MTG-Jamendo-9mapping\9genre_music200_cqt\classical\1077940\cqt.npy,C:\Yukawa\music-reco-Jamendo-2-public\audio\classical\1077940\1077940.mp3,1077940.mp3,10,5.0,0,1nbK3oOPk32P4vgYaNTurK5PIWFYwhYOQ
218,classical,1077941,C:\Yukawa\Lab\Dataset\MTG-Jamendo-9mapping\9genre_music200_cqt\classical\1077941\cqt.npy,C:\Yukawa\music-reco-Jamendo-2-public\audio\classical\1077941\1077941.mp3,1077941.mp3,10,5.0,0,1PT9dFvSF3i5MAY99cYUKa-ZYGzBVkGuP
219,classical,1077945,C:\Yukawa\Lab\Dataset\MTG-Jamendo-9mapping\9genre_music200_cqt\classical\1077945\cqt.npy,C:\Yukawa\music-reco-Jamendo-2-public\audio\classical\1077945\1077945.mp3,1077945.mp3,10,5.0,0,1g36izcNcTOpqU7zYySFWhFprklyOtz8B
220,classical,1077953,C:\Yukawa\Lab\Dataset\MTG-Jamendo-9mapping\9genre_music200_cqt\classical\1077953\cqt.npy,C:\Yukawa\music-reco-Jamendo-2-public\audio\classical\1077953\1077953.mp3,1077953.mp3,10,5.0,0,1q_4C9kL3VFqxF143rEDj0tK9M__8XfeD
221,classical,1077954,C:\Yukawa\Lab\Dataset\MTG-Jamendo-9mapping\9genre_music200_cqt\classical\1077954\cqt.npy,C:\Yukawa\music-reco-Jamendo-2-public\audio\classical\1077954\1077954.mp3,1077954.mp3,10,5.0,0,1d2k-P2kDBIUXHBRUyxm22nQ3qcqDrGrm
222,classical,1077956,C:\Yukawa\Lab\Dataset\MTG-Jamendo-9mapping\9genre_music200_cqt\classical\1077956\cqt.npy,C:\Yukawa\music-reco-Jamendo-2-public\audio\classical\1077956\1077956.mp3,1077956.mp3,10,5.0,0,1cSa4z6xEb7XpBgXAD_2slffkgzP-5bnV
223,classical,1079382,C:\Yukawa\Lab\Dataset\MTG-Jamendo-9mapping\9genre_music200_cqt\classical\1079382\cqt.npy,C:\Yukawa\music-reco-Jamendo-2-public\audio\classical\1079382\1079382.mp3,1079382.mp3,10,5.0,0,1aHZHmLTQiFG5N3dH8I6JtRoqy45rkz2D
224,classical,1079384,C:\Yukawa\Lab\Dataset\MTG-Jamendo-9mapping\9genre_music200_cqt\classical\1079384\cqt.npy,C:\Yukawa\music-reco-Jamendo-2-public\audio\classical\1079384\1079384.mp3,1079384.mp3,10,5.0,0,1qbfmFnN27Gb-hwvMYfFqcsTqzE8oc3gY
225,classical,1079385,C:\Yukawa\Lab\Dataset\MTG-Jamendo-9mapping\9genre_music200_cqt\classical\1079385\cqt.npy,C:\Yukawa\music-reco-Jamendo-2-public\audio\classical\1079385\1079385.mp3,1079385.mp3,10,5.0,0,16dAsWG7pxqaKKtjXaAPHZwoXKpy3yWGJ
226,classical,1079386,C:\Yukawa\Lab\Dataset\MTG-Jamendo-9mapping\9genre_music200_cqt\classical\1079386\cqt.npy,C:\Yukawa\music-reco-Jamendo-2-public\audio\classical\1079386\1079386.mp3,1079386.mp3,10,5.0,0,1HOLRH9WN0XoG82eUVruvMARX3OlWQe6x
227,classical,1079389,C:\Yukawa\Lab\Dataset\MTG-Jamendo-9mapping\9genre_music200_cqt\classical\1079389\cqt.npy,C:\Yukawa\music-reco-Jamendo-2-public\audio\classical\1079389\1079389.mp3,1079389.mp3,10,5.0,0,1DaN8sOUScxXUfO800gfkJ9v4TkxB6Ta-
228,classical,1079391,C:\Yukawa\Lab\Dataset\MTG-Jamendo-9mapping\9genre_music200_cqt\classical\1079391\cqt.npy,C:\Yukawa\music-reco-Jamendo-2-public\audio\classical\1079391\1079391.mp3,1079391.mp3,10,5.0,0,13hVb-gvEtaErl8a80WJ199VEra7q4d0m
229,classical,1079394,C:\Yukawa\Lab\Dataset\MTG-Jamendo-9mapping\9genre_music200_cqt\classical\1079394\cqt.npy,C:\Yukawa\music-reco-Jamendo-2-public\audio\classical\1079394\1079394.mp3,1079394.mp3,10,5.0,0,1s01OO3SRoc7RWg3hhRfWR6UAxUyB1zZT
230,classical,1079398,C:\Yukawa\Lab\Dataset\MTG-Jamendo-9mapping\9genre_music200_cqt\classical\1079398\cqt.npy,C:\Yukawa\music-reco-Jamendo-2-public\audio\classical\1079398\1079398.mp3,1079398.mp3,10,5.0,0,1aSyhjSUXQ6_do6i7pKB357mQy4xYCtZA
231,classical,1084374,C:\Yukawa\Lab\Dataset\MTG-Jamendo-9mapping\9genre_music200_cqt\classical\1084374\cqt.npy,C:\Yukawa\music-reco-Jamendo-2-public\audio\classical\1084374\1084374.mp3,1084374.mp3,10,5.0,0,19N844oCWli6vkz1Zbr7TNY2KY2f3Ol75
232,classical,1095820,C:\Yukawa\Lab\Dataset\MTG-Jamendo-9mapping\9genre_music200_cqt\classical\1095820\cqt.npy,C:\Yukawa\music-reco-Jamendo-2-public\audio\classical\1095820\1095820.mp3,1095820.mp3,10,5.0,0,1E-atZdDD4MZDBheaYf4q9F7paSu-RJiN
233,classical,1123286,C:\Yukawa\Lab\Dataset\MTG-Jamendo-9mapping\9genre_music200_cqt\classical\1123286\cqt.npy,C:\Yukawa\music-reco-Jamendo-2-public\audio\classical\1123286\1123286.mp3,1123286.mp3,10,5.0,0,1elAiO-9BRJRxDVBdweaXtg8b_v7U725p
234,classical,1123287,C:\Yukawa\Lab\Dataset\MTG-Jamendo-9mapping\9genre_music200_cqt\classical\1123287\cqt.npy,C:\Yukawa\music-reco-Jamendo-2-public\audio\classical\1123287\1123287.mp3,1123287.mp3,10,5.0,0,1p92wB2bFUKKmeGz_WXmyM_4f0GBb9_OT
235,classical,1123288,C:\Yukawa\Lab\Dataset\MTG-Jamendo-9mapping\9genre_music200_cqt\classical\1123288\cqt.npy,C:\Yukawa\music-reco-Jamendo-2-public\audio\classical\1123288\1123288.mp3,1123288.mp3,10,5.0,0,1nCcnjv2BogIAvXniGVvzhEOfeIRG71oA
236,classical,1123289,C:\Yukawa\Lab\Dataset\MTG-Jamendo-9mapping\9genre_music200_cqt\classical\1123289\cqt.npy,C:\Yukawa\music-reco-Jamendo-2-public\audio\classical\1123289\1123289.mp3,1123289.mp3,10,5.0,0,1MOUMR_IaB9FpLb-OX-cl8UZoDQZ3UiW2
237,classical,1123290,C:\Yukawa\Lab\Dataset\MTG-Jamendo-9mapping\9genre_music200_cqt\classical\1123290\cqt.npy,C:\Yukawa\music-reco-Jamendo-2-public\audio\classical\1123290\1123290.mp3,1123290.mp3,10,5.0,0,1Ph8cZeKw7uzlB23m5a_tu-j4klvuXDws
238,classical,1123291,C:\Yukawa\Lab\Dataset\MTG-Jamendo-9mapping\9genre_music200_cqt\classical\1123291\cqt.npy,C:\Yukawa\music-reco-Jamendo-2-public\audio\classical\1123291\1123291.mp3,1123291.mp3,10,5.0,0,15NjDFDf1LeqF3tEnoq0gMBvhmfWx7x1J
239,classical,1123292,C:\Yukawa\Lab\Dataset\MTG-Jamendo-9mapping\9genre_music200_cqt\classical\1123292\cqt.npy,C:\Yukawa\music-reco-Jamendo-2-public\audio\classical\1123292\1123292.mp3,1123292.mp3,10,5.0,0,1nLs3Z7lcjI7oFVgC1TGVwJo6lrI4SkVP
240,classical,1123293,C:\Yukawa\Lab\Dataset\MTG-Jamendo-9mapping\9genre_music200_cqt\classical\1123293\cqt.npy,C:\Yukawa\music-reco-Jamendo-2-public\audio\classical\1123293\1123293.mp3,1123293.mp3,10,5.0,0,12AVxeUtdfedlSuNPWbSxR2W33uelWAy-
241,classical,1123294,C:\Yukawa\Lab\Dataset\MTG-Jamendo-9mapping\9genre_music200_cqt\classical\1123294\cqt.npy,C:\Yukawa\music-reco-Jamendo-2-public\audio\classical\1123294\1123294.mp3,1123294.mp3,10,5.0,0,1PRzII_BRUYvgalKSKA2REyE4Ucg18d-O
242,classical,1123295,C:\Yukawa\Lab\Dataset\MTG-Jamendo-9mapping\9genre_music200_cqt\classical\1123295\cqt.npy,C:\Yukawa\music-reco-Jamendo-2-public\audio\classical\1123295\1123295.mp3,1123295.mp3,10,5.0,0,1wgA9Gihm3Yd0xc5oJz_821WQ0rKxPGHs
243,classical,1123296,C:\Yukawa\Lab\Dataset\MTG-Jamendo-9mapping\9genre_music200_cqt\classical\1123296\cqt.npy,C:\Yukawa\music-reco-Jamendo-2-public\audio\classical\1123296\1123296.mp3,1123296.mp3,10,5.0,0,1A1ZCS5AnbswrBjUwjIt0PsN-QOKhnZvH
244,classical,1126353,C:\Yukawa\Lab\Dataset\MTG-Jamendo-9mapping\9genre_music200_cqt\classical\1126353\cqt.npy,C:\Yukawa\music-reco-Jamendo-2-public\audio\classical\1126353\1126353.mp3,1126353.mp3,10,5.0,0,1oFU4-5hMPX2Pw95MU8rhR5RlaexLs5HT
245,classical,1131556,C:\Yukawa\Lab\Dataset\MTG-Jamendo-9mapping\9genre_music200_cqt\classical\1131556\cqt.npy,C:\Yukawa\music-reco-Jamendo-2-public\audio\classical\1131556\1131556.mp3,1131556.mp3,10,5.0,0,1J_xHPpeTo_r46A_dBkUusqNf_v_-Nq32
246,classical,1131997,C:\Yukawa\Lab\Dataset\MTG-Jamendo-9mapping\9genre_music200_cqt\classical\1131997\cqt.npy,C:\Yukawa\music-reco-Jamendo-2-public\audio\classical\1131997\1131997.mp3,1131997.mp3,10,5.0,0,1PRdosttfUrPA3PpZbyzotp7B3KxWIaXp
247,classical,1131998,C:\Yukawa\Lab\Dataset\MTG-Jamendo-9mapping\9genre_music200_cqt\classical\1131998\cqt.npy,C:\Yukawa\music-reco-Jamendo-2-public\audio\classical\1131998\1131998.mp3,1131998.mp3,10,5.0,0,112-bBx1VvQlirzlVjDYFwnTVrUvlnUZa
248,classical,1131999,C:\Yukawa\Lab\Dataset\MTG-Jamendo-9mapping\9genre_music200_cqt\classical\1131999\cqt.npy,C:\Yukawa\music-reco-Jamendo-2-public\audio\classical\1131999\1131999.mp3,1131999.mp3,10,5.0,0,1a6bKBCrEHX1X6eAzCvj366m7iae_Trp-
249,classical,1155892,C:\Yukawa\Lab\Dataset\MTG-Jamendo-9mapping\9genre_music200_cqt\classical\1155892\cqt.npy,C:\Yukawa\music-reco-Jamendo-2-public\audio\classical\1155892\1155892.mp3,1155892.mp3,10,5.0,0,1QGJ_76LBWZwTGpFnLQRaWOw_LsITvH2w
250,classical,1155894,C:\Yukawa\Lab\Dataset\MTG-Jamendo-9mapping\9genre_music200_cqt\classical\1155894\cqt.npy,C:\Yukawa\music-reco-Jamendo-2-public\audio\classical\1155894\1155894.mp3,1155894.mp3,10,5.0,0,1oF-SALSok3gHupz2HE8SmxSmbSNC33p5
251,classical,1155895,C:\Yukawa\Lab\Dataset\MTG-Jamendo-9mapping\9genre_music200_cqt\classical\1155895\cqt.npy,C:\Yukawa\music-reco-Jamendo-2-public\audio\classical\1155895\1155895.mp3,1155895.mp3,10,5.0,0,1osHdRFnqaN717S-_T_f_uQA7EHB1YaaD
252,classical,1155896,C:\Yukawa\Lab\Dataset\MTG-Jamendo-9mapping\9genre_music200_cqt\classical\1155896\cqt.npy,C:\Yukawa\music-reco-Jamendo-2-public\audio\classical\1155896\1155896.mp3,1155896.mp3,10,5.0,0,14_dldInUsN9gnzSCx0RqOqiKzEMepsNR
253,classical,1155898,C:\Yukawa\Lab\Dataset\MTG-Jamendo-9mapping\9genre_music200_cqt\classical\1155898\cqt.npy,C:\Yukawa\music-reco-Jamendo-2-public\audio\classical\1155898\1155898.mp3,1155898.mp3,10,5.0,0,1-V-oAS_G2j8vi7y1YVo4_JkfVF5WkxLX
254,classical,1156025,C:\Yukawa\Lab\Dataset\MTG-Jamendo-9mapping\9genre_music200_cqt\classical\1156025\cqt.npy,C:\Yukawa\music-reco-Jamendo-2-public\audio\classical\1156025\1156025.mp3,1156025.mp3,10,5.0,0,119Akjz636ab7lsAFstiUuZA2pNMHURVJ
255,classical,1157353,C:\Yukawa\Lab\Dataset\MTG-Jamendo-9mapping\9genre_music200_cqt\classical\1157353\cqt.npy,C:\Yukawa\music-reco-Jamendo-2-public\audio\classical\1157353\1157353.mp3,1157353.mp3,10,5.0,0,11RmQy5I6pazktiqla9WFs-jQOUVV32A7
256,classical,1157354,C:\Yukawa\Lab\Dataset\MTG-Jamendo-9mapping\9genre_music200_cqt\classical\1157354\cqt.npy,C:\Yukawa\music-reco-Jamendo-2-public\audio\classical\1157354\1157354.mp3,1157354.mp3,10,5.0,0,17Eojf9nmWyyu_nrQaNoJlj2toPLrWFg8
257,classical,1157356,C:\Yukawa\Lab\Dataset\MTG-Jamendo-9mapping\9genre_music200_cqt\classical\1157356\cqt.npy,C:\Yukawa\music-reco-Jamendo-2-public\audio\classical\1157356\1157356.mp3,1157356.mp3,10,5.0,0,11gVsXDVnX4exGEKYOsdulANOKi6Kjrng
258,classical,1157357,C:\Yukawa\Lab\Dataset\MTG-Jamendo-9mapping\9genre_music200_cqt\classical\1157357\cqt.npy,C:\Yukawa\music-reco-Jamendo-2-public\audio\classical\1157357\1157357.mp3,1157357.mp3,10,5.0,0,1LGDDaRCxOE7Gl1YmD19SOYZ0rF3q6Rj6
259,classical,1160121,C:\Yukawa\Lab\Dataset\MTG-Jamendo-9mapping\9genre_music200_cqt\classical\1160121\cqt.npy,C:\Yukawa\music-reco-Jamendo-2-public\audio\classical\1160121\1160121.mp3,1160121.mp3,10,5.0,0,1MRqGgmj2wZwnynDvmF0IB74YAsWP5fiS
260,classical,1160128,C:\Yukawa\Lab\Dataset\MTG-Jamendo-9mapping\9genre_music200_cqt\classical\1160128\cqt.npy,C:\Yukawa\music-reco-Jamendo-2-public\audio\classical\1160128\1160128.mp3,1160128.mp3,10,5.0,0,13hW4LA0eUlr_XYF1igmWiz9_BEtjXNuI
261,classical,1162521,C:\Yukawa\Lab\Dataset\MTG-Jamendo-9mapping\9genre_music200_cqt\classical\1162521\cqt.npy,C:\Yukawa\music-reco-Jamendo-2-public\audio\classical\1162521\1162521.mp3,1162521.mp3,10,5.0,0,1Z9MI5UrSUHHQy-_JNfEe4L0OaNnIhZ0h
262,classical,1173141,C:\Yukawa\Lab\Dataset\MTG-Jamendo-9mapping\9genre_music200_cqt\classical\1173141\cqt.npy,C:\Yukawa\music-reco-Jamendo-2-public\audio\classical\1173141\1173141.mp3,1173141.mp3,10,5.0,0,104WvtOAlcYMYhGqUtjg7nRuPivY1fw8_
263,classical,1173142,C:\Yukawa\Lab\Dataset\MTG-Jamendo-9mapping\9genre_music200_cqt\classical\1173142\cqt.npy,C:\Yukawa\music-reco-Jamendo-2-public\audio\classical\1173142\1173142.mp3,1173142.mp3,10,5.0,0,1fTzzjhzAXwfU-BvVRgXKE09V6FWw1Z38
264,classical,1187360,C:\Yukawa\Lab\Dataset\MTG-Jamendo-9mapping\9genre_music200_cqt\classical\1187360\cqt.npy,C:\Yukawa\music-reco-Jamendo-2-public\audio\classical\1187360\1187360.mp3,1187360.mp3,10,5.0,0,1wJAhHHS5efSFkmlTsu5u8IjBRzrxtzdf
265,classical,1187361,C:\Yukawa\Lab\Dataset\MTG-Jamendo-9mapping\9genre_music200_cqt\classical\1187361\cqt.npy,C:\Yukawa\music-reco-Jamendo-2-public\audio\classical\1187361\1187361.mp3,1187361.mp3,10,5.0,0,1EOFCYZhuvO80Mxz1P_ZboKh--UDdxvmE
266,classical,1187363,C:\Yukawa\Lab\Dataset\MTG-Jamendo-9mapping\9genre_music200_cqt\classical\1187363\cqt.npy,C:\Yukawa\music-reco-Jamendo-2-public\audio\classical\1187363\1187363.mp3,1187363.mp3,10,5.0,0,1enK4d_lOPyLT6GDOzzB5-AqALbNAqfA-
267,classical,1187420,C:\Yukawa\Lab\Dataset\MTG-Jamendo-9mapping\9genre_music200_cqt\classical\1187420\cqt.npy,C:\Yukawa\music-reco-Jamendo-2-public\audio\classical\1187420\1187420.mp3,1187420.mp3,10,5.0,0,1OBAVDK2wXxcB6dyheccfB_afcLS9QHM_
268,classical,1187421,C:\Yukawa\Lab\Dataset\MTG-Jamendo-9mapping\9genre_music200_cqt\classical\1187421\cqt.npy,C:\Yukawa\music-reco-Jamendo-2-public\audio\classical\1187421\1187421.mp3,1187421.mp3,10,5.0,0,1BC9eRGKBYTZ4PfeWUcnB1DWp4i7ii8nk
269,classical,1187479,C:\Yukawa\Lab\Dataset\MTG-Jamendo-9mapping\9genre_music200_cqt\classical\1187479\cqt.npy,C:\Yukawa\music-reco-Jamendo-2-public\audio\classical\1187479\1187479.mp3,1187479.mp3,10,5.0,0,1X3GjR-btZ1BV6iYa4Uh52buPerK-BoUq
270,classical,1220947,C:\Yukawa\Lab\Dataset\MTG-Jamendo-9mapping\9genre_music200_cqt\classical\1220947\cqt.npy,C:\Yukawa\music-reco-Jamendo-2-public\audio\classical\1220947\1220947.mp3,1220947.mp3,10,5.0,0,1jQFkFattnJHX-50cVk7-fl64cPWlFFMq
271,classical,1222313,C:\Yukawa\Lab\Dataset\MTG-Jamendo-9mapping\9genre_music200_cqt\classical\1222313\cqt.npy,C:\Yukawa\music-reco-Jamendo-2-public\audio\classical\1222313\1222313.mp3,1222313.mp3,10,5.0,0,1xDhoY1r2CPrAgbKC3jWH7EsSPmLk6g7v
272,classical,1222316,C:\Yukawa\Lab\Dataset\MTG-Jamendo-9mapping\9genre_music200_cqt\classical\1222316\cqt.npy,C:\Yukawa\music-reco-Jamendo-2-public\audio\classical\1222316\1222316.mp3,1222316.mp3,10,5.0,0,1LP4Fb074FsBBEjz_dGSFHSs9gUVHGWXJ
273,classical,1222319,C:\Yukawa\Lab\Dataset\MTG-Jamendo-9mapping\9genre_music200_cqt\classical\1222319\cqt.npy,C:\Yukawa\music-reco-Jamendo-2-public\audio\classical\1222319\1222319.mp3,1222319.mp3,10,5.0,0,1oMZGV6QzjVX5OKnHjVrwyeHJyZCdbsl8
274,classical,1222326,C:\Yukawa\Lab\Dataset\MTG-Jamendo-9mapping\9genre_music200_cqt\classical\1222326\cqt.npy,C:\Yukawa\music-reco-Jamendo-2-public\audio\classical\1222326\1222326.mp3,1222326.mp3,10,5.0,0,1VQhtCYUaXazjDyaJ0pPrgrMht7id_JJU
275,classical,1222327,C:\Yukawa\Lab\Dataset\MTG-Jamendo-9mapping\9genre_music200_cqt\classical\1222327\cqt.npy,C:\Yukawa\music-reco-Jamendo-2-public\audio\classical\1222327\1222327.mp3,1222327.mp3,10,5.0,0,1G1Glb-DCR2oj4hOKbZYwy-aj_pklknwk
276,classical,1222329,C:\Yukawa\Lab\Dataset\MTG-Jamendo-9mapping\9genre_music200_cqt\classical\1222329\cqt.npy,C:\Yukawa\music-reco-Jamendo-2-public\audio\classical\1222329\1222329.mp3,1222329.mp3,10,5.0,0,1Rm6PL7Uv3cepfLJhlBAOddrXHLDzD1T_
277,classical,1222339,C:\Yukawa\Lab\Dataset\MTG-Jamendo-9mapping\9genre_music200_cqt\classical\1222339\cqt.npy,C:\Yukawa\music-reco-Jamendo-2-public\audio\classical\1222339\1222339.mp3,1222339.mp3,10,5.0,0,1897f9ZiUdQ9LNz9AL9N8FewRzLwxEQ78
278,classical,1222340,C:\Yukawa\Lab\Dataset\MTG-Jamendo-9mapping\9genre_music200_cqt\classical\1222340\cqt.npy,C:\Yukawa\music-reco-Jamendo-2-public\audio\classical\1222340\1222340.mp3,1222340.mp3,10,5.0,0,1ZZNI-pFMET-lRvxX0BBZNBP1vZyqhF27
279,classical,1222348,C:\Yukawa\Lab\Dataset\MTG-Jamendo-9mapping\9genre_music200_cqt\classical\1222348\cqt.npy,C:\Yukawa\music-reco-Jamendo-2-public\audio\classical\1222348\1222348.mp3,1222348.mp3,10,5.0,0,18axRMzclGHUBRZS5ja4XZhcbpAkFe1Cy
280,classical,1222349,C:\Yukawa\Lab\Dataset\MTG-Jamendo-9mapping\9genre_music200_cqt\classical\1222349\cqt.npy,C:\Yukawa\music-reco-Jamendo-2-public\audio\classical\1222349\1222349.mp3,1222349.mp3,10,5.0,0,1rW2SXp4INHi71ebYNlZ-vAyTEFOBxkXK
281,classical,1223010,C:\Yukawa\Lab\Dataset\MTG-Jamendo-9mapping\9genre_music200_cqt\classical\1223010\cqt.npy,C:\Yukawa\music-reco-Jamendo-2-public\audio\classical\1223010\1223010.mp3,1223010.mp3,10,5.0,0,17Esi8RLD3wHyhuImKP2n16Ece7gZvcFN
282,classical,1241452,C:\Yukawa\Lab\Dataset\MTG-Jamendo-9mapping\9genre_music200_cqt\classical\1241452\cqt.npy,C:\Yukawa\music-reco-Jamendo-2-public\audio\classical\1241452\1241452.mp3,1241452.mp3,10,5.0,0,1LPJrHxQrmavywz-bWIi0ArbdcvA1A8fq
283,classical,1252884,C:\Yukawa\Lab\Dataset\MTG-Jamendo-9mapping\9genre_music200_cqt\classical\1252884\cqt.npy,C:\Yukawa\music-reco-Jamendo-2-public\audio\classical\1252884\1252884.mp3,1252884.mp3,10,5.0,0,1OgU5yZGx23YAJtCIA8fXDoVfwu0i-qSC
284,classical,1254777,C:\Yukawa\Lab\Dataset\MTG-Jamendo-9mapping\9genre_music200_cqt\classical\1254777\cqt.npy,C:\Yukawa\music-reco-Jamendo-2-public\audio\classical\1254777\1254777.mp3,1254777.mp3,10,5.0,0,123ybX_0uPpz5NCHXthhvawy9izyfvGwc
285,classical,1254778,C:\Yukawa\Lab\Dataset\MTG-Jamendo-9mapping\9genre_music200_cqt\classical\1254778\cqt.npy,C:\Yukawa\music-reco-Jamendo-2-public\audio\classical\1254778\1254778.mp3,1254778.mp3,10,5.0,0,1Fj7O49lxl32pS9Tzpa52ssFeOwE3nSnx
286,classical,1254779,C:\Yukawa\Lab\Dataset\MTG-Jamendo-9mapping\9genre_music200_cqt\classical\1254779\cqt.npy,C:\Yukawa\music-reco-Jamendo-2-public\audio\classical\1254779\1254779.mp3,1254779.mp3,10,5.0,0,1l3zWfLH4dHo2t9ZArjDkL-4KqFwcR1hS
287,classical,1254780,C:\Yukawa\Lab\Dataset\MTG-Jamendo-9mapping\9genre_music200_cqt\classical\1254780\cqt.npy,C:\Yukawa\music-reco-Jamendo-2-public\audio\classical\1254780\1254780.mp3,1254780.mp3,10,5.0,0,1abJvpsjXbjtkfC9mjBlChYDUiRT8eFdo
288,classical,1254781,C:\Yukawa\Lab\Dataset\MTG-Jamendo-9mapping\9genre_music200_cqt\classical\1254781\cqt.npy,C:\Yukawa\music-reco-Jamendo-2-public\audio\classical\1254781\1254781.mp3,1254781.mp3,10,5.0,0,1qu19REMm2-2_-QhU0MOCYnhOtvKQnngn
289,classical,1254782,C:\Yukawa\Lab\Dataset\MTG-Jamendo-9mapping\9genre_music200_cqt\classical\1254782\cqt.npy,C:\Yukawa\music-reco-Jamendo-2-public\audio\classical\1254782\1254782.mp3,1254782.mp3,10,5.0,0,1AM2CvLSDKjKfciNjligVgxYZdOeqAjQm
290,classical,1254784,C:\Yukawa\Lab\Dataset\MTG-Jamendo-9mapping\9genre_music200_cqt\classical\1254784\cqt.npy,C:\Yukawa\music-reco-Jamendo-2-public\audio\classical\1254784\1254784.mp3,1254784.mp3,10,5.0,0,1yGxKWTLXZltSyJvaIP4zmTUJHc1D9vnR
291,classical,1254787,C:\Yukawa\Lab\Dataset\MTG-Jamendo-9mapping\9genre_music200_cqt\classical\1254787\cqt.npy,C:\Yukawa\music-reco-Jamendo-2-public\audio\classical\1254787\1254787.mp3,1254787.mp3,10,5.0,0,1ZC2nxK67E08JPvGFKQ1Iw9Q4vGZfXSce
292,classical,1254788,C:\Yukawa\Lab\Dataset\MTG-Jamendo-9mapping\9genre_music200_cqt\classical\1254788\cqt.npy,C:\Yukawa\music-reco-Jamendo-2-public\audio\classical\1254788\1254788.mp3,1254788.mp3,10,5.0,0,1qrsBBpQLhEoxd0BKY91vcNqexNEI-48r
293,classical,1257310,C:\Yukawa\Lab\Dataset\MTG-Jamendo-9mapping\9genre_music200_cqt\classical\1257310\cqt.npy,C:\Yukawa\music-reco-Jamendo-2-public\audio\classical\1257310\1257310.mp3,1257310.mp3,10,5.0,0,1ehujrkcjbANODQu7JnDXVDRPkzUjCnVm
294,classical,1257311,C:\Yukawa\Lab\Dataset\MTG-Jamendo-9mapping\9genre_music200_cqt\classical\1257311\cqt.npy,C:\Yukawa\music-reco-Jamendo-2-public\audio\classical\1257311\1257311.mp3,1257311.mp3,10,5.0,0,1uF4HdVN1DRyuM3wNWz4kheMEbd49eUMN
295,classical,1260130,C:\Yukawa\Lab\Dataset\MTG-Jamendo-9mapping\9genre_music200_cqt\classical\1260130\cqt.npy,C:\Yukawa\music-reco-Jamendo-2-public\audio\classical\1260130\1260130.mp3,1260130.mp3,10,5.0,0,1B2jf3TL18oWD5OdJ7Vlex54MYlCrosMM
296,classical,1260131,C:\Yukawa\Lab\Dataset\MTG-Jamendo-9mapping\9genre_music200_cqt\classical\1260131\cqt.npy,C:\Yukawa\music-reco-Jamendo-2-public\audio\classical\1260131\1260131.mp3,1260131.mp3,10,5.0,0,1HNRjYatY6cXzfoIGKK4If3O9dlToSRaV
297,classical,1262122,C:\Yukawa\Lab\Dataset\MTG-Jamendo-9mapping\9genre_music200_cqt\classical\1262122\cqt.npy,C:\Yukawa\music-reco-Jamendo-2-public\audio\classical\1262122\1262122.mp3,1262122.mp3,10,5.0,0,1sdRo8c7m03Dpe1M6l_bOanBtZPuzC6YR
298,classical,1262123,C:\Yukawa\Lab\Dataset\MTG-Jamendo-9mapping\9genre_music200_cqt\classical\1262123\cqt.npy,C:\Yukawa\music-reco-Jamendo-2-public\audio\classical\1262123\1262123.mp3,1262123.mp3,10,5.0,0,1pnaEDT-RMKqyYdRnd5T8pqgx_VGOkYIO
299,classical,1267054,C:\Yukawa\Lab\Dataset\MTG-Jamendo-9mapping\9genre_music200_cqt\classical\1267054\cqt.npy,C:\Yukawa\music-reco-Jamendo-2-public\audio\classical\1267054\1267054.mp3,1267054.mp3,10,5.0,0,1ox6Q3Hwn1Uq8HIp6-IkbK-1fOYM0VwER
300,classical,1269994,C:\Yukawa\Lab\Dataset\MTG-Jamendo-9mapping\9genre_music200_cqt\classical\1269994\cqt.npy,C:\Yukawa\music-reco-Jamendo-2-public\audio\classical\1269994\1269994.mp3,1269994.mp3,10,5.0,0,1OZY5c0lqgPhMlUwBHl3Sc6Zf_kPAvmae
301,classical,1269995,C:\Yukawa\Lab\Dataset\MTG-Jamendo-9mapping\9genre_music200_cqt\classical\1269995\cqt.npy,C:\Yukawa\music-reco-Jamendo-2-public\audio\classical\1269995\1269995.mp3,1269995.mp3,10,5.0,0,1Il9nNRaCIWehSz1wP4P4Qo-2fm92HmSu
302,classical,1271785,C:\Yukawa\Lab\Dataset\MTG-Jamendo-9mapping\9genre_music200_cqt\classical\1271785\cqt.npy,C:\Yukawa\music-reco-Jamendo-2-public\audio\classical\1271785\1271785.mp3,1271785.mp3,10,5.0,0,1oEr4XqT2ZyrsezIJYe2mesmnjmCySjXg
303,classical,1271788,C:\Yukawa\Lab\Dataset\MTG-Jamendo-9mapping\9genre_music200_cqt\classical\1271788\cqt.npy,C:\Yukawa\music-reco-Jamendo-2-public\audio\classical\1271788\1271788.mp3,1271788.mp3,10,5.0,0,1NYwu0bvs6n5UtmgNVjXRxXX2kMilQLsW
304,classical,1271789,C:\Yukawa\Lab\Dataset\MTG-Jamendo-9mapping\9genre_music200_cqt\classical\1271789\cqt.npy,C:\Yukawa\music-reco-Jamendo-2-public\audio\classical\1271789\1271789.mp3,1271789.mp3,10,5.0,0,1C-etODL3ScVZ7rmp43kSDNUmSK6P_53k
305,classical,1271791,C:\Yukawa\Lab\Dataset\MTG-Jamendo-9mapping\9genre_music200_cqt\classical\1271791\cqt.npy,C:\Yukawa\music-reco-Jamendo-2-public\audio\classical\1271791\1271791.mp3,1271791.mp3,10,5.0,0,1zE1BshbwpZMzHI40Tc-XVI8TqHw-9OJC
306,classical,1271792,C:\Yukawa\Lab\Dataset\MTG-Jamendo-9mapping\9genre_music200_cqt\classical\1271792\cqt.npy,C:\Yukawa\music-reco-Jamendo-2-public\audio\classical\1271792\1271792.mp3,1271792.mp3,10,5.0,0,1F7ry_X3GPvgTCYy18TjciNx9EdmYb2ZY
307,classical,1271793,C:\Yukawa\Lab\Dataset\MTG-Jamendo-9mapping\9genre_music200_cqt\classical\1271793\cqt.npy,C:\Yukawa\music-reco-Jamendo-2-public\audio\classical\1271793\1271793.mp3,1271793.mp3,10,5.0,0,15_2UsDGuv3Lvhe7qbTwrRN__Wx2zc0dP
308,classical,1271794,C:\Yukawa\Lab\Dataset\MTG-Jamendo-9mapping\9genre_music200_cqt\classical\1271794\cqt.npy,C:\Yukawa\music-reco-Jamendo-2-public\audio\classical\1271794\1271794.mp3,1271794.mp3,10,5.0,0,1cmGOj233N3pBCVKwwYoo-PlVLBJLhIx5
309,classical,1275965,C:\Yukawa\Lab\Dataset\MTG-Jamendo-9mapping\9genre_music200_cqt\classical\1275965\cqt.npy,C:\Yukawa\music-reco-Jamendo-2-public\audio\classical\1275965\1275965.mp3,1275965.mp3,10,5.0,0,1ovqpyoT-9EvZc1IUgErbmE3I9T6hNxVx
310,classical,1276481,C:\Yukawa\Lab\Dataset\MTG-Jamendo-9mapping\9genre_music200_cqt\classical\1276481\cqt.npy,C:\Yukawa\music-reco-Jamendo-2-public\audio\classical\1276481\1276481.mp3,1276481.mp3,10,5.0,0,1czkrsJm748UanfYv3_oFxTaFZHGRV76F
311,classical,1276492,C:\Yukawa\Lab\Dataset\MTG-Jamendo-9mapping\9genre_music200_cqt\classical\1276492\cqt.npy,C:\Yukawa\music-reco-Jamendo-2-public\audio\classical\1276492\1276492.mp3,1276492.mp3,10,5.0,0,1axrvyulTLAS_m-d_S2CpuDvU3AxEJ8HI
312,classical,1291560,C:\Yukawa\Lab\Dataset\MTG-Jamendo-9mapping\9genre_music200_cqt\classical\1291560\cqt.npy,C:\Yukawa\music-reco-Jamendo-2-public\audio\classical\1291560\1291560.mp3,1291560.mp3,10,5.0,0,1D4jwOn7fhhf2n2exTq_ms9cXEPSI0MgU
313,classical,1292329,C:\Yukawa\Lab\Dataset\MTG-Jamendo-9mapping\9genre_music200_cqt\classical\1292329\cqt.npy,C:\Yukawa\music-reco-Jamendo-2-public\audio\classical\1292329\1292329.mp3,1292329.mp3,10,5.0,0,1W6Ic2ocuUgg1VBeQWHpy2Xd9Ppnj-FL8
314,classical,1292334,C:\Yukawa\Lab\Dataset\MTG-Jamendo-9mapping\9genre_music200_cqt\classical\1292334\cqt.npy,C:\Yukawa\music-reco-Jamendo-2-public\audio\classical\1292334\1292334.mp3,1292334.mp3,10,5.0,0,1PzMGXdYiMj8j7oiGxCI6s2R0uI9eje-g
315,classical,1292335,C:\Yukawa\Lab\Dataset\MTG-Jamendo-9mapping\9genre_music200_cqt\classical\1292335\cqt.npy,C:\Yukawa\music-reco-Jamendo-2-public\audio\classical\1292335\1292335.mp3,1292335.mp3,10,5.0,0,1Nwg8zdXWSUf_RI38tegxMX6pV1OByvnF
316,classical,1292336,C:\Yukawa\Lab\Dataset\MTG-Jamendo-9mapping\9genre_music200_cqt\classical\1292336\cqt.npy,C:\Yukawa\music-reco-Jamendo-2-public\audio\classical\1292336\1292336.mp3,1292336.mp3,10,5.0,0,1drDwHAKSMQxo_nNvRA5i026icuAwe1N_
317,classical,1292337,C:\Yukawa\Lab\Dataset\MTG-Jamendo-9mapping\9genre_music200_cqt\classical\1292337\cqt.npy,C:\Yukawa\music-reco-Jamendo-2-public\audio\classical\1292337\1292337.mp3,1292337.mp3,10,5.0,0,10mFQdYuzSX1ze40jSPfGSxjsXHCzSL8Z
318,classical,1292338,C:\Yukawa\Lab\Dataset\MTG-Jamendo-9mapping\9genre_music200_cqt\classical\1292338\cqt.npy,C:\Yukawa\music-reco-Jamendo-2-public\audio\classical\1292338\1292338.mp3,1292338.mp3,10,5.0,0,1fR4G5CWxLQtpkPLLn5juSE9496DOMv5Q
319,classical,1295062,C:\Yukawa\Lab\Dataset\MTG-Jamendo-9mapping\9genre_music200_cqt\classical\1295062\cqt.npy,C:\Yukawa\music-reco-Jamendo-2-public\audio\classical\1295062\1295062.mp3,1295062.mp3,10,5.0,0,1G5WLVE714nm0aFdVTi9GJrmUGEgkMXj8
320,classical,1296858,C:\Yukawa\Lab\Dataset\MTG-Jamendo-9mapping\9genre_music200_cqt\classical\1296858\cqt.npy,C:\Yukawa\music-reco-Jamendo-2-public\audio\classical\1296858\1296858.mp3,1296858.mp3,10,5.0,0,12lleqq-uK5ejpAvNZTaniJboeo4kLbqj
321,classical,1296859,C:\Yukawa\Lab\Dataset\MTG-Jamendo-9mapping\9genre_music200_cqt\classical\1296859\cqt.npy,C:\Yukawa\music-reco-Jamendo-2-public\audio\classical\1296859\1296859.mp3,1296859.mp3,10,5.0,0,1iVR5O1tiBa3N0TIJ_yyJo-PEHIR3JY1x
322,classical,1296860,C:\Yukawa\Lab\Dataset\MTG-Jamendo-9mapping\9genre_music200_cqt\classical\1296860\cqt.npy,C:\Yukawa\music-reco-Jamendo-2-public\audio\classical\1296860\1296860.mp3,1296860.mp3,10,5.0,0,1rh-oRK1y3xQVW8BpsU8p02UzKGOxXrl4
323,classical,1296862,C:\Yukawa\Lab\Dataset\MTG-Jamendo-9mapping\9genre_music200_cqt\classical\1296862\cqt.npy,C:\Yukawa\music-reco-Jamendo-2-public\audio\classical\1296862\1296862.mp3,1296862.mp3,10,5.0,0,1ho2FZFtoL6Kmntnz5WTVNhv2v40KDqgZ
324,classical,1296863,C:\Yukawa\Lab\Dataset\MTG-Jamendo-9mapping\9genre_music200_cqt\classical\1296863\cqt.npy,C:\Yukawa\music-reco-Jamendo-2-public\audio\classical\1296863\1296863.mp3,1296863.mp3,10,5.0,0,11seze8D_GSOCu5bNWvtttgpb9mUdtE1y
325,classical,1296924,C:\Yukawa\Lab\Dataset\MTG-Jamendo-9mapping\9genre_music200_cqt\classical\1296924\cqt.npy,C:\Yukawa\music-reco-Jamendo-2-public\audio\classical\1296924\1296924.mp3,1296924.mp3,10,5.0,0,1JgYxyV9NsneFBcrEAyKIshecKVMHi6qI
326,classical,1296925,C:\Yukawa\Lab\Dataset\MTG-Jamendo-9mapping\9genre_music200_cqt\classical\1296925\cqt.npy,C:\Yukawa\music-reco-Jamendo-2-public\audio\classical\1296925\1296925.mp3,1296925.mp3,10,5.0,0,1y4W5AfdS58-v-Cesi8arlKQgsfXMyS_b
327,classical,1296926,C:\Yukawa\Lab\Dataset\MTG-Jamendo-9mapping\9genre_music200_cqt\classical\1296926\cqt.npy,C:\Yukawa\music-reco-Jamendo-2-public\audio\classical\1296926\1296926.mp3,1296926.mp3,10,5.0,0,1CnXCRaKnLM74tlsBm9LRXu6uAc0ZYcFC
328,classical,1298276,C:\Yukawa\Lab\Dataset\MTG-Jamendo-9mapping\9genre_music200_cqt\classical\1298276\cqt.npy,C:\Yukawa\music-reco-Jamendo-2-public\audio\classical\1298276\1298276.mp3,1298276.mp3,10,5.0,0,1BzqA34jK1-bZgYQ24eGfO5yepRk2C4F2
329,classical,1298277,C:\Yukawa\Lab\Dataset\MTG-Jamendo-9mapping\9genre_music200_cqt\classical\1298277\cqt.npy,C:\Yukawa\music-reco-Jamendo-2-public\audio\classical\1298277\1298277.mp3,1298277.mp3,10,5.0,0,177OkwGMXlJi7mK-B9GtAB8l8geoxG0MM
330,classical,1298278,C:\Yukawa\Lab\Dataset\MTG-Jamendo-9mapping\9genre_music200_cqt\classical\1298278\cqt.npy,C:\Yukawa\music-reco-Jamendo-2-public\audio\classical\1298278\1298278.mp3,1298278.mp3,10,5.0,0,128bkU-OoEIrTrveqDnhuOQjCYt1bdPlz
331,classical,1298279,C:\Yukawa\Lab\Dataset\MTG-Jamendo-9mapping\9genre_music200_cqt\classical\1298279\cqt.npy,C:\Yukawa\music-reco-Jamendo-2-public\audio\classical\1298279\1298279.mp3,1298279.mp3,10,5.0,0,1EB7ekkDH5MGn_zSqBPc9aLXhAmo69L4G
332,classical,1299615,C:\Yukawa\Lab\Dataset\MTG-Jamendo-9mapping\9genre_music200_cqt\classical\1299615\cqt.npy,C:\Yukawa\music-reco-Jamendo-2-public\audio\classical\1299615\1299615.mp3,1299615.mp3,10,5.0,0,1JIEiR1TehIec3MQtqKeix-nmB6ljcXJo
333,classical,1300331,C:\Yukawa\Lab\Dataset\MTG-Jamendo-9mapping\9genre_music200_cqt\classical\1300331\cqt.npy,C:\Yukawa\music-reco-Jamendo-2-public\audio\classical\1300331\1300331.mp3,1300331.mp3,10,5.0,0,11bl9L-fzYRr0zI2xB7YuQdpl13FbY2y1
334,classical,1300332,C:\Yukawa\Lab\Dataset\MTG-Jamendo-9mapping\9genre_music200_cqt\classical\1300332\cqt.npy,C:\Yukawa\music-reco-Jamendo-2-public\audio\classical\1300332\1300332.mp3,1300332.mp3,10,5.0,0,1m81J8outO_dbthlmWgeoz-NpcbpEFv7T
335,classical,1300333,C:\Yukawa\Lab\Dataset\MTG-Jamendo-9mapping\9genre_music200_cqt\classical\1300333\cqt.npy,C:\Yukawa\music-reco-Jamendo-2-public\audio\classical\1300333\1300333.mp3,1300333.mp3,10,5.0,0,1IucOf2f_uCTdpxqY9MAuWunF4K9apr1h
336,classical,1302145,C:\Yukawa\Lab\Dataset\MTG-Jamendo-9mapping\9genre_music200_cqt\classical\1302145\cqt.npy,C:\Yukawa\music-reco-Jamendo-2-public\audio\classical\1302145\1302145.mp3,1302145.mp3,10,5.0,0,17ASmYCFTGHeJ8rnxuN9c4cRd4vSyjjFW
337,classical,1310293,C:\Yukawa\Lab\Dataset\MTG-Jamendo-9mapping\9genre_music200_cqt\classical\1310293\cqt.npy,C:\Yukawa\music-reco-Jamendo-2-public\audio\classical\1310293\1310293.mp3,1310293.mp3,10,5.0,0,1w9sqFgSz8_LEiPu6qfP5Nf3vnbMGK1oW
338,classical,1310766,C:\Yukawa\Lab\Dataset\MTG-Jamendo-9mapping\9genre_music200_cqt\classical\1310766\cqt.npy,C:\Yukawa\music-reco-Jamendo-2-public\audio\classical\1310766\1310766.mp3,1310766.mp3,10,5.0,0,1jLbGso-EpsxIhT5FnFbisamNuven14QB
339,classical,1310866,C:\Yukawa\Lab\Dataset\MTG-Jamendo-9mapping\9genre_music200_cqt\classical\1310866\cqt.npy,C:\Yukawa\music-reco-Jamendo-2-public\audio\classical\1310866\1310866.mp3,1310866.mp3,10,5.0,0,1Y10pwozfSbbQ-h2A0jUrxvhiR5hTAO6h
340,classical,1311482,C:\Yukawa\Lab\Dataset\MTG-Jamendo-9mapping\9genre_music200_cqt\classical\1311482\cqt.npy,C:\Yukawa\music-reco-Jamendo-2-public\audio\classical\1311482\1311482.mp3,1311482.mp3,10,5.0,0,1Sp9OYW0qPXyuGkT9arqQiKfo9wjbd05Y
341,classical,1312018,C:\Yukawa\Lab\Dataset\MTG-Jamendo-9mapping\9genre_music200_cqt\classical\1312018\cqt.npy,C:\Yukawa\music-reco-Jamendo-2-public\audio\classical\1312018\1312018.mp3,1312018.mp3,10,5.0,0,17sgJz_T4QWwn2pjWkFcQ56vUmqfrpzfL
342,classical,1316152,C:\Yukawa\Lab\Dataset\MTG-Jamendo-9mapping\9genre_music200_cqt\classical\1316152\cqt.npy,C:\Yukawa\music-reco-Jamendo-2-public\audio\classical\1316152\1316152.mp3,1316152.mp3,10,5.0,0,1meiRBSAv9eMFWUgm4Ljt5DoFFSKmjPLK
343,classical,1319314,C:\Yukawa\Lab\Dataset\MTG-Jamendo-9mapping\9genre_music200_cqt\classical\1319314\cqt.npy,C:\Yukawa\music-reco-Jamendo-2-public\audio\classical\1319314\1319314.mp3,1319314.mp3,10,5.0,0,1YV1nae698qV8wO5mEl22LYgxlV8s2lA-
344,classical,1319836,C:\Yukawa\Lab\Dataset\MTG-Jamendo-9mapping\9genre_music200_cqt\classical\1319836\cqt.npy,C:\Yukawa\music-reco-Jamendo-2-public\audio\classical\1319836\1319836.mp3,1319836.mp3,10,5.0,0,1V3HTlC8KgmJENxBuwNs9dCAMpR6PTU-P
345,classical,1320535,C:\Yukawa\Lab\Dataset\MTG-Jamendo-9mapping\9genre_music200_cqt\classical\1320535\cqt.npy,C:\Yukawa\music-reco-Jamendo-2-public\audio\classical\1320535\1320535.mp3,1320535.mp3,10,5.0,0,1MLkPgA41yscDL59nlQeKrAYRVbReOURf
346,classical,1320536,C:\Yukawa\Lab\Dataset\MTG-Jamendo-9mapping\9genre_music200_cqt\classical\1320536\cqt.npy,C:\Yukawa\music-reco-Jamendo-2-public\audio\classical\1320536\1320536.mp3,1320536.mp3,10,5.0,0,11283Dw3cgFfp2ob6_djWz6zCToHX1q5p
347,classical,1321121,C:\Yukawa\Lab\Dataset\MTG-Jamendo-9mapping\9genre_music200_cqt\classical\1321121\cqt.npy,C:\Yukawa\music-reco-Jamendo-2-public\audio\classical\1321121\1321121.mp3,1321121.mp3,10,5.0,0,1ly9ZRuoi3Pm6IxTpFE96342LqP1R-e7T
348,classical,1321122,C:\Yukawa\Lab\Dataset\MTG-Jamendo-9mapping\9genre_music200_cqt\classical\1321122\cqt.npy,C:\Yukawa\music-reco-Jamendo-2-public\audio\classical\1321122\1321122.mp3,1321122.mp3,10,5.0,0,1tcnlDdvlCFUVmyvcQvFjc0NP7Sjp1hhy
349,classical,1322722,C:\Yukawa\Lab\Dataset\MTG-Jamendo-9mapping\9genre_music200_cqt\classical\1322722\cqt.npy,C:\Yukawa\music-reco-Jamendo-2-public\audio\classical\1322722\1322722.mp3,1322722.mp3,10,5.0,0,1i8v3haZUXmFoWn36BBnJwtECgk3qoM3I
350,classical,1322723,C:\Yukawa\Lab\Dataset\MTG-Jamendo-9mapping\9genre_music200_cqt\classical\1322723\cqt.npy,C:\Yukawa\music-reco-Jamendo-2-public\audio\classical\1322723\1322723.mp3,1322723.mp3,10,5.0,0,1PZ1uXD4vUm9oxrQcGUT-EyZCExNUVpzd
351,classical,1323261,C:\Yukawa\Lab\Dataset\MTG-Jamendo-9mapping\9genre_music200_cqt\classical\1323261\cqt.npy,C:\Yukawa\music-reco-Jamendo-2-public\audio\classical\1323261\1323261.mp3,1323261.mp3,10,5.0,0,1i63U-G-ti5eCFqKbfLoZTzJ8eVC7aMee
352,classical,1325994,C:\Yukawa\Lab\Dataset\MTG-Jamendo-9mapping\9genre_music200_cqt\classical\1325994\cqt.npy,C:\Yukawa\music-reco-Jamendo-2-public\audio\classical\1325994\1325994.mp3,1325994.mp3,10,5.0,0,1MdKYqScxvy2wMAxxVrt11NgfGT4CVHd5
353,classical,1325995,C:\Yukawa\Lab\Dataset\MTG-Jamendo-9mapping\9genre_music200_cqt\classical\1325995\cqt.npy,C:\Yukawa\music-reco-Jamendo-2-public\audio\classical\1325995\1325995.mp3,1325995.mp3,10,5.0,0,1kEpIFoGaS6hAnjOD9l5KaEg4eBwZNNwf
354,classical,1327378,C:\Yukawa\Lab\Dataset\MTG-Jamendo-9mapping\9genre_music200_cqt\classical\1327378\cqt.npy,C:\Yukawa\music-reco-Jamendo-2-public\audio\classical\1327378\1327378.mp3,1327378.mp3,10,5.0,0,1-yrUhviJ46xZzfgjPx4SCxW9uK1Lqx9L
355,classical,1327989,C:\Yukawa\Lab\Dataset\MTG-Jamendo-9mapping\9genre_music200_cqt\classical\1327989\cqt.npy,C:\Yukawa\music-reco-Jamendo-2-public\audio\classical\1327989\1327989.mp3,1327989.mp3,10,5.0,0,1ZUcXcYQ_Hbtlo4pvrjSRWeR28I4VZzB3
356,classical,1329124,C:\Yukawa\Lab\Dataset\MTG-Jamendo-9mapping\9genre_music200_cqt\classical\1329124\cqt.npy,C:\Yukawa\music-reco-Jamendo-2-public\audio\classical\1329124\1329124.mp3,1329124.mp3,10,5.0,0,1O4PxxYRKQhRjWFGXw-xCaR9QcwqEriZp
357,classical,1329359,C:\Yukawa\Lab\Dataset\MTG-Jamendo-9mapping\9genre_music200_cqt\classical\1329359\cqt.npy,C:\Yukawa\music-reco-Jamendo-2-public\audio\classical\1329359\1329359.mp3,1329359.mp3,10,5.0,0,1KovwcHeiVXYtP05lbcJrMcDB9USReeul
358,classical,1329360,C:\Yukawa\Lab\Dataset\MTG-Jamendo-9mapping\9genre_music200_cqt\classical\1329360\cqt.npy,C:\Yukawa\music-reco-Jamendo-2-public\audio\classical\1329360\1329360.mp3,1329360.mp3,10,5.0,0,1c3nQLcgL135ciMhXJNAZfXTlX7I_84ip
359,classical,1329498,C:\Yukawa\Lab\Dataset\MTG-Jamendo-9mapping\9genre_music200_cqt\classical\1329498\cqt.npy,C:\Yukawa\music-reco-Jamendo-2-public\audio\classical\1329498\1329498.mp3,1329498.mp3,10,5.0,0,1QPI3rAoCwsOc-gWtYcA9I40T4U6IQXP3
360,classical,1329523,C:\Yukawa\Lab\Dataset\MTG-Jamendo-9mapping\9genre_music200_cqt\classical\1329523\cqt.npy,C:\Yukawa\music-reco-Jamendo-2-public\audio\classical\1329523\1329523.mp3,1329523.mp3,10,5.0,0,1KcuH5MFudyHJQJeVVA4TYpvcM4tPnhUS
361,classical,1329941,C:\Yukawa\Lab\Dataset\MTG-Jamendo-9mapping\9genre_music200_cqt\classical\1329941\cqt.npy,C:\Yukawa\music-reco-Jamendo-2-public\audio\classical\1329941\1329941.mp3,1329941.mp3,10,5.0,0,1IQs_KdEt3wFDBQgoIoMRG-7JjZNcu2--
362,classical,1330232,C:\Yukawa\Lab\Dataset\MTG-Jamendo-9mapping\9genre_music200_cqt\classical\1330232\cqt.npy,C:\Yukawa\music-reco-Jamendo-2-public\audio\classical\1330232\1330232.mp3,1330232.mp3,10,5.0,0,1m1H4DPX1z2N-p0NFfQ0vubHfYUHbCq_-
363,classical,1330233,C:\Yukawa\Lab\Dataset\MTG-Jamendo-9mapping\9genre_music200_cqt\classical\1330233\cqt.npy,C:\Yukawa\music-reco-Jamendo-2-public\audio\classical\1330233\1330233.mp3,1330233.mp3,10,5.0,0,1xWC53A8krS-SAwvCBAhR1g4-ySOWx3jy
364,classical,1331092,C:\Yukawa\Lab\Dataset\MTG-Jamendo-9mapping\9genre_music200_cqt\classical\1331092\cqt.npy,C:\Yukawa\music-reco-Jamendo-2-public\audio\classical\1331092\1331092.mp3,1331092.mp3,10,5.0,0,1ZwMLoNREMDjxK6zyy0JgJM_qzZgJuc0z
365,classical,1331093,C:\Yukawa\Lab\Dataset\MTG-Jamendo-9mapping\9genre_music200_cqt\classical\1331093\cqt.npy,C:\Yukawa\music-reco-Jamendo-2-public\audio\classical\1331093\1331093.mp3,1331093.mp3,10,5.0,0,17nvTwuXnA3mlW1NWotmImPIbEELRPatN
366,classical,1333043,C:\Yukawa\Lab\Dataset\MTG-Jamendo-9mapping\9genre_music200_cqt\classical\1333043\cqt.npy,C:\Yukawa\music-reco-Jamendo-2-public\audio\classical\1333043\1333043.mp3,1333043.mp3,10,5.0,0,1SlrjccCxzKGZZOUMmBzMDMvD6MVVSlBm
367,classical,1333044,C:\Yukawa\Lab\Dataset\MTG-Jamendo-9mapping\9genre_music200_cqt\classical\1333044\cqt.npy,C:\Yukawa\music-reco-Jamendo-2-public\audio\classical\1333044\1333044.mp3,1333044.mp3,10,5.0,0,1qMbw8GNqG-DZ-JOOzUNcfyl00RBaBfYy
368,classical,1333558,C:\Yukawa\Lab\Dataset\MTG-Jamendo-9mapping\9genre_music200_cqt\classical\1333558\cqt.npy,C:\Yukawa\music-reco-Jamendo-2-public\audio\classical\1333558\1333558.mp3,1333558.mp3,10,5.0,0,17IYuGjUuvJcvFeH6h5LRYjJx-ICWZvnu
369,classical,1333560,C:\Yukawa\Lab\Dataset\MTG-Jamendo-9mapping\9genre_music200_cqt\classical\1333560\cqt.npy,C:\Yukawa\music-reco-Jamendo-2-public\audio\classical\1333560\1333560.mp3,1333560.mp3,10,5.0,0,1xvD5UmdLL4wKAaTAzT3z-wSUEdvSWsXw
370,classical,1333562,C:\Yukawa\Lab\Dataset\MTG-Jamendo-9mapping\9genre_music200_cqt\classical\1333562\cqt.npy,C:\Yukawa\music-reco-Jamendo-2-public\audio\classical\1333562\1333562.mp3,1333562.mp3,10,5.0,0,1yz0Z6Is2e84DKPPSk_E-mWfK12BH8FnJ
371,classical,1333563,C:\Yukawa\Lab\Dataset\MTG-Jamendo-9mapping\9genre_music200_cqt\classical\1333563\cqt.npy,C:\Yukawa\music-reco-Jamendo-2-public\audio\classical\1333563\1333563.mp3,1333563.mp3,10,5.0,0,14tBZoHUYXc6BkJwgYAITHji0jdvptQn0
372,classical,1333638,C:\Yukawa\Lab\Dataset\MTG-Jamendo-9mapping\9genre_music200_cqt\classical\1333638\cqt.npy,C:\Yukawa\music-reco-Jamendo-2-public\audio\classical\1333638\1333638.mp3,1333638.mp3,10,5.0,0,1iswDyTZ5ppyEwzUn0sP8yUUXu1CXOF4B
373,classical,1334778,C:\Yukawa\Lab\Dataset\MTG-Jamendo-9mapping\9genre_music200_cqt\classical\1334778\cqt.npy,C:\Yukawa\music-reco-Jamendo-2-public\audio\classical\1334778\1334778.mp3,1334778.mp3,10,5.0,0,1dcY8I1bX5mFAffX1cfAxDBK9W0CzwoCN
374,classical,1335359,C:\Yukawa\Lab\Dataset\MTG-Jamendo-9mapping\9genre_music200_cqt\classical\1335359\cqt.npy,C:\Yukawa\music-reco-Jamendo-2-public\audio\classical\1335359\1335359.mp3,1335359.mp3,10,5.0,0,1P4Id1SfFM9CB1Nh2bBQa61iexP3yTxIc
375,classical,1335360,C:\Yukawa\Lab\Dataset\MTG-Jamendo-9mapping\9genre_music200_cqt\classical\1335360\cqt.npy,C:\Yukawa\music-reco-Jamendo-2-public\audio\classical\1335360\1335360.mp3,1335360.mp3,10,5.0,0,1sEhIUL80JCOgeI62mRDWNFffmPKTc6H3
376,classical,1337776,C:\Yukawa\Lab\Dataset\MTG-Jamendo-9mapping\9genre_music200_cqt\classical\1337776\cqt.npy,C:\Yukawa\music-reco-Jamendo-2-public\audio\classical\1337776\1337776.mp3,1337776.mp3,10,5.0,0,1z41SGGC9p9zgbnasEw2d0o115RNfqPnV
377,classical,1337777,C:\Yukawa\Lab\Dataset\MTG-Jamendo-9mapping\9genre_music200_cqt\classical\1337777\cqt.npy,C:\Yukawa\music-reco-Jamendo-2-public\audio\classical\1337777\1337777.mp3,1337777.mp3,10,5.0,0,1NsMDgq1mzDrI8NupCgJp1D6_ksIwiRGW
378,classical,1338310,C:\Yukawa\Lab\Dataset\MTG-Jamendo-9mapping\9genre_music200_cqt\classical\1338310\cqt.npy,C:\Yukawa\music-reco-Jamendo-2-public\audio\classical\1338310\1338310.mp3,1338310.mp3,10,5.0,0,1Y_lUIvGa_7E021LKr_E2qmXUn766pbzv
379,classical,1339326,C:\Yukawa\Lab\Dataset\MTG-Jamendo-9mapping\9genre_music200_cqt\classical\1339326\cqt.npy,C:\Yukawa\music-reco-Jamendo-2-public\audio\classical\1339326\1339326.mp3,1339326.mp3,10,5.0,0,1KSu2guDXO-rKRSXseonmo9QiMwIxnh_u
380,classical,1339327,C:\Yukawa\Lab\Dataset\MTG-Jamendo-9mapping\9genre_music200_cqt\classical\1339327\cqt.npy,C:\Yukawa\music-reco-Jamendo-2-public\audio\classical\1339327\1339327.mp3,1339327.mp3,10,5.0,0,1TU3HGZCY3qGm-dniPH1vXPGgQ2RCb_dq
381,classical,1340323,C:\Yukawa\Lab\Dataset\MTG-Jamendo-9mapping\9genre_music200_cqt\classical\1340323\cqt.npy,C:\Yukawa\music-reco-Jamendo-2-public\audio\classical\1340323\1340323.mp3,1340323.mp3,10,5.0,0,1hF4FPcqduI-tguHqj4H61VcmXNGicsNr
382,classical,1342463,C:\Yukawa\Lab\Dataset\MTG-Jamendo-9mapping\9genre_music200_cqt\classical\1342463\cqt.npy,C:\Yukawa\music-reco-Jamendo-2-public\audio\classical\1342463\1342463.mp3,1342463.mp3,10,5.0,0,1ratgPoNNw6lpHKaEYaN6AqsxmocDMo6_
383,classical,1342464,C:\Yukawa\Lab\Dataset\MTG-Jamendo-9mapping\9genre_music200_cqt\classical\1342464\cqt.npy,C:\Yukawa\music-reco-Jamendo-2-public\audio\classical\1342464\1342464.mp3,1342464.mp3,10,5.0,0,1N3dJx9-WKT41ZzTgF6UXCOk3erS4qdfm
384,classical,1343112,C:\Yukawa\Lab\Dataset\MTG-Jamendo-9mapping\9genre_music200_cqt\classical\1343112\cqt.npy,C:\Yukawa\music-reco-Jamendo-2-public\audio\classical\1343112\1343112.mp3,1343112.mp3,10,5.0,0,17_wol_P-QkBOPG35peVZTfwKCcf7Sjwx
385,classical,1343113,C:\Yukawa\Lab\Dataset\MTG-Jamendo-9mapping\9genre_music200_cqt\classical\1343113\cqt.npy,C:\Yukawa\music-reco-Jamendo-2-public\audio\classical\1343113\1343113.mp3,1343113.mp3,10,5.0,0,1HIvsbB_BiSHp745EqEubKLVzhCOczecH
386,classical,1344339,C:\Yukawa\Lab\Dataset\MTG-Jamendo-9mapping\9genre_music200_cqt\classical\1344339\cqt.npy,C:\Yukawa\music-reco-Jamendo-2-public\audio\classical\1344339\1344339.mp3,1344339.mp3,10,5.0,0,1ixK7gVSVmbtpvJI3xvSHAPZXvaITVjOF
387,classical,1344340,C:\Yukawa\Lab\Dataset\MTG-Jamendo-9mapping\9genre_music200_cqt\classical\1344340\cqt.npy,C:\Yukawa\music-reco-Jamendo-2-public\audio\classical\1344340\1344340.mp3,1344340.mp3,10,5.0,0,1_i1Sj_ClHOEyCJnUZ0jl0lC8Fd8jsvSF
388,classical,1348717,C:\Yukawa\Lab\Dataset\MTG-Jamendo-9mapping\9genre_music200_cqt\classical\1348717\cqt.npy,C:\Yukawa\music-reco-Jamendo-2-public\audio\classical\1348717\1348717.mp3,1348717.mp3,10,5.0,0,157DsicqXwppSgth4wh8I6ZlKcIKugYwm
389,classical,1348718,C:\Yukawa\Lab\Dataset\MTG-Jamendo-9mapping\9genre_music200_cqt\classical\1348718\cqt.npy,C:\Yukawa\music-reco-Jamendo-2-public\audio\classical\1348718\1348718.mp3,1348718.mp3,10,5.0,0,15mTd5IbfYvWsa4-G_sVL4agtagq_uKsN
390,classical,1350944,C:\Yukawa\Lab\Dataset\MTG-Jamendo-9mapping\9genre_music200_cqt\classical\1350944\cqt.npy,C:\Yukawa\music-reco-Jamendo-2-public\audio\classical\1350944\1350944.mp3,1350944.mp3,10,5.0,0,1iVPXHWXPXEg22vqwfTm-zDCkb0oxl7JU
391,classical,1350945,C:\Yukawa\Lab\Dataset\MTG-Jamendo-9mapping\9genre_music200_cqt\classical\1350945\cqt.npy,C:\Yukawa\music-reco-Jamendo-2-public\audio\classical\1350945\1350945.mp3,1350945.mp3,10,5.0,0,1EDlZpGT6v58hd5s5noS8molFwMSXltdY
392,classical,1352893,C:\Yukawa\Lab\Dataset\MTG-Jamendo-9mapping\9genre_music200_cqt\classical\1352893\cqt.npy,C:\Yukawa\music-reco-Jamendo-2-public\audio\classical\1352893\1352893.mp3,1352893.mp3,10,5.0,0,1d4L06r-e9t-YsnhxQ-CczW9uRkV3iG8q
393,classical,1352894,C:\Yukawa\Lab\Dataset\MTG-Jamendo-9mapping\9genre_music200_cqt\classical\1352894\cqt.npy,C:\Yukawa\music-reco-Jamendo-2-public\audio\classical\1352894\1352894.mp3,1352894.mp3,10,5.0,0,1rQxhh7H8QAXTYX-rLVbbokesbtCdJdPS
394,classical,1352970,C:\Yukawa\Lab\Dataset\MTG-Jamendo-9mapping\9genre_music200_cqt\classical\1352970\cqt.npy,C:\Yukawa\music-reco-Jamendo-2-public\audio\classical\1352970\1352970.mp3,1352970.mp3,10,5.0,0,1-nP-gJXy8qunamiEninnFZVRJltIZGsw
395,classical,1352971,C:\Yukawa\Lab\Dataset\MTG-Jamendo-9mapping\9genre_music200_cqt\classical\1352971\cqt.npy,C:\Yukawa\music-reco-Jamendo-2-public\audio\classical\1352971\1352971.mp3,1352971.mp3,10,5.0,0,1D0I7QZXxBYdnhmHZWZ_MQNpLOO_etwNf
396,classical,1352972,C:\Yukawa\Lab\Dataset\MTG-Jamendo-9mapping\9genre_music200_cqt\classical\1352972\cqt.npy,C:\Yukawa\music-reco-Jamendo-2-public\audio\classical\1352972\1352972.mp3,1352972.mp3,10,5.0,0,1P3n-02vNmitP5Uz7GXnCKr4VnjiGLivn
397,classical,1353535,C:\Yukawa\Lab\Dataset\MTG-Jamendo-9mapping\9genre_music200_cqt\classical\1353535\cqt.npy,C:\Yukawa\music-reco-Jamendo-2-public\audio\classical\1353535\1353535.mp3,1353535.mp3,10,5.0,0,1I9YOOJxV8SjkG-PvwIxJUelIyEepm9_z
398,classical,1353536,C:\Yukawa\Lab\Dataset\MTG-Jamendo-9mapping\9genre_music200_cqt\classical\1353536\cqt.npy,C:\Yukawa\music-reco-Jamendo-2-public\audio\classical\1353536\1353536.mp3,1353536.mp3,10,5.0,0,1YPfdcyKjG2BIDmJl0Cs-7y6NzpTlf6lC
399,classical,1354846,C:\Yukawa\Lab\Dataset\MTG-Jamendo-9mapping\9genre_music200_cqt\classical\1354846\cqt.npy,C:\Yukawa\music-reco-Jamendo-2-public\audio\classical\1354846\1354846.mp3,1354846.mp3,10,5.0,0,1mCWDUflKqE_gT1cT-XM0YQ6Tat48LceF
400,country,1002052,C:\Yukawa\Lab\Dataset\MTG-Jamendo-9mapping\9genre_music200_cqt\country\1002052\cqt.npy,C:\Yukawa\music-reco-Jamendo-2-public\audio\country\1002052\1002052.mp3,1002052.mp3,10,5.0,0,1H4hywUbTQJ3mhf2RpI36aZE2OaenkOMh
401,country,1010360,C:\Yukawa\Lab\Dataset\MTG-Jamendo-9mapping\9genre_music200_cqt\country\1010360\cqt.npy,C:\Yukawa\music-reco-Jamendo-2-public\audio\country\1010360\1010360.mp3,1010360.mp3,10,5.0,0,1sjhib8mcijy-KmDOmGsVSczJnuw4_1X3
402,country,1016733,C:\Yukawa\Lab\Dataset\MTG-Jamendo-9mapping\9genre_music200_cqt\country\1016733\cqt.npy,C:\Yukawa\music-reco-Jamendo-2-public\audio\country\1016733\1016733.mp3,1016733.mp3,10,5.0,0,1Hcb7ABlPIjlvvukje8yPnHCVP-TQPEmj
403,country,1018531,C:\Yukawa\Lab\Dataset\MTG-Jamendo-9mapping\9genre_music200_cqt\country\1018531\cqt.npy,C:\Yukawa\music-reco-Jamendo-2-public\audio\country\1018531\1018531.mp3,1018531.mp3,10,5.0,0,1rJafIbYE23XQHuPqwAcu9KOhiIG0x2wg
404,country,1018532,C:\Yukawa\Lab\Dataset\MTG-Jamendo-9mapping\9genre_music200_cqt\country\1018532\cqt.npy,C:\Yukawa\music-reco-Jamendo-2-public\audio\country\1018532\1018532.mp3,1018532.mp3,10,5.0,0,1R_QMPGZslAkVy-_iZzUaXNvwNSdkOGjj
405,country,1018533,C:\Yukawa\Lab\Dataset\MTG-Jamendo-9mapping\9genre_music200_cqt\country\1018533\cqt.npy,C:\Yukawa\music-reco-Jamendo-2-public\audio\country\1018533\1018533.mp3,1018533.mp3,10,5.0,0,1tS1_qIdYmi0oNfTPEy-3psPoTrHV70Di
406,country,1018534,C:\Yukawa\Lab\Dataset\MTG-Jamendo-9mapping\9genre_music200_cqt\country\1018534\cqt.npy,C:\Yukawa\music-reco-Jamendo-2-public\audio\country\1018534\1018534.mp3,1018534.mp3,10,5.0,0,1MPhZYrdkSTlcGpx2EA1ZXv_Xrxtm0QM9
407,country,1018535,C:\Yukawa\Lab\Dataset\MTG-Jamendo-9mapping\9genre_music200_cqt\country\1018535\cqt.npy,C:\Yukawa\music-reco-Jamendo-2-public\audio\country\1018535\1018535.mp3,1018535.mp3,10,5.0,0,1PvdlxxdrY1-WZl8EgbUlYGX7R0DNy6Nz
408,country,1018536,C:\Yukawa\Lab\Dataset\MTG-Jamendo-9mapping\9genre_music200_cqt\country\1018536\cqt.npy,C:\Yukawa\music-reco-Jamendo-2-public\audio\country\1018536\1018536.mp3,1018536.mp3,10,5.0,0,1mlCeWSwOCbOK5ZS6dhIvaGj4HHDv46Lu
409,country,1018537,C:\Yukawa\Lab\Dataset\MTG-Jamendo-9mapping\9genre_music200_cqt\country\1018537\cqt.npy,C:\Yukawa\music-reco-Jamendo-2-public\audio\country\1018537\1018537.mp3,1018537.mp3,10,5.0,0,1DHQmmTMUY_R65tN0BGZ2fh8cNKeMJOP3
410,country,1018538,C:\Yukawa\Lab\Dataset\MTG-Jamendo-9mapping\9genre_music200_cqt\country\1018538\cqt.npy,C:\Yukawa\music-reco-Jamendo-2-public\audio\country\1018538\1018538.mp3,1018538.mp3,10,5.0,0,1cyg48VVOLE3Xpqh5a0a_j5gLFDYtckFc
411,country,1018539,C:\Yukawa\Lab\Dataset\MTG-Jamendo-9mapping\9genre_music200_cqt\country\1018539\cqt.npy,C:\Yukawa\music-reco-Jamendo-2-public\audio\country\1018539\1018539.mp3,1018539.mp3,10,5.0,0,1ONq8tF1T9CKn5vJ5LF1GBqrP-vOEzPft
412,country,1018540,C:\Yukawa\Lab\Dataset\MTG-Jamendo-9mapping\9genre_music200_cqt\country\1018540\cqt.npy,C:\Yukawa\music-reco-Jamendo-2-public\audio\country\1018540\1018540.mp3,1018540.mp3,10,5.0,0,1Ff-keriZcqNr7s9EsK3I06NJL7_G-hbr
413,country,1018541,C:\Yukawa\Lab\Dataset\MTG-Jamendo-9mapping\9genre_music200_cqt\country\1018541\cqt.npy,C:\Yukawa\music-reco-Jamendo-2-public\audio\country\1018541\1018541.mp3,1018541.mp3,10,5.0,0,19WgFFIpPg04X26za7ImKzNzHnskWPQOc
414,country,1030386,C:\Yukawa\Lab\Dataset\MTG-Jamendo-9mapping\9genre_music200_cqt\country\1030386\cqt.npy,C:\Yukawa\music-reco-Jamendo-2-public\audio\country\1030386\1030386.mp3,1030386.mp3,10,5.0,0,1oyP0j4w7itSL2h-NgclU-niQB9_mKCZ1
415,country,1051175,C:\Yukawa\Lab\Dataset\MTG-Jamendo-9mapping\9genre_music200_cqt\country\1051175\cqt.npy,C:\Yukawa\music-reco-Jamendo-2-public\audio\country\1051175\1051175.mp3,1051175.mp3,10,5.0,0,1ag_6CE__1cDyHvQNMETJ0x3RIaJFyQPA
416,country,1128846,C:\Yukawa\Lab\Dataset\MTG-Jamendo-9mapping\9genre_music200_cqt\country\1128846\cqt.npy,C:\Yukawa\music-reco-Jamendo-2-public\audio\country\1128846\1128846.mp3,1128846.mp3,10,5.0,0,1b6NH6-7fkMkXE_j3EgeJbCDxwZkNOuB_
417,country,1149878,C:\Yukawa\Lab\Dataset\MTG-Jamendo-9mapping\9genre_music200_cqt\country\1149878\cqt.npy,C:\Yukawa\music-reco-Jamendo-2-public\audio\country\1149878\1149878.mp3,1149878.mp3,10,5.0,0,16RZYBIzHzCAnx4FkR--3kz2j9x0UDFKR
418,country,1158020,C:\Yukawa\Lab\Dataset\MTG-Jamendo-9mapping\9genre_music200_cqt\country\1158020\cqt.npy,C:\Yukawa\music-reco-Jamendo-2-public\audio\country\1158020\1158020.mp3,1158020.mp3,10,5.0,0,1lLX4abOAwOfz7V1e8coMY_1GgshWZjt-
419,country,1170598,C:\Yukawa\Lab\Dataset\MTG-Jamendo-9mapping\9genre_music200_cqt\country\1170598\cqt.npy,C:\Yukawa\music-reco-Jamendo-2-public\audio\country\1170598\1170598.mp3,1170598.mp3,10,5.0,0,1GPdrlsTOW-w2vb_3t5TgBn6-LeiocTk5
420,country,1173258,C:\Yukawa\Lab\Dataset\MTG-Jamendo-9mapping\9genre_music200_cqt\country\1173258\cqt.npy,C:\Yukawa\music-reco-Jamendo-2-public\audio\country\1173258\1173258.mp3,1173258.mp3,10,5.0,0,1JR2JskbEKG5mhKIAKDc9N0TJEpRO1pwE
421,country,1173259,C:\Yukawa\Lab\Dataset\MTG-Jamendo-9mapping\9genre_music200_cqt\country\1173259\cqt.npy,C:\Yukawa\music-reco-Jamendo-2-public\audio\country\1173259\1173259.mp3,1173259.mp3,10,5.0,0,1SMYD1xeQ6Lo7q-OkvPHuwhA6uw61Nm39
422,country,1173260,C:\Yukawa\Lab\Dataset\MTG-Jamendo-9mapping\9genre_music200_cqt\country\1173260\cqt.npy,C:\Yukawa\music-reco-Jamendo-2-public\audio\country\1173260\1173260.mp3,1173260.mp3,10,5.0,0,1jOoumz1WG6tM5D0uxT1vzEKnC27qKkIQ
423,country,1179374,C:\Yukawa\Lab\Dataset\MTG-Jamendo-9mapping\9genre_music200_cqt\country\1179374\cqt.npy,C:\Yukawa\music-reco-Jamendo-2-public\audio\country\1179374\1179374.mp3,1179374.mp3,10,5.0,0,1OPrhGoAGWe0OMiym5hR6ACRAQiaxCufD
424,country,1189948,C:\Yukawa\Lab\Dataset\MTG-Jamendo-9mapping\9genre_music200_cqt\country\1189948\cqt.npy,C:\Yukawa\music-reco-Jamendo-2-public\audio\country\1189948\1189948.mp3,1189948.mp3,10,5.0,0,1e8uKzbN31a0S3rcYTwvHSKCN05ilAjL3
425,country,1193569,C:\Yukawa\Lab\Dataset\MTG-Jamendo-9mapping\9genre_music200_cqt\country\1193569\cqt.npy,C:\Yukawa\music-reco-Jamendo-2-public\audio\country\1193569\1193569.mp3,1193569.mp3,10,5.0,0,1xD6_MVAxd0cjRdTAA477GHz7b1B2_Q6s
426,country,1204670,C:\Yukawa\Lab\Dataset\MTG-Jamendo-9mapping\9genre_music200_cqt\country\1204670\cqt.npy,C:\Yukawa\music-reco-Jamendo-2-public\audio\country\1204670\1204670.mp3,1204670.mp3,10,5.0,0,133RhB2Bm4-T7ZDmcR5Bl87QZSY8Ffl_4
427,country,1208040,C:\Yukawa\Lab\Dataset\MTG-Jamendo-9mapping\9genre_music200_cqt\country\1208040\cqt.npy,C:\Yukawa\music-reco-Jamendo-2-public\audio\country\1208040\1208040.mp3,1208040.mp3,10,5.0,0,13CPieoevnx2qwCPZxKysHmmx2SJSkh_A
428,country,1222786,C:\Yukawa\Lab\Dataset\MTG-Jamendo-9mapping\9genre_music200_cqt\country\1222786\cqt.npy,C:\Yukawa\music-reco-Jamendo-2-public\audio\country\1222786\1222786.mp3,1222786.mp3,10,5.0,0,1waYEZV5vSsDbZxyo42VLGK-QTlnxRWdP
429,country,1222845,C:\Yukawa\Lab\Dataset\MTG-Jamendo-9mapping\9genre_music200_cqt\country\1222845\cqt.npy,C:\Yukawa\music-reco-Jamendo-2-public\audio\country\1222845\1222845.mp3,1222845.mp3,10,5.0,0,1JVxSLTUfQkGFYN27FfXCEfQTFqZrFyzE
430,country,1223079,C:\Yukawa\Lab\Dataset\MTG-Jamendo-9mapping\9genre_music200_cqt\country\1223079\cqt.npy,C:\Yukawa\music-reco-Jamendo-2-public\audio\country\1223079\1223079.mp3,1223079.mp3,10,5.0,0,1CkasnKIw_KL_MF30Za4q0peBtt2kh59v
431,country,1223081,C:\Yukawa\Lab\Dataset\MTG-Jamendo-9mapping\9genre_music200_cqt\country\1223081\cqt.npy,C:\Yukawa\music-reco-Jamendo-2-public\audio\country\1223081\1223081.mp3,1223081.mp3,10,5.0,0,14K9__hnN76R7Qzbe7ixM2z6ARH6PjVIz
432,country,1223083,C:\Yukawa\Lab\Dataset\MTG-Jamendo-9mapping\9genre_music200_cqt\country\1223083\cqt.npy,C:\Yukawa\music-reco-Jamendo-2-public\audio\country\1223083\1223083.mp3,1223083.mp3,10,5.0,0,1hUCDiAaMwNPVSYVOYyfJmoh7wmjpQJSY
433,country,1223084,C:\Yukawa\Lab\Dataset\MTG-Jamendo-9mapping\9genre_music200_cqt\country\1223084\cqt.npy,C:\Yukawa\music-reco-Jamendo-2-public\audio\country\1223084\1223084.mp3,1223084.mp3,10,5.0,0,1P2c819wpRC6iR9MemgNvH1meqgEy7e8d
434,country,1223085,C:\Yukawa\Lab\Dataset\MTG-Jamendo-9mapping\9genre_music200_cqt\country\1223085\cqt.npy,C:\Yukawa\music-reco-Jamendo-2-public\audio\country\1223085\1223085.mp3,1223085.mp3,10,5.0,0,1UIE1wLPkdwX73FE5D_xm0utWbGDkXzD2
435,country,1223086,C:\Yukawa\Lab\Dataset\MTG-Jamendo-9mapping\9genre_music200_cqt\country\1223086\cqt.npy,C:\Yukawa\music-reco-Jamendo-2-public\audio\country\1223086\1223086.mp3,1223086.mp3,10,5.0,0,1zhJF3nHkEJvkP-y-9BP6hNw5rrh6IOwR
436,country,1223765,C:\Yukawa\Lab\Dataset\MTG-Jamendo-9mapping\9genre_music200_cqt\country\1223765\cqt.npy,C:\Yukawa\music-reco-Jamendo-2-public\audio\country\1223765\1223765.mp3,1223765.mp3,10,5.0,0,1JXE0rD6nAVTffi2_XWZW9-NMASFDvwiq
437,country,1223933,C:\Yukawa\Lab\Dataset\MTG-Jamendo-9mapping\9genre_music200_cqt\country\1223933\cqt.npy,C:\Yukawa\music-reco-Jamendo-2-public\audio\country\1223933\1223933.mp3,1223933.mp3,10,5.0,0,1US1wvkOvn5ky0YQrrEBcWLTaEuIPzzLv
438,country,1271911,C:\Yukawa\Lab\Dataset\MTG-Jamendo-9mapping\9genre_music200_cqt\country\1271911\cqt.npy,C:\Yukawa\music-reco-Jamendo-2-public\audio\country\1271911\1271911.mp3,1271911.mp3,10,5.0,0,1XwKYc1mU1-I80-kvVGpgVRKK0jJhqcxG
439,country,1276486,C:\Yukawa\Lab\Dataset\MTG-Jamendo-9mapping\9genre_music200_cqt\country\1276486\cqt.npy,C:\Yukawa\music-reco-Jamendo-2-public\audio\country\1276486\1276486.mp3,1276486.mp3,10,5.0,0,1x8Ia509lhxyxPN8ov7SR5i7H6qVbivpb
440,country,1276510,C:\Yukawa\Lab\Dataset\MTG-Jamendo-9mapping\9genre_music200_cqt\country\1276510\cqt.npy,C:\Yukawa\music-reco-Jamendo-2-public\audio\country\1276510\1276510.mp3,1276510.mp3,10,5.0,0,1WUifueoDMo7a0MeuM4dcwnZA7WzZqbfb
441,country,1276512,C:\Yukawa\Lab\Dataset\MTG-Jamendo-9mapping\9genre_music200_cqt\country\1276512\cqt.npy,C:\Yukawa\music-reco-Jamendo-2-public\audio\country\1276512\1276512.mp3,1276512.mp3,10,5.0,0,1YWLV6dzCuwq4fWkuZfa4egMWTp2zq92a
442,country,1292567,C:\Yukawa\Lab\Dataset\MTG-Jamendo-9mapping\9genre_music200_cqt\country\1292567\cqt.npy,C:\Yukawa\music-reco-Jamendo-2-public\audio\country\1292567\1292567.mp3,1292567.mp3,10,5.0,0,1Gpa0XoW-RGbKllk2W05SUwYYV__z_v0B
443,country,1329476,C:\Yukawa\Lab\Dataset\MTG-Jamendo-9mapping\9genre_music200_cqt\country\1329476\cqt.npy,C:\Yukawa\music-reco-Jamendo-2-public\audio\country\1329476\1329476.mp3,1329476.mp3,10,5.0,0,1GDs_cYsk_d_YOom8vTlHMIb8BE0jijRA
444,country,1333696,C:\Yukawa\Lab\Dataset\MTG-Jamendo-9mapping\9genre_music200_cqt\country\1333696\cqt.npy,C:\Yukawa\music-reco-Jamendo-2-public\audio\country\1333696\1333696.mp3,1333696.mp3,10,5.0,0,1FuseCioPJl4SSeRUShs0tdRpkODs2zpa
445,country,1333697,C:\Yukawa\Lab\Dataset\MTG-Jamendo-9mapping\9genre_music200_cqt\country\1333697\cqt.npy,C:\Yukawa\music-reco-Jamendo-2-public\audio\country\1333697\1333697.mp3,1333697.mp3,10,5.0,0,1uV-RlssCggUNRxzwVpIKNHcp4MuBcKu9
446,country,1333698,C:\Yukawa\Lab\Dataset\MTG-Jamendo-9mapping\9genre_music200_cqt\country\1333698\cqt.npy,C:\Yukawa\music-reco-Jamendo-2-public\audio\country\1333698\1333698.mp3,1333698.mp3,10,5.0,0,1jt7Ka1HOKbt3ceXeZzCMoaQpdd8NZJYV
447,country,1333699,C:\Yukawa\Lab\Dataset\MTG-Jamendo-9mapping\9genre_music200_cqt\country\1333699\cqt.npy,C:\Yukawa\music-reco-Jamendo-2-public\audio\country\1333699\1333699.mp3,1333699.mp3,10,5.0,0,1XVrUfjrjroCJ2YXLk95Cy-AnfXVqjhAg
448,country,1333721,C:\Yukawa\Lab\Dataset\MTG-Jamendo-9mapping\9genre_music200_cqt\country\1333721\cqt.npy,C:\Yukawa\music-reco-Jamendo-2-public\audio\country\1333721\1333721.mp3,1333721.mp3,10,5.0,0,1EWAR3grWwd3LAYU17ugOhr-L4OXQ6Zgw
449,country,1340333,C:\Yukawa\Lab\Dataset\MTG-Jamendo-9mapping\9genre_music200_cqt\country\1340333\cqt.npy,C:\Yukawa\music-reco-Jamendo-2-public\audio\country\1340333\1340333.mp3,1340333.mp3,10,5.0,0,1MNwx-XXMhwfaZxOgoi697E_4WJOLJXMn
450,country,1340552,C:\Yukawa\Lab\Dataset\MTG-Jamendo-9mapping\9genre_music200_cqt\country\1340552\cqt.npy,C:\Yukawa\music-reco-Jamendo-2-public\audio\country\1340552\1340552.mp3,1340552.mp3,10,5.0,0,1IxDSUflE5VnjEjyCyMGPxHiLWBBwnj3w
451,country,1340553,C:\Yukawa\Lab\Dataset\MTG-Jamendo-9mapping\9genre_music200_cqt\country\1340553\cqt.npy,C:\Yukawa\music-reco-Jamendo-2-public\audio\country\1340553\1340553.mp3,1340553.mp3,10,5.0,0,1QSdxX6RaAvvhup6S2labR560peaYyoR6
452,country,1340554,C:\Yukawa\Lab\Dataset\MTG-Jamendo-9mapping\9genre_music200_cqt\country\1340554\cqt.npy,C:\Yukawa\music-reco-Jamendo-2-public\audio\country\1340554\1340554.mp3,1340554.mp3,10,5.0,0,1EXjG43BQlFYOZwsmMAXFHG_UUEX5VPsw
453,country,1340555,C:\Yukawa\Lab\Dataset\MTG-Jamendo-9mapping\9genre_music200_cqt\country\1340555\cqt.npy,C:\Yukawa\music-reco-Jamendo-2-public\audio\country\1340555\1340555.mp3,1340555.mp3,10,5.0,0,1_dGKDke5wQA5wZc9kq2Q4alVEaq7BHQG
454,country,1340556,C:\Yukawa\Lab\Dataset\MTG-Jamendo-9mapping\9genre_music200_cqt\country\1340556\cqt.npy,C:\Yukawa\music-reco-Jamendo-2-public\audio\country\1340556\1340556.mp3,1340556.mp3,10,5.0,0,1gfHDDBl3ADBmNPPqS4-X55AGNy4ANT4B
455,country,1340557,C:\Yukawa\Lab\Dataset\MTG-Jamendo-9mapping\9genre_music200_cqt\country\1340557\cqt.npy,C:\Yukawa\music-reco-Jamendo-2-public\audio\country\1340557\1340557.mp3,1340557.mp3,10,5.0,0,1qFHwDlZ1d08Jl-5A9dS60oJPGXPp2Sm5
456,country,1340558,C:\Yukawa\Lab\Dataset\MTG-Jamendo-9mapping\9genre_music200_cqt\country\1340558\cqt.npy,C:\Yukawa\music-reco-Jamendo-2-public\audio\country\1340558\1340558.mp3,1340558.mp3,10,5.0,0,1tTBOZo8yxIMchczxTLmiaydlZJK0ydeQ
457,country,1340559,C:\Yukawa\Lab\Dataset\MTG-Jamendo-9mapping\9genre_music200_cqt\country\1340559\cqt.npy,C:\Yukawa\music-reco-Jamendo-2-public\audio\country\1340559\1340559.mp3,1340559.mp3,10,5.0,0,17NVp3qbxe6PINAO1iBI1MM6uUtD__W3y
458,country,1340560,C:\Yukawa\Lab\Dataset\MTG-Jamendo-9mapping\9genre_music200_cqt\country\1340560\cqt.npy,C:\Yukawa\music-reco-Jamendo-2-public\audio\country\1340560\1340560.mp3,1340560.mp3,10,5.0,0,1uCKBG5lns63CoQdlbT-Kf9nNJ8tbMPmG
459,country,1340561,C:\Yukawa\Lab\Dataset\MTG-Jamendo-9mapping\9genre_music200_cqt\country\1340561\cqt.npy,C:\Yukawa\music-reco-Jamendo-2-public\audio\country\1340561\1340561.mp3,1340561.mp3,10,5.0,0,1ybgHuICs9yCj6Z0yUDj0HCxXFzO5fPVL
460,country,1340562,C:\Yukawa\Lab\Dataset\MTG-Jamendo-9mapping\9genre_music200_cqt\country\1340562\cqt.npy,C:\Yukawa\music-reco-Jamendo-2-public\audio\country\1340562\1340562.mp3,1340562.mp3,10,5.0,0,1VEr2lnRW_r5mQzICsSrlfab8QiCm1FnU
461,country,1340563,C:\Yukawa\Lab\Dataset\MTG-Jamendo-9mapping\9genre_music200_cqt\country\1340563\cqt.npy,C:\Yukawa\music-reco-Jamendo-2-public\audio\country\1340563\1340563.mp3,1340563.mp3,10,5.0,0,1nIrmEDhAS936DNFnbJ55G-5E1-FXktWY
462,country,1343765,C:\Yukawa\Lab\Dataset\MTG-Jamendo-9mapping\9genre_music200_cqt\country\1343765\cqt.npy,C:\Yukawa\music-reco-Jamendo-2-public\audio\country\1343765\1343765.mp3,1343765.mp3,10,5.0,0,1OaO0XXtbWf9eMQWm3sHVtC5CutcGW_l4
463,country,1343767,C:\Yukawa\Lab\Dataset\MTG-Jamendo-9mapping\9genre_music200_cqt\country\1343767\cqt.npy,C:\Yukawa\music-reco-Jamendo-2-public\audio\country\1343767\1343767.mp3,1343767.mp3,10,5.0,0,1E7So1Bi1qeH3y5O6vlXJa_7fTVC765rm
464,country,1343768,C:\Yukawa\Lab\Dataset\MTG-Jamendo-9mapping\9genre_music200_cqt\country\1343768\cqt.npy,C:\Yukawa\music-reco-Jamendo-2-public\audio\country\1343768\1343768.mp3,1343768.mp3,10,5.0,0,1qQwEeQceOe-umouhMvJFD7IFDiy4Ou29
465,country,1343769,C:\Yukawa\Lab\Dataset\MTG-Jamendo-9mapping\9genre_music200_cqt\country\1343769\cqt.npy,C:\Yukawa\music-reco-Jamendo-2-public\audio\country\1343769\1343769.mp3,1343769.mp3,10,5.0,0,1Y6MtBCQ2cmGTtEWXFa3YXmPP8B2lqcVm
466,country,1343770,C:\Yukawa\Lab\Dataset\MTG-Jamendo-9mapping\9genre_music200_cqt\country\1343770\cqt.npy,C:\Yukawa\music-reco-Jamendo-2-public\audio\country\1343770\1343770.mp3,1343770.mp3,10,5.0,0,1zlusB_YK08FtJaEf8ecWQ8BGa7pqFq7k
467,country,1343771,C:\Yukawa\Lab\Dataset\MTG-Jamendo-9mapping\9genre_music200_cqt\country\1343771\cqt.npy,C:\Yukawa\music-reco-Jamendo-2-public\audio\country\1343771\1343771.mp3,1343771.mp3,10,5.0,0,1hBbycYKhxQYEs0_UFNIqrv_1rkS8rXBc
468,country,1343773,C:\Yukawa\Lab\Dataset\MTG-Jamendo-9mapping\9genre_music200_cqt\country\1343773\cqt.npy,C:\Yukawa\music-reco-Jamendo-2-public\audio\country\1343773\1343773.mp3,1343773.mp3,10,5.0,0,1msuivIBh3jsw5y4Q8CJwP8gLqjXHvxpc
469,country,1343774,C:\Yukawa\Lab\Dataset\MTG-Jamendo-9mapping\9genre_music200_cqt\country\1343774\cqt.npy,C:\Yukawa\music-reco-Jamendo-2-public\audio\country\1343774\1343774.mp3,1343774.mp3,10,5.0,0,1Uc_EXgwZY8UmD_TjaBqpEwmrryW5-22n
470,country,1343775,C:\Yukawa\Lab\Dataset\MTG-Jamendo-9mapping\9genre_music200_cqt\country\1343775\cqt.npy,C:\Yukawa\music-reco-Jamendo-2-public\audio\country\1343775\1343775.mp3,1343775.mp3,10,5.0,0,1mYRzU5-caABEOV7xPqdIeZy-GoqPxKyh
471,country,1343776,C:\Yukawa\Lab\Dataset\MTG-Jamendo-9mapping\9genre_music200_cqt\country\1343776\cqt.npy,C:\Yukawa\music-reco-Jamendo-2-public\audio\country\1343776\1343776.mp3,1343776.mp3,10,5.0,0,19cpu19Odc9Ru1ZSwno2I_mVWtKT8zlCr
472,country,1343777,C:\Yukawa\Lab\Dataset\MTG-Jamendo-9mapping\9genre_music200_cqt\country\1343777\cqt.npy,C:\Yukawa\music-reco-Jamendo-2-public\audio\country\1343777\1343777.mp3,1343777.mp3,10,5.0,0,1uHvYYsp67k8gAk_2X92ENg8RgBqTUKIB
473,country,1343778,C:\Yukawa\Lab\Dataset\MTG-Jamendo-9mapping\9genre_music200_cqt\country\1343778\cqt.npy,C:\Yukawa\music-reco-Jamendo-2-public\audio\country\1343778\1343778.mp3,1343778.mp3,10,5.0,0,1URvaSDSF0O9SsB8KjuZOJye3ZCvugM39
474,country,1343779,C:\Yukawa\Lab\Dataset\MTG-Jamendo-9mapping\9genre_music200_cqt\country\1343779\cqt.npy,C:\Yukawa\music-reco-Jamendo-2-public\audio\country\1343779\1343779.mp3,1343779.mp3,10,5.0,0,1IRDIjxRJqVuvHjGmbUO1CvuOpscrEvP6
475,country,1343782,C:\Yukawa\Lab\Dataset\MTG-Jamendo-9mapping\9genre_music200_cqt\country\1343782\cqt.npy,C:\Yukawa\music-reco-Jamendo-2-public\audio\country\1343782\1343782.mp3,1343782.mp3,10,5.0,0,1O9hFNsPAVOlNFswVf1amN0K_AW6eE93r
476,country,1343810,C:\Yukawa\Lab\Dataset\MTG-Jamendo-9mapping\9genre_music200_cqt\country\1343810\cqt.npy,C:\Yukawa\music-reco-Jamendo-2-public\audio\country\1343810\1343810.mp3,1343810.mp3,10,5.0,0,1K3B83MU5FNMQ3Bs9GzQT1ZDOyyG723Bn
477,country,1343811,C:\Yukawa\Lab\Dataset\MTG-Jamendo-9mapping\9genre_music200_cqt\country\1343811\cqt.npy,C:\Yukawa\music-reco-Jamendo-2-public\audio\country\1343811\1343811.mp3,1343811.mp3,10,5.0,0,1L7LVFDE0DIPyXVX9GpZoU1NQbLEjXg9O
478,country,1343812,C:\Yukawa\Lab\Dataset\MTG-Jamendo-9mapping\9genre_music200_cqt\country\1343812\cqt.npy,C:\Yukawa\music-reco-Jamendo-2-public\audio\country\1343812\1343812.mp3,1343812.mp3,10,5.0,0,10c9hR8VWqhJtAFzGuJFDbEvK9_NfiYRf
479,country,1343813,C:\Yukawa\Lab\Dataset\MTG-Jamendo-9mapping\9genre_music200_cqt\country\1343813\cqt.npy,C:\Yukawa\music-reco-Jamendo-2-public\audio\country\1343813\1343813.mp3,1343813.mp3,10,5.0,0,1xJmoj_S5yfeVEIHNN79ZGZJHLF2Lhtr4
480,country,1343814,C:\Yukawa\Lab\Dataset\MTG-Jamendo-9mapping\9genre_music200_cqt\country\1343814\cqt.npy,C:\Yukawa\music-reco-Jamendo-2-public\audio\country\1343814\1343814.mp3,1343814.mp3,10,5.0,0,1lKT3VsBqU4hxyAXV8hDa14Ga6pdpZxxZ
481,country,1343815,C:\Yukawa\Lab\Dataset\MTG-Jamendo-9mapping\9genre_music200_cqt\country\1343815\cqt.npy,C:\Yukawa\music-reco-Jamendo-2-public\audio\country\1343815\1343815.mp3,1343815.mp3,10,5.0,0,1-nnDXRAraSx-ZmoIWAoTeNV3hjBjOuR2
482,country,1343816,C:\Yukawa\Lab\Dataset\MTG-Jamendo-9mapping\9genre_music200_cqt\country\1343816\cqt.npy,C:\Yukawa\music-reco-Jamendo-2-public\audio\country\1343816\1343816.mp3,1343816.mp3,10,5.0,0,1AuJ5wdIOBz8bMiQjlmvvSxF8-J4BjQPa
483,country,1343817,C:\Yukawa\Lab\Dataset\MTG-Jamendo-9mapping\9genre_music200_cqt\country\1343817\cqt.npy,C:\Yukawa\music-reco-Jamendo-2-public\audio\country\1343817\1343817.mp3,1343817.mp3,10,5.0,0,1SYZHVj6OfmGM-FIFRL8IPb1qu7BkkQEx
484,country,1343818,C:\Yukawa\Lab\Dataset\MTG-Jamendo-9mapping\9genre_music200_cqt\country\1343818\cqt.npy,C:\Yukawa\music-reco-Jamendo-2-public\audio\country\1343818\1343818.mp3,1343818.mp3,10,5.0,0,1g0Uh0q1crmOVMeHHhBQfI8mcUEoPB7zr
485,country,1344487,C:\Yukawa\Lab\Dataset\MTG-Jamendo-9mapping\9genre_music200_cqt\country\1344487\cqt.npy,C:\Yukawa\music-reco-Jamendo-2-public\audio\country\1344487\1344487.mp3,1344487.mp3,10,5.0,0,1aQFlJvIgtstjhwIzBrIchODLj3NwAuIb
486,country,1344488,C:\Yukawa\Lab\Dataset\MTG-Jamendo-9mapping\9genre_music200_cqt\country\1344488\cqt.npy,C:\Yukawa\music-reco-Jamendo-2-public\audio\country\1344488\1344488.mp3,1344488.mp3,10,5.0,0,1vm7emVdMvXlfLnI5-hFlV2xAbEy7OXRV
487,country,1344489,C:\Yukawa\Lab\Dataset\MTG-Jamendo-9mapping\9genre_music200_cqt\country\1344489\cqt.npy,C:\Yukawa\music-reco-Jamendo-2-public\audio\country\1344489\1344489.mp3,1344489.mp3,10,5.0,0,1WbtjhvTPxcwYRf5AfVRjHUh30Z_msXz7
488,country,1344490,C:\Yukawa\Lab\Dataset\MTG-Jamendo-9mapping\9genre_music200_cqt\country\1344490\cqt.npy,C:\Yukawa\music-reco-Jamendo-2-public\audio\country\1344490\1344490.mp3,1344490.mp3,10,5.0,0,1lNljGxS4zmf1EQ-Y34mhuK11fhJKNP3v
489,country,1344491,C:\Yukawa\Lab\Dataset\MTG-Jamendo-9mapping\9genre_music200_cqt\country\1344491\cqt.npy,C:\Yukawa\music-reco-Jamendo-2-public\audio\country\1344491\1344491.mp3,1344491.mp3,10,5.0,0,17pwtKZCd-Q6i2LOeSaTwgQCpBTzMb9pJ
490,country,1344492,C:\Yukawa\Lab\Dataset\MTG-Jamendo-9mapping\9genre_music200_cqt\country\1344492\cqt.npy,C:\Yukawa\music-reco-Jamendo-2-public\audio\country\1344492\1344492.mp3,1344492.mp3,10,5.0,0,13kHJ0Xz-3BxNNtXvEboJ6V--Zl4YLIT5
491,country,1344493,C:\Yukawa\Lab\Dataset\MTG-Jamendo-9mapping\9genre_music200_cqt\country\1344493\cqt.npy,C:\Yukawa\music-reco-Jamendo-2-public\audio\country\1344493\1344493.mp3,1344493.mp3,10,5.0,0,1iqRZpdKgeJ4idTdYxnY-RH22aVQ4i4pj
492,country,1344494,C:\Yukawa\Lab\Dataset\MTG-Jamendo-9mapping\9genre_music200_cqt\country\1344494\cqt.npy,C:\Yukawa\music-reco-Jamendo-2-public\audio\country\1344494\1344494.mp3,1344494.mp3,10,5.0,0,198bkH3ziiX_FqeYxp4f-uw8V6elk0yz_
493,country,1344495,C:\Yukawa\Lab\Dataset\MTG-Jamendo-9mapping\9genre_music200_cqt\country\1344495\cqt.npy,C:\Yukawa\music-reco-Jamendo-2-public\audio\country\1344495\1344495.mp3,1344495.mp3,10,5.0,0,1btyE4jgc9IuUz9GnWmNBdTl5ACJB35-o
494,country,1344496,C:\Yukawa\Lab\Dataset\MTG-Jamendo-9mapping\9genre_music200_cqt\country\1344496\cqt.npy,C:\Yukawa\music-reco-Jamendo-2-public\audio\country\1344496\1344496.mp3,1344496.mp3,10,5.0,0,17GVgRtVgb2yCn6hBx_46AK2EOPZg9Doz
495,country,1344497,C:\Yukawa\Lab\Dataset\MTG-Jamendo-9mapping\9genre_music200_cqt\country\1344497\cqt.npy,C:\Yukawa\music-reco-Jamendo-2-public\audio\country\1344497\1344497.mp3,1344497.mp3,10,5.0,0,1pDhPmcDXBGrldWhdPdskT95qrFJ-h3I1
496,country,1344498,C:\Yukawa\Lab\Dataset\MTG-Jamendo-9mapping\9genre_music200_cqt\country\1344498\cqt.npy,C:\Yukawa\music-reco-Jamendo-2-public\audio\country\1344498\1344498.mp3,1344498.mp3,10,5.0,0,1gUn8AtzFKxcNPa6Wqwg_xe3l4jrxCXZt
497,country,1344830,C:\Yukawa\Lab\Dataset\MTG-Jamendo-9mapping\9genre_music200_cqt\country\1344830\cqt.npy,C:\Yukawa\music-reco-Jamendo-2-public\audio\country\1344830\1344830.mp3,1344830.mp3,10,5.0,0,16aoYDVKKwZ_8GCAeEvAtKcH0eMxkGyDw
498,country,1344831,C:\Yukawa\Lab\Dataset\MTG-Jamendo-9mapping\9genre_music200_cqt\country\1344831\cqt.npy,C:\Yukawa\music-reco-Jamendo-2-public\audio\country\1344831\1344831.mp3,1344831.mp3,10,5.0,0,19YiL7CeK-AhXKL2A5KPzrmUQSS_NKeX2
499,country,1344832,C:\Yukawa\Lab\Dataset\MTG-Jamendo-9mapping\9genre_music200_cqt\country\1344832\cqt.npy,C:\Yukawa\music-reco-Jamendo-2-public\audio\country\1344832\1344832.mp3,1344832.mp3,10,5.0,0,1tHlJZnUy-4koZ0RdpH5sXJ6b5Vrrfm2B
500,country,1344833,C:\Yukawa\Lab\Dataset\MTG-Jamendo-9mapping\9genre_music200_cqt\country\1344833\cqt.npy,C:\Yukawa\music-reco-Jamendo-2-public\audio\country\1344833\1344833.mp3,1344833.mp3,10,5.0,0,1yD_ZP8wkSJjsFRnY9iC8foWZ-Nx12IzC
501,country,1344834,C:\Yukawa\Lab\Dataset\MTG-Jamendo-9mapping\9genre_music200_cqt\country\1344834\cqt.npy,C:\Yukawa\music-reco-Jamendo-2-public\audio\country\1344834\1344834.mp3,1344834.mp3,10,5.0,0,1-CTAGXDT0X9EW-8sUvZg8gpyqSqNVCgb
502,country,1344835,C:\Yukawa\Lab\Dataset\MTG-Jamendo-9mapping\9genre_music200_cqt\country\1344835\cqt.npy,C:\Yukawa\music-reco-Jamendo-2-public\audio\country\1344835\1344835.mp3,1344835.mp3,10,5.0,0,16Ch3-mKP4GCNdRNzSpPFFgJZQup3kVbS
503,country,1344836,C:\Yukawa\Lab\Dataset\MTG-Jamendo-9mapping\9genre_music200_cqt\country\1344836\cqt.npy,C:\Yukawa\music-reco-Jamendo-2-public\audio\country\1344836\1344836.mp3,1344836.mp3,10,5.0,0,1bP8hAXLJAeOFsDIbweHCcViky76_u7dA
504,country,1344837,C:\Yukawa\Lab\Dataset\MTG-Jamendo-9mapping\9genre_music200_cqt\country\1344837\cqt.npy,C:\Yukawa\music-reco-Jamendo-2-public\audio\country\1344837\1344837.mp3,1344837.mp3,10,5.0,0,1m5Ij66ZsiojmtBV2wdqFkdI4F3BHC4ho
505,country,1344838,C:\Yukawa\Lab\Dataset\MTG-Jamendo-9mapping\9genre_music200_cqt\country\1344838\cqt.npy,C:\Yukawa\music-reco-Jamendo-2-public\audio\country\1344838\1344838.mp3,1344838.mp3,10,5.0,0,1kdCul4y62LJQzf8vDJA6I8wm_nFiLMEi
506,country,1344839,C:\Yukawa\Lab\Dataset\MTG-Jamendo-9mapping\9genre_music200_cqt\country\1344839\cqt.npy,C:\Yukawa\music-reco-Jamendo-2-public\audio\country\1344839\1344839.mp3,1344839.mp3,10,5.0,0,1FYRCjbQMtjT05F9SEcyGP9y2RY50DED3
507,country,1344840,C:\Yukawa\Lab\Dataset\MTG-Jamendo-9mapping\9genre_music200_cqt\country\1344840\cqt.npy,C:\Yukawa\music-reco-Jamendo-2-public\audio\country\1344840\1344840.mp3,1344840.mp3,10,5.0,0,1WwxTsPUJouyY0p8ZYMtoX59PcTOqjccs
508,country,1344841,C:\Yukawa\Lab\Dataset\MTG-Jamendo-9mapping\9genre_music200_cqt\country\1344841\cqt.npy,C:\Yukawa\music-reco-Jamendo-2-public\audio\country\1344841\1344841.mp3,1344841.mp3,10,5.0,0,1fPF5d46VGO6AugU4JNadLvzZv9hEuaty
509,country,1344842,C:\Yukawa\Lab\Dataset\MTG-Jamendo-9mapping\9genre_music200_cqt\country\1344842\cqt.npy,C:\Yukawa\music-reco-Jamendo-2-public\audio\country\1344842\1344842.mp3,1344842.mp3,10,5.0,0,1YwVJCl9smZfImjvTRGLKSvgadqsXJr4n
510,country,1344843,C:\Yukawa\Lab\Dataset\MTG-Jamendo-9mapping\9genre_music200_cqt\country\1344843\cqt.npy,C:\Yukawa\music-reco-Jamendo-2-public\audio\country\1344843\1344843.mp3,1344843.mp3,10,5.0,0,1SCu_9aSt9SzzNcDTb0-Q8K7Nsy34WTfd
511,country,1345454,C:\Yukawa\Lab\Dataset\MTG-Jamendo-9mapping\9genre_music200_cqt\country\1345454\cqt.npy,C:\Yukawa\music-reco-Jamendo-2-public\audio\country\1345454\1345454.mp3,1345454.mp3,10,5.0,0,1VIFD0OTpqMr9SwqW4ysTcWU-23KE7ETX
512,country,1345455,C:\Yukawa\Lab\Dataset\MTG-Jamendo-9mapping\9genre_music200_cqt\country\1345455\cqt.npy,C:\Yukawa\music-reco-Jamendo-2-public\audio\country\1345455\1345455.mp3,1345455.mp3,10,5.0,0,1snEMQ26vKKGL-XMgIuQNuEXKFErBUwBL
513,country,1345456,C:\Yukawa\Lab\Dataset\MTG-Jamendo-9mapping\9genre_music200_cqt\country\1345456\cqt.npy,C:\Yukawa\music-reco-Jamendo-2-public\audio\country\1345456\1345456.mp3,1345456.mp3,10,5.0,0,1MxUQnaiNRmxVbSJFdATpLuiJx74MR975
514,country,1345457,C:\Yukawa\Lab\Dataset\MTG-Jamendo-9mapping\9genre_music200_cqt\country\1345457\cqt.npy,C:\Yukawa\music-reco-Jamendo-2-public\audio\country\1345457\1345457.mp3,1345457.mp3,10,5.0,0,1ESKrEiobq0MBPb1esdeV0It_WM3a3AEX
515,country,1345458,C:\Yukawa\Lab\Dataset\MTG-Jamendo-9mapping\9genre_music200_cqt\country\1345458\cqt.npy,C:\Yukawa\music-reco-Jamendo-2-public\audio\country\1345458\1345458.mp3,1345458.mp3,10,5.0,0,1evz6N2QxRGD0pKS-oaIB8OJxV-5-_tlv
516,country,1345459,C:\Yukawa\Lab\Dataset\MTG-Jamendo-9mapping\9genre_music200_cqt\country\1345459\cqt.npy,C:\Yukawa\music-reco-Jamendo-2-public\audio\country\1345459\1345459.mp3,1345459.mp3,10,5.0,0,1mBxE23fsEcBag5Adqn8wC-qcgL2V5fWp
517,country,1345460,C:\Yukawa\Lab\Dataset\MTG-Jamendo-9mapping\9genre_music200_cqt\country\1345460\cqt.npy,C:\Yukawa\music-reco-Jamendo-2-public\audio\country\1345460\1345460.mp3,1345460.mp3,10,5.0,0,1GKzAGNVMiH8ETdlcESw2G6Hh2moYmbMF
518,country,1345461,C:\Yukawa\Lab\Dataset\MTG-Jamendo-9mapping\9genre_music200_cqt\country\1345461\cqt.npy,C:\Yukawa\music-reco-Jamendo-2-public\audio\country\1345461\1345461.mp3,1345461.mp3,10,5.0,0,1sRUM_z5ksGSJWHfINSGAMvFx6EJSO22z
519,country,1345462,C:\Yukawa\Lab\Dataset\MTG-Jamendo-9mapping\9genre_music200_cqt\country\1345462\cqt.npy,C:\Yukawa\music-reco-Jamendo-2-public\audio\country\1345462\1345462.mp3,1345462.mp3,10,5.0,0,1gsRAP-5aw3yEhCWRj7kri49iEx6opy2w
520,country,1345463,C:\Yukawa\Lab\Dataset\MTG-Jamendo-9mapping\9genre_music200_cqt\country\1345463\cqt.npy,C:\Yukawa\music-reco-Jamendo-2-public\audio\country\1345463\1345463.mp3,1345463.mp3,10,5.0,0,1zD6P9jX3EK8yVhhCRmSP_LsmnCmSYK6k
521,country,1345464,C:\Yukawa\Lab\Dataset\MTG-Jamendo-9mapping\9genre_music200_cqt\country\1345464\cqt.npy,C:\Yukawa\music-reco-Jamendo-2-public\audio\country\1345464\1345464.mp3,1345464.mp3,10,5.0,0,1NkyWBfLUP33ouyJHkT1huSkmT2pJBou8
522,country,1345465,C:\Yukawa\Lab\Dataset\MTG-Jamendo-9mapping\9genre_music200_cqt\country\1345465\cqt.npy,C:\Yukawa\music-reco-Jamendo-2-public\audio\country\1345465\1345465.mp3,1345465.mp3,10,5.0,0,1zcV97_msHoVNIAOgxAqnFeRZaVDZzeAF
523,country,1345466,C:\Yukawa\Lab\Dataset\MTG-Jamendo-9mapping\9genre_music200_cqt\country\1345466\cqt.npy,C:\Yukawa\music-reco-Jamendo-2-public\audio\country\1345466\1345466.mp3,1345466.mp3,10,5.0,0,1R92t0zyjrjdbl3F7JLbnHC_s9o_8mq9C
524,country,1345467,C:\Yukawa\Lab\Dataset\MTG-Jamendo-9mapping\9genre_music200_cqt\country\1345467\cqt.npy,C:\Yukawa\music-reco-Jamendo-2-public\audio\country\1345467\1345467.mp3,1345467.mp3,10,5.0,0,11nXokOHYUl68rXha-x-nO9y7b2MoPunZ
525,country,1346279,C:\Yukawa\Lab\Dataset\MTG-Jamendo-9mapping\9genre_music200_cqt\country\1346279\cqt.npy,C:\Yukawa\music-reco-Jamendo-2-public\audio\country\1346279\1346279.mp3,1346279.mp3,10,5.0,0,1ShmkHy8Z6JNgRGVgrjNMLiD8Fib3N3GR
526,country,1346280,C:\Yukawa\Lab\Dataset\MTG-Jamendo-9mapping\9genre_music200_cqt\country\1346280\cqt.npy,C:\Yukawa\music-reco-Jamendo-2-public\audio\country\1346280\1346280.mp3,1346280.mp3,10,5.0,0,1vNxZUywMLrj5h2ZY0j4V2bD_xp7UOk6A
527,country,1346283,C:\Yukawa\Lab\Dataset\MTG-Jamendo-9mapping\9genre_music200_cqt\country\1346283\cqt.npy,C:\Yukawa\music-reco-Jamendo-2-public\audio\country\1346283\1346283.mp3,1346283.mp3,10,5.0,0,1c5r3RdmbL58QpnuFAarSFV5yjXMPrWCJ
528,country,1346284,C:\Yukawa\Lab\Dataset\MTG-Jamendo-9mapping\9genre_music200_cqt\country\1346284\cqt.npy,C:\Yukawa\music-reco-Jamendo-2-public\audio\country\1346284\1346284.mp3,1346284.mp3,10,5.0,0,1kIHyu26he2I08C862aKJHqjQns5CsbA4
529,country,1346285,C:\Yukawa\Lab\Dataset\MTG-Jamendo-9mapping\9genre_music200_cqt\country\1346285\cqt.npy,C:\Yukawa\music-reco-Jamendo-2-public\audio\country\1346285\1346285.mp3,1346285.mp3,10,5.0,0,1FKBh3FH8sFHSPUwID1PwRtNMrjPuYaNb
530,country,1346286,C:\Yukawa\Lab\Dataset\MTG-Jamendo-9mapping\9genre_music200_cqt\country\1346286\cqt.npy,C:\Yukawa\music-reco-Jamendo-2-public\audio\country\1346286\1346286.mp3,1346286.mp3,10,5.0,0,1QHYUEAlrXQtUWVYmB1X3JIJdlPDBniJe
531,country,1346287,C:\Yukawa\Lab\Dataset\MTG-Jamendo-9mapping\9genre_music200_cqt\country\1346287\cqt.npy,C:\Yukawa\music-reco-Jamendo-2-public\audio\country\1346287\1346287.mp3,1346287.mp3,10,5.0,0,1QMq4Dn4yyycT6dPH1C384O9W_zAlE5Lg
532,country,1346288,C:\Yukawa\Lab\Dataset\MTG-Jamendo-9mapping\9genre_music200_cqt\country\1346288\cqt.npy,C:\Yukawa\music-reco-Jamendo-2-public\audio\country\1346288\1346288.mp3,1346288.mp3,10,5.0,0,1j7tiAj7FvCfjvgJFepDFXytCU7pJlOFX
533,country,1346289,C:\Yukawa\Lab\Dataset\MTG-Jamendo-9mapping\9genre_music200_cqt\country\1346289\cqt.npy,C:\Yukawa\music-reco-Jamendo-2-public\audio\country\1346289\1346289.mp3,1346289.mp3,10,5.0,0,1e8gEL7NO8VeKOj9xRTkKM9pPt7Mifk2p
534,country,1346290,C:\Yukawa\Lab\Dataset\MTG-Jamendo-9mapping\9genre_music200_cqt\country\1346290\cqt.npy,C:\Yukawa\music-reco-Jamendo-2-public\audio\country\1346290\1346290.mp3,1346290.mp3,10,5.0,0,1FtKFKYzEIDErzCLktgMTJF967oEp5yAh
535,country,1346292,C:\Yukawa\Lab\Dataset\MTG-Jamendo-9mapping\9genre_music200_cqt\country\1346292\cqt.npy,C:\Yukawa\music-reco-Jamendo-2-public\audio\country\1346292\1346292.mp3,1346292.mp3,10,5.0,0,1V0-wfsWsl3Rm0Q4gJGNVZpgE9ypVsOn5
536,country,1346293,C:\Yukawa\Lab\Dataset\MTG-Jamendo-9mapping\9genre_music200_cqt\country\1346293\cqt.npy,C:\Yukawa\music-reco-Jamendo-2-public\audio\country\1346293\1346293.mp3,1346293.mp3,10,5.0,0,16Wb2Dm_dB2LN23oti1G_oKA-pUdyIwg2
537,country,1346680,C:\Yukawa\Lab\Dataset\MTG-Jamendo-9mapping\9genre_music200_cqt\country\1346680\cqt.npy,C:\Yukawa\music-reco-Jamendo-2-public\audio\country\1346680\1346680.mp3,1346680.mp3,10,5.0,0,1qBGLZb9RNwoI7W8PldsH3YS2RNvCJAxA
538,country,1346681,C:\Yukawa\Lab\Dataset\MTG-Jamendo-9mapping\9genre_music200_cqt\country\1346681\cqt.npy,C:\Yukawa\music-reco-Jamendo-2-public\audio\country\1346681\1346681.mp3,1346681.mp3,10,5.0,0,1BYQkq1X85utff9aVZ06jS071kmqf8CmG
539,country,1346682,C:\Yukawa\Lab\Dataset\MTG-Jamendo-9mapping\9genre_music200_cqt\country\1346682\cqt.npy,C:\Yukawa\music-reco-Jamendo-2-public\audio\country\1346682\1346682.mp3,1346682.mp3,10,5.0,0,1WmGgUi9SxRFLpenDRSm3RAfaeDR9Cgiz
540,country,1346683,C:\Yukawa\Lab\Dataset\MTG-Jamendo-9mapping\9genre_music200_cqt\country\1346683\cqt.npy,C:\Yukawa\music-reco-Jamendo-2-public\audio\country\1346683\1346683.mp3,1346683.mp3,10,5.0,0,16waPaJjbENePxOVFiNsRsxbf0Mr3okJj
541,country,1346684,C:\Yukawa\Lab\Dataset\MTG-Jamendo-9mapping\9genre_music200_cqt\country\1346684\cqt.npy,C:\Yukawa\music-reco-Jamendo-2-public\audio\country\1346684\1346684.mp3,1346684.mp3,10,5.0,0,1WRRpEnc_mthBEAk0X0PONmWLOMu9xBjT
542,country,1346685,C:\Yukawa\Lab\Dataset\MTG-Jamendo-9mapping\9genre_music200_cqt\country\1346685\cqt.npy,C:\Yukawa\music-reco-Jamendo-2-public\audio\country\1346685\1346685.mp3,1346685.mp3,10,5.0,0,1x7bTJ_5CIpdBGnz1cIRRcDvZ5b9Cwr2x
543,country,1346686,C:\Yukawa\Lab\Dataset\MTG-Jamendo-9mapping\9genre_music200_cqt\country\1346686\cqt.npy,C:\Yukawa\music-reco-Jamendo-2-public\audio\country\1346686\1346686.mp3,1346686.mp3,10,5.0,0,1wQ4Yqx5AZvA60TNsfqlE47Tfcx3CKhiR
544,country,1346687,C:\Yukawa\Lab\Dataset\MTG-Jamendo-9mapping\9genre_music200_cqt\country\1346687\cqt.npy,C:\Yukawa\music-reco-Jamendo-2-public\audio\country\1346687\1346687.mp3,1346687.mp3,10,5.0,0,1VctbGja4yGPfiRuSmVTNC7GOtAFDRXs2
545,country,1346688,C:\Yukawa\Lab\Dataset\MTG-Jamendo-9mapping\9genre_music200_cqt\country\1346688\cqt.npy,C:\Yukawa\music-reco-Jamendo-2-public\audio\country\1346688\1346688.mp3,1346688.mp3,10,5.0,0,1WovKrv08kZ-Y2oYwJugiOsFuwMD-AsYW
546,country,1346689,C:\Yukawa\Lab\Dataset\MTG-Jamendo-9mapping\9genre_music200_cqt\country\1346689\cqt.npy,C:\Yukawa\music-reco-Jamendo-2-public\audio\country\1346689\1346689.mp3,1346689.mp3,10,5.0,0,1O_RCi6zX5n-da83O_eaFKXAGJuWyde8I
547,country,1346690,C:\Yukawa\Lab\Dataset\MTG-Jamendo-9mapping\9genre_music200_cqt\country\1346690\cqt.npy,C:\Yukawa\music-reco-Jamendo-2-public\audio\country\1346690\1346690.mp3,1346690.mp3,10,5.0,0,1xle-Og0ZNtUnIQvjcFrC_fbU1C65AP20
548,country,1346691,C:\Yukawa\Lab\Dataset\MTG-Jamendo-9mapping\9genre_music200_cqt\country\1346691\cqt.npy,C:\Yukawa\music-reco-Jamendo-2-public\audio\country\1346691\1346691.mp3,1346691.mp3,10,5.0,0,1nBFcNicImvEzhyQU9nRQbEAtlb6O5FdW
549,country,1346692,C:\Yukawa\Lab\Dataset\MTG-Jamendo-9mapping\9genre_music200_cqt\country\1346692\cqt.npy,C:\Yukawa\music-reco-Jamendo-2-public\audio\country\1346692\1346692.mp3,1346692.mp3,10,5.0,0,147U_P3wu-JH9HJ8BiiwfEErxRGQNtE1B
550,country,1346693,C:\Yukawa\Lab\Dataset\MTG-Jamendo-9mapping\9genre_music200_cqt\country\1346693\cqt.npy,C:\Yukawa\music-reco-Jamendo-2-public\audio\country\1346693\1346693.mp3,1346693.mp3,10,5.0,0,1YUXzTBBbQ2abJa3LVLeeXpo4Z4ruZ6wu
551,country,1346694,C:\Yukawa\Lab\Dataset\MTG-Jamendo-9mapping\9genre_music200_cqt\country\1346694\cqt.npy,C:\Yukawa\music-reco-Jamendo-2-public\audio\country\1346694\1346694.mp3,1346694.mp3,10,5.0,0,1JLkTdg9uBCouBy4eRoWWVc4SErrJ-X_e
552,country,1351134,C:\Yukawa\Lab\Dataset\MTG-Jamendo-9mapping\9genre_music200_cqt\country\1351134\cqt.npy,C:\Yukawa\music-reco-Jamendo-2-public\audio\country\1351134\1351134.mp3,1351134.mp3,10,5.0,0,1PKXnA8s4dsp9u-vdp6m5dFgrOlNmYOww
553,country,1351138,C:\Yukawa\Lab\Dataset\MTG-Jamendo-9mapping\9genre_music200_cqt\country\1351138\cqt.npy,C:\Yukawa\music-reco-Jamendo-2-public\audio\country\1351138\1351138.mp3,1351138.mp3,10,5.0,0,15lL2or6JRXRnBreL6wYcrPRj-zcrTRwT
554,country,1354099,C:\Yukawa\Lab\Dataset\MTG-Jamendo-9mapping\9genre_music200_cqt\country\1354099\cqt.npy,C:\Yukawa\music-reco-Jamendo-2-public\audio\country\1354099\1354099.mp3,1354099.mp3,10,5.0,0,14IthqRjx0ztElegQxnfp5-JpsKJ4MR6M
555,country,1354110,C:\Yukawa\Lab\Dataset\MTG-Jamendo-9mapping\9genre_music200_cqt\country\1354110\cqt.npy,C:\Yukawa\music-reco-Jamendo-2-public\audio\country\1354110\1354110.mp3,1354110.mp3,10,5.0,0,1RRESMWcxBg5rqCHDLC6-dFDAM-KGFJ_W
556,country,1354111,C:\Yukawa\Lab\Dataset\MTG-Jamendo-9mapping\9genre_music200_cqt\country\1354111\cqt.npy,C:\Yukawa\music-reco-Jamendo-2-public\audio\country\1354111\1354111.mp3,1354111.mp3,10,5.0,0,1y1ZHXBfvyzJMi7yS-uJggnuzdrNxTqq-
557,country,1354112,C:\Yukawa\Lab\Dataset\MTG-Jamendo-9mapping\9genre_music200_cqt\country\1354112\cqt.npy,C:\Yukawa\music-reco-Jamendo-2-public\audio\country\1354112\1354112.mp3,1354112.mp3,10,5.0,0,1o1oUj3oYnVHQKrKqWYnZnzbTJVK6dOm2
558,country,1354113,C:\Yukawa\Lab\Dataset\MTG-Jamendo-9mapping\9genre_music200_cqt\country\1354113\cqt.npy,C:\Yukawa\music-reco-Jamendo-2-public\audio\country\1354113\1354113.mp3,1354113.mp3,10,5.0,0,13lEPGY2Cm2ThdT3FF_RIvyldsjSzElH-
559,country,1354114,C:\Yukawa\Lab\Dataset\MTG-Jamendo-9mapping\9genre_music200_cqt\country\1354114\cqt.npy,C:\Yukawa\music-reco-Jamendo-2-public\audio\country\1354114\1354114.mp3,1354114.mp3,10,5.0,0,1v1SCISz8lJV3jGE8TD9OJNly-rh0xErp
560,country,1354952,C:\Yukawa\Lab\Dataset\MTG-Jamendo-9mapping\9genre_music200_cqt\country\1354952\cqt.npy,C:\Yukawa\music-reco-Jamendo-2-public\audio\country\1354952\1354952.mp3,1354952.mp3,10,5.0,0,1FGTWlFbpzF9wkj3ZAB5iDzPBBnUxSeTs
561,country,1354953,C:\Yukawa\Lab\Dataset\MTG-Jamendo-9mapping\9genre_music200_cqt\country\1354953\cqt.npy,C:\Yukawa\music-reco-Jamendo-2-public\audio\country\1354953\1354953.mp3,1354953.mp3,10,5.0,0,13Ikzsy2BS288WlmAcTj2ttMVs8Ud_-U1
562,country,1354954,C:\Yukawa\Lab\Dataset\MTG-Jamendo-9mapping\9genre_music200_cqt\country\1354954\cqt.npy,C:\Yukawa\music-reco-Jamendo-2-public\audio\country\1354954\1354954.mp3,1354954.mp3,10,5.0,0,1WkYCu9O6E83ct_9-SmNSyPGsiv402n3v
563,country,1354955,C:\Yukawa\Lab\Dataset\MTG-Jamendo-9mapping\9genre_music200_cqt\country\1354955\cqt.npy,C:\Yukawa\music-reco-Jamendo-2-public\audio\country\1354955\1354955.mp3,1354955.mp3,10,5.0,0,1IoHjifjrWoiHRae-9cKexeYtOcaKz4L6
564,country,1354956,C:\Yukawa\Lab\Dataset\MTG-Jamendo-9mapping\9genre_music200_cqt\country\1354956\cqt.npy,C:\Yukawa\music-reco-Jamendo-2-public\audio\country\1354956\1354956.mp3,1354956.mp3,10,5.0,0,1TTM5waLioonLYNH_GFGWgWD4vJMy96ec
565,country,1354957,C:\Yukawa\Lab\Dataset\MTG-Jamendo-9mapping\9genre_music200_cqt\country\1354957\cqt.npy,C:\Yukawa\music-reco-Jamendo-2-public\audio\country\1354957\1354957.mp3,1354957.mp3,10,5.0,0,1p4IwYOfsVRW2nANF9zM-4pRl-ARqlmrY
566,country,1354958,C:\Yukawa\Lab\Dataset\MTG-Jamendo-9mapping\9genre_music200_cqt\country\1354958\cqt.npy,C:\Yukawa\music-reco-Jamendo-2-public\audio\country\1354958\1354958.mp3,1354958.mp3,10,5.0,0,11wIt9gnV8MDKsnIxKuTDCDZufiqCNDqh
567,country,1354959,C:\Yukawa\Lab\Dataset\MTG-Jamendo-9mapping\9genre_music200_cqt\country\1354959\cqt.npy,C:\Yukawa\music-reco-Jamendo-2-public\audio\country\1354959\1354959.mp3,1354959.mp3,10,5.0,0,1YZhQXVgqRfrM_ZskSFFLI6vx04TQO5pa
568,country,1354960,C:\Yukawa\Lab\Dataset\MTG-Jamendo-9mapping\9genre_music200_cqt\country\1354960\cqt.npy,C:\Yukawa\music-reco-Jamendo-2-public\audio\country\1354960\1354960.mp3,1354960.mp3,10,5.0,0,175HumviVuuz-h90cTYOGzoJ1CSOmawKu
569,country,1354961,C:\Yukawa\Lab\Dataset\MTG-Jamendo-9mapping\9genre_music200_cqt\country\1354961\cqt.npy,C:\Yukawa\music-reco-Jamendo-2-public\audio\country\1354961\1354961.mp3,1354961.mp3,10,5.0,0,14-n19P_oFXWSL0XOUzSt1U1cL9YOyQFK
570,country,1355015,C:\Yukawa\Lab\Dataset\MTG-Jamendo-9mapping\9genre_music200_cqt\country\1355015\cqt.npy,C:\Yukawa\music-reco-Jamendo-2-public\audio\country\1355015\1355015.mp3,1355015.mp3,10,5.0,0,1bPeOBu7ZFmIsZxHC6eLurmtD-Z4ohXLY
571,country,1355016,C:\Yukawa\Lab\Dataset\MTG-Jamendo-9mapping\9genre_music200_cqt\country\1355016\cqt.npy,C:\Yukawa\music-reco-Jamendo-2-public\audio\country\1355016\1355016.mp3,1355016.mp3,10,5.0,0,10tynBZQaJrtC4ryiPuEQ8jd6slz7EG1Y
572,country,1355018,C:\Yukawa\Lab\Dataset\MTG-Jamendo-9mapping\9genre_music200_cqt\country\1355018\cqt.npy,C:\Yukawa\music-reco-Jamendo-2-public\audio\country\1355018\1355018.mp3,1355018.mp3,10,5.0,0,1YSkZtVUDeT_vxJI-lCqcFx7rIstvK6Db
573,country,1356428,C:\Yukawa\Lab\Dataset\MTG-Jamendo-9mapping\9genre_music200_cqt\country\1356428\cqt.npy,C:\Yukawa\music-reco-Jamendo-2-public\audio\country\1356428\1356428.mp3,1356428.mp3,10,5.0,0,1Ba-9PDcW86LcC8K9IkCi_0hBkGI9XQWL
574,country,1356429,C:\Yukawa\Lab\Dataset\MTG-Jamendo-9mapping\9genre_music200_cqt\country\1356429\cqt.npy,C:\Yukawa\music-reco-Jamendo-2-public\audio\country\1356429\1356429.mp3,1356429.mp3,10,5.0,0,1yCuGH1mT9E0o4GIykad-jkGQ339ZIgSs
575,country,1356430,C:\Yukawa\Lab\Dataset\MTG-Jamendo-9mapping\9genre_music200_cqt\country\1356430\cqt.npy,C:\Yukawa\music-reco-Jamendo-2-public\audio\country\1356430\1356430.mp3,1356430.mp3,10,5.0,0,1zP2_oEXVUK7-4X1LF1KyRBaptJZLxJCT
576,country,1356431,C:\Yukawa\Lab\Dataset\MTG-Jamendo-9mapping\9genre_music200_cqt\country\1356431\cqt.npy,C:\Yukawa\music-reco-Jamendo-2-public\audio\country\1356431\1356431.mp3,1356431.mp3,10,5.0,0,1LYh519kX4mCcJvwHHFWoMv-NTSlFVISF
577,country,1356432,C:\Yukawa\Lab\Dataset\MTG-Jamendo-9mapping\9genre_music200_cqt\country\1356432\cqt.npy,C:\Yukawa\music-reco-Jamendo-2-public\audio\country\1356432\1356432.mp3,1356432.mp3,10,5.0,0,1gndsxoDuSY_-0c2YHgj9p4YbmTk1tgHU
578,country,1356433,C:\Yukawa\Lab\Dataset\MTG-Jamendo-9mapping\9genre_music200_cqt\country\1356433\cqt.npy,C:\Yukawa\music-reco-Jamendo-2-public\audio\country\1356433\1356433.mp3,1356433.mp3,10,5.0,0,14X9N9SLxCQAnso7heslMAsyuX-SHx2f6
579,country,1356434,C:\Yukawa\Lab\Dataset\MTG-Jamendo-9mapping\9genre_music200_cqt\country\1356434\cqt.npy,C:\Yukawa\music-reco-Jamendo-2-public\audio\country\1356434\1356434.mp3,1356434.mp3,10,5.0,0,1KDNWsXL9HG1WeQsAsvndLWqr6pRztK3p
580,country,1356435,C:\Yukawa\Lab\Dataset\MTG-Jamendo-9mapping\9genre_music200_cqt\country\1356435\cqt.npy,C:\Yukawa\music-reco-Jamendo-2-public\audio\country\1356435\1356435.mp3,1356435.mp3,10,5.0,0,19uqyCMONxF5mO0oBmq2OfiY5g32_tkyz
581,country,1356436,C:\Yukawa\Lab\Dataset\MTG-Jamendo-9mapping\9genre_music200_cqt\country\1356436\cqt.npy,C:\Yukawa\music-reco-Jamendo-2-public\audio\country\1356436\1356436.mp3,1356436.mp3,10,5.0,0,1sJL4vXkWSa2mFaz4aYgfbvXW-r_MH7up
582,country,1356437,C:\Yukawa\Lab\Dataset\MTG-Jamendo-9mapping\9genre_music200_cqt\country\1356437\cqt.npy,C:\Yukawa\music-reco-Jamendo-2-public\audio\country\1356437\1356437.mp3,1356437.mp3,10,5.0,0,154-ulSNH1pjOAiqpBXWkFBwmWzIZi7GX
583,country,1356438,C:\Yukawa\Lab\Dataset\MTG-Jamendo-9mapping\9genre_music200_cqt\country\1356438\cqt.npy,C:\Yukawa\music-reco-Jamendo-2-public\audio\country\1356438\1356438.mp3,1356438.mp3,10,5.0,0,1PG2qs7OcbbeemMOGcyeVXS5IqaF6l2Do
584,country,1356439,C:\Yukawa\Lab\Dataset\MTG-Jamendo-9mapping\9genre_music200_cqt\country\1356439\cqt.npy,C:\Yukawa\music-reco-Jamendo-2-public\audio\country\1356439\1356439.mp3,1356439.mp3,10,5.0,0,1roMbDyH6_qLt_KC6RyIO5GoPxcD5fnWQ
585,country,1356440,C:\Yukawa\Lab\Dataset\MTG-Jamendo-9mapping\9genre_music200_cqt\country\1356440\cqt.npy,C:\Yukawa\music-reco-Jamendo-2-public\audio\country\1356440\1356440.mp3,1356440.mp3,10,5.0,0,1zIY96qIlgMSjVYtOD_M9rnUBjZ6TB6kJ
586,country,1356441,C:\Yukawa\Lab\Dataset\MTG-Jamendo-9mapping\9genre_music200_cqt\country\1356441\cqt.npy,C:\Yukawa\music-reco-Jamendo-2-public\audio\country\1356441\1356441.mp3,1356441.mp3,10,5.0,0,1k20YqLLOMC9NPpXBnZMmASuWtgJ43IMN
587,country,1364771,C:\Yukawa\Lab\Dataset\MTG-Jamendo-9mapping\9genre_music200_cqt\country\1364771\cqt.npy,C:\Yukawa\music-reco-Jamendo-2-public\audio\country\1364771\1364771.mp3,1364771.mp3,10,5.0,0,1SaBQse8X4DpmGXSbxFs65gZbgklnubd_
588,country,1374689,C:\Yukawa\Lab\Dataset\MTG-Jamendo-9mapping\9genre_music200_cqt\country\1374689\cqt.npy,C:\Yukawa\music-reco-Jamendo-2-public\audio\country\1374689\1374689.mp3,1374689.mp3,10,5.0,0,1gH6OW5jY4YvKHSHJvAycyGQXw4DFXVmb
589,country,1374716,C:\Yukawa\Lab\Dataset\MTG-Jamendo-9mapping\9genre_music200_cqt\country\1374716\cqt.npy,C:\Yukawa\music-reco-Jamendo-2-public\audio\country\1374716\1374716.mp3,1374716.mp3,10,5.0,0,1WTHpsA01dU3EG2x4u3bOsSDaDB_hWVrV
590,country,1384247,C:\Yukawa\Lab\Dataset\MTG-Jamendo-9mapping\9genre_music200_cqt\country\1384247\cqt.npy,C:\Yukawa\music-reco-Jamendo-2-public\audio\country\1384247\1384247.mp3,1384247.mp3,10,5.0,0,1AMhJn2APwRWHNgmv9upN1LfPEiPcplCK
591,country,1385425,C:\Yukawa\Lab\Dataset\MTG-Jamendo-9mapping\9genre_music200_cqt\country\1385425\cqt.npy,C:\Yukawa\music-reco-Jamendo-2-public\audio\country\1385425\1385425.mp3,1385425.mp3,10,5.0,0,1yfZgXcNn9PW9Cf68hN-xcEPf9kYMj1aG
592,country,1398084,C:\Yukawa\Lab\Dataset\MTG-Jamendo-9mapping\9genre_music200_cqt\country\1398084\cqt.npy,C:\Yukawa\music-reco-Jamendo-2-public\audio\country\1398084\1398084.mp3,1398084.mp3,10,5.0,0,1TH7hsmp0wf2q6R0lzc-sc7wstuSfIHg5
593,country,1405568,C:\Yukawa\Lab\Dataset\MTG-Jamendo-9mapping\9genre_music200_cqt\country\1405568\cqt.npy,C:\Yukawa\music-reco-Jamendo-2-public\audio\country\1405568\1405568.mp3,1405568.mp3,10,5.0,0,1U4Q9uaZIDD4hSpfYGrYW49GXQAGUJIbq
594,country,1405569,C:\Yukawa\Lab\Dataset\MTG-Jamendo-9mapping\9genre_music200_cqt\country\1405569\cqt.npy,C:\Yukawa\music-reco-Jamendo-2-public\audio\country\1405569\1405569.mp3,1405569.mp3,10,5.0,0,1TOUmX5d8XDij1-CReeiEU19tNeQ5WDgO
595,country,1405570,C:\Yukawa\Lab\Dataset\MTG-Jamendo-9mapping\9genre_music200_cqt\country\1405570\cqt.npy,C:\Yukawa\music-reco-Jamendo-2-public\audio\country\1405570\1405570.mp3,1405570.mp3,10,5.0,0,1sJ1MKLZZpF8mMjdCWPTivhz5mR90rx9S
596,country,1405572,C:\Yukawa\Lab\Dataset\MTG-Jamendo-9mapping\9genre_music200_cqt\country\1405572\cqt.npy,C:\Yukawa\music-reco-Jamendo-2-public\audio\country\1405572\1405572.mp3,1405572.mp3,10,5.0,0,1UeixEL_bnWJbUqpwAjkvyuvWlgKyKOpV
597,country,1405575,C:\Yukawa\Lab\Dataset\MTG-Jamendo-9mapping\9genre_music200_cqt\country\1405575\cqt.npy,C:\Yukawa\music-reco-Jamendo-2-public\audio\country\1405575\1405575.mp3,1405575.mp3,10,5.0,0,1bqeEdJ6hrrMDcBPurUZ1JqK2a7UQz1kp
598,country,1406054,C:\Yukawa\Lab\Dataset\MTG-Jamendo-9mapping\9genre_music200_cqt\country\1406054\cqt.npy,C:\Yukawa\music-reco-Jamendo-2-public\audio\country\1406054\1406054.mp3,1406054.mp3,10,5.0,0,1YytHa64mJbopGBr6z_Z039PxVXJnVOtZ
599,country,1406381,C:\Yukawa\Lab\Dataset\MTG-Jamendo-9mapping\9genre_music200_cqt\country\1406381\cqt.npy,C:\Yukawa\music-reco-Jamendo-2-public\audio\country\1406381\1406381.mp3,1406381.mp3,10,5.0,0,1HMqOfgc6BS_J-85A-V7zx72pck3pG9Oj
600,disco,1003620,C:\Yukawa\Lab\Dataset\MTG-Jamendo-9mapping\9genre_music200_cqt\disco\1003620\cqt.npy,C:\Yukawa\music-reco-Jamendo-2-public\audio\disco\1003620\1003620.mp3,1003620.mp3,10,5.0,0,18ziCUkn7Cass0-AO-5piBMZsWy8gEYpr
601,disco,1009193,C:\Yukawa\Lab\Dataset\MTG-Jamendo-9mapping\9genre_music200_cqt\disco\1009193\cqt.npy,C:\Yukawa\music-reco-Jamendo-2-public\audio\disco\1009193\1009193.mp3,1009193.mp3,10,5.0,0,1PfzHE93LjEWDZRPoTSUzbR8WTLmzLcUU
602,disco,1009194,C:\Yukawa\Lab\Dataset\MTG-Jamendo-9mapping\9genre_music200_cqt\disco\1009194\cqt.npy,C:\Yukawa\music-reco-Jamendo-2-public\audio\disco\1009194\1009194.mp3,1009194.mp3,10,5.0,0,1ay3AOGFKxNgCxI3CqKqD4fbs3H29Fx6w
603,disco,1009195,C:\Yukawa\Lab\Dataset\MTG-Jamendo-9mapping\9genre_music200_cqt\disco\1009195\cqt.npy,C:\Yukawa\music-reco-Jamendo-2-public\audio\disco\1009195\1009195.mp3,1009195.mp3,10,5.0,0,13Dwi0Fs_0NydFf7YBYxzbVIiJGsalwIK
604,disco,1009196,C:\Yukawa\Lab\Dataset\MTG-Jamendo-9mapping\9genre_music200_cqt\disco\1009196\cqt.npy,C:\Yukawa\music-reco-Jamendo-2-public\audio\disco\1009196\1009196.mp3,1009196.mp3,10,5.0,0,1xRQbeigU--34P97zJqv3XeyDqbi3RZNe
605,disco,1009197,C:\Yukawa\Lab\Dataset\MTG-Jamendo-9mapping\9genre_music200_cqt\disco\1009197\cqt.npy,C:\Yukawa\music-reco-Jamendo-2-public\audio\disco\1009197\1009197.mp3,1009197.mp3,10,5.0,0,1SHEVAKnovqau5HC11HYtVvAcixxWaVbp
606,disco,1009198,C:\Yukawa\Lab\Dataset\MTG-Jamendo-9mapping\9genre_music200_cqt\disco\1009198\cqt.npy,C:\Yukawa\music-reco-Jamendo-2-public\audio\disco\1009198\1009198.mp3,1009198.mp3,10,5.0,0,1py3MM4qmd-vJUGq0Q8ZtqgfUdObRsQ0H
607,disco,1017998,C:\Yukawa\Lab\Dataset\MTG-Jamendo-9mapping\9genre_music200_cqt\disco\1017998\cqt.npy,C:\Yukawa\music-reco-Jamendo-2-public\audio\disco\1017998\1017998.mp3,1017998.mp3,10,5.0,0,19WSd9HY5T1cV2acjHfVm1c4GeSg7GpMh
608,disco,1020438,C:\Yukawa\Lab\Dataset\MTG-Jamendo-9mapping\9genre_music200_cqt\disco\1020438\cqt.npy,C:\Yukawa\music-reco-Jamendo-2-public\audio\disco\1020438\1020438.mp3,1020438.mp3,10,5.0,0,1RoR_Z2LKIKm_siRxf19zfjSVx_-V8HP0
609,disco,1021752,C:\Yukawa\Lab\Dataset\MTG-Jamendo-9mapping\9genre_music200_cqt\disco\1021752\cqt.npy,C:\Yukawa\music-reco-Jamendo-2-public\audio\disco\1021752\1021752.mp3,1021752.mp3,10,5.0,0,1UCcbKUMFt9WYR9pKBmHFURwPx0AD4_db
610,disco,1021754,C:\Yukawa\Lab\Dataset\MTG-Jamendo-9mapping\9genre_music200_cqt\disco\1021754\cqt.npy,C:\Yukawa\music-reco-Jamendo-2-public\audio\disco\1021754\1021754.mp3,1021754.mp3,10,5.0,0,1QOYXR2dUZH0bTfkR1uQ8jGtjUwfdVaTY
611,disco,1022138,C:\Yukawa\Lab\Dataset\MTG-Jamendo-9mapping\9genre_music200_cqt\disco\1022138\cqt.npy,C:\Yukawa\music-reco-Jamendo-2-public\audio\disco\1022138\1022138.mp3,1022138.mp3,10,5.0,0,1Z1tAtlNrSrqPU6_ixlxoscN1l55Fwoae
612,disco,1025838,C:\Yukawa\Lab\Dataset\MTG-Jamendo-9mapping\9genre_music200_cqt\disco\1025838\cqt.npy,C:\Yukawa\music-reco-Jamendo-2-public\audio\disco\1025838\1025838.mp3,1025838.mp3,10,5.0,0,1mCF_uv2nVwkmOPgTWDJC9dsjMHOiub_j
613,disco,1025925,C:\Yukawa\Lab\Dataset\MTG-Jamendo-9mapping\9genre_music200_cqt\disco\1025925\cqt.npy,C:\Yukawa\music-reco-Jamendo-2-public\audio\disco\1025925\1025925.mp3,1025925.mp3,10,5.0,0,1QHBQ-khA1FqgeCCv2KDCk6gBQ1xlw7uY
614,disco,1027695,C:\Yukawa\Lab\Dataset\MTG-Jamendo-9mapping\9genre_music200_cqt\disco\1027695\cqt.npy,C:\Yukawa\music-reco-Jamendo-2-public\audio\disco\1027695\1027695.mp3,1027695.mp3,10,5.0,0,1M3ReEyteXrTKYFlLtVbC570ko4qRqNyW
615,disco,1027952,C:\Yukawa\Lab\Dataset\MTG-Jamendo-9mapping\9genre_music200_cqt\disco\1027952\cqt.npy,C:\Yukawa\music-reco-Jamendo-2-public\audio\disco\1027952\1027952.mp3,1027952.mp3,10,5.0,0,1wAWc7tG_Ln9Tm12wyoosFSdwUJOZy6Ln
616,disco,1027968,C:\Yukawa\Lab\Dataset\MTG-Jamendo-9mapping\9genre_music200_cqt\disco\1027968\cqt.npy,C:\Yukawa\music-reco-Jamendo-2-public\audio\disco\1027968\1027968.mp3,1027968.mp3,10,5.0,0,1N1BIgGkNs0hQY-3sCQL4_YG61RVItdAZ
617,disco,1030332,C:\Yukawa\Lab\Dataset\MTG-Jamendo-9mapping\9genre_music200_cqt\disco\1030332\cqt.npy,C:\Yukawa\music-reco-Jamendo-2-public\audio\disco\1030332\1030332.mp3,1030332.mp3,10,5.0,0,1EGF33G4yJ3DjmEmi-BQrtwuyst29TKCC
618,disco,1031678,C:\Yukawa\Lab\Dataset\MTG-Jamendo-9mapping\9genre_music200_cqt\disco\1031678\cqt.npy,C:\Yukawa\music-reco-Jamendo-2-public\audio\disco\1031678\1031678.mp3,1031678.mp3,10,5.0,0,1KOiz-Z6MZW6hEpgF9Hi_LySgOxgMdcYv
619,disco,1033885,C:\Yukawa\Lab\Dataset\MTG-Jamendo-9mapping\9genre_music200_cqt\disco\1033885\cqt.npy,C:\Yukawa\music-reco-Jamendo-2-public\audio\disco\1033885\1033885.mp3,1033885.mp3,10,5.0,0,1Nz8LP4i5XTOElgZKRABYdl_VyQq56-lS
620,disco,1035198,C:\Yukawa\Lab\Dataset\MTG-Jamendo-9mapping\9genre_music200_cqt\disco\1035198\cqt.npy,C:\Yukawa\music-reco-Jamendo-2-public\audio\disco\1035198\1035198.mp3,1035198.mp3,10,5.0,0,1u7AzpM7i6lDpHiWC7pGFo7KPCl4vAllz
621,disco,1036231,C:\Yukawa\Lab\Dataset\MTG-Jamendo-9mapping\9genre_music200_cqt\disco\1036231\cqt.npy,C:\Yukawa\music-reco-Jamendo-2-public\audio\disco\1036231\1036231.mp3,1036231.mp3,10,5.0,0,1IxmWimonFgfBmB4oIxI29mOIDKqIpIWu
622,disco,1036232,C:\Yukawa\Lab\Dataset\MTG-Jamendo-9mapping\9genre_music200_cqt\disco\1036232\cqt.npy,C:\Yukawa\music-reco-Jamendo-2-public\audio\disco\1036232\1036232.mp3,1036232.mp3,10,5.0,0,1ZCZUcRu_397E81MbacXcJIsH2XgKG05x
623,disco,1036233,C:\Yukawa\Lab\Dataset\MTG-Jamendo-9mapping\9genre_music200_cqt\disco\1036233\cqt.npy,C:\Yukawa\music-reco-Jamendo-2-public\audio\disco\1036233\1036233.mp3,1036233.mp3,10,5.0,0,1egGZZqzuj8dw-a92WenuKwNalkFA1Qi5
624,disco,1036234,C:\Yukawa\Lab\Dataset\MTG-Jamendo-9mapping\9genre_music200_cqt\disco\1036234\cqt.npy,C:\Yukawa\music-reco-Jamendo-2-public\audio\disco\1036234\1036234.mp3,1036234.mp3,10,5.0,0,1xg6j1fKVDXzPMD59uFxgPx0NWJ_D2J56
625,disco,1036235,C:\Yukawa\Lab\Dataset\MTG-Jamendo-9mapping\9genre_music200_cqt\disco\1036235\cqt.npy,C:\Yukawa\music-reco-Jamendo-2-public\audio\disco\1036235\1036235.mp3,1036235.mp3,10,5.0,0,1bCUYaCOz0h5X-N-uE_om8j2a4tAroV5j
626,disco,1036830,C:\Yukawa\Lab\Dataset\MTG-Jamendo-9mapping\9genre_music200_cqt\disco\1036830\cqt.npy,C:\Yukawa\music-reco-Jamendo-2-public\audio\disco\1036830\1036830.mp3,1036830.mp3,10,5.0,0,1Kn7P6p7FTLam8-ujM-XbGI7FvvLJCk0r
627,disco,1039475,C:\Yukawa\Lab\Dataset\MTG-Jamendo-9mapping\9genre_music200_cqt\disco\1039475\cqt.npy,C:\Yukawa\music-reco-Jamendo-2-public\audio\disco\1039475\1039475.mp3,1039475.mp3,10,5.0,0,1HvcWeSZmvIPCPpUALLsZrA1GYGpuxRP5
628,disco,1039517,C:\Yukawa\Lab\Dataset\MTG-Jamendo-9mapping\9genre_music200_cqt\disco\1039517\cqt.npy,C:\Yukawa\music-reco-Jamendo-2-public\audio\disco\1039517\1039517.mp3,1039517.mp3,10,5.0,0,1rjuH2rygSiehEmR5CIJd0aRV3ga0qYRv
629,disco,1043922,C:\Yukawa\Lab\Dataset\MTG-Jamendo-9mapping\9genre_music200_cqt\disco\1043922\cqt.npy,C:\Yukawa\music-reco-Jamendo-2-public\audio\disco\1043922\1043922.mp3,1043922.mp3,10,5.0,0,1XwlgXMpXreiPblwzDd4yeg9geHRDhpIM
630,disco,1047436,C:\Yukawa\Lab\Dataset\MTG-Jamendo-9mapping\9genre_music200_cqt\disco\1047436\cqt.npy,C:\Yukawa\music-reco-Jamendo-2-public\audio\disco\1047436\1047436.mp3,1047436.mp3,10,5.0,0,1P4yx1_r47xECMKWKvn1zvSJIC5_8vkMR
631,disco,1052772,C:\Yukawa\Lab\Dataset\MTG-Jamendo-9mapping\9genre_music200_cqt\disco\1052772\cqt.npy,C:\Yukawa\music-reco-Jamendo-2-public\audio\disco\1052772\1052772.mp3,1052772.mp3,10,5.0,0,1dSp6AA96vQGPoebwfVJqlrvqNORrYrHU
632,disco,1052777,C:\Yukawa\Lab\Dataset\MTG-Jamendo-9mapping\9genre_music200_cqt\disco\1052777\cqt.npy,C:\Yukawa\music-reco-Jamendo-2-public\audio\disco\1052777\1052777.mp3,1052777.mp3,10,5.0,0,1IL-gnEmOzhkLt9C4HlRhqvZ5IXHtQNVf
633,disco,1052778,C:\Yukawa\Lab\Dataset\MTG-Jamendo-9mapping\9genre_music200_cqt\disco\1052778\cqt.npy,C:\Yukawa\music-reco-Jamendo-2-public\audio\disco\1052778\1052778.mp3,1052778.mp3,10,5.0,0,1FL30WvWEKALF4EPH3oZ1ROyZYvEh5UNR
634,disco,1052780,C:\Yukawa\Lab\Dataset\MTG-Jamendo-9mapping\9genre_music200_cqt\disco\1052780\cqt.npy,C:\Yukawa\music-reco-Jamendo-2-public\audio\disco\1052780\1052780.mp3,1052780.mp3,10,5.0,0,1klusdnUhsUUakSKXzPvyXDvAPnnobolU
635,disco,1060998,C:\Yukawa\Lab\Dataset\MTG-Jamendo-9mapping\9genre_music200_cqt\disco\1060998\cqt.npy,C:\Yukawa\music-reco-Jamendo-2-public\audio\disco\1060998\1060998.mp3,1060998.mp3,10,5.0,0,1wcODQyhl51DNgLA28ncqiKJHZdBFYip3
636,disco,1085095,C:\Yukawa\Lab\Dataset\MTG-Jamendo-9mapping\9genre_music200_cqt\disco\1085095\cqt.npy,C:\Yukawa\music-reco-Jamendo-2-public\audio\disco\1085095\1085095.mp3,1085095.mp3,10,5.0,0,1Jxl1DVMzqZTDGjcGEjdgGbau_E3e9QGL
637,disco,1094139,C:\Yukawa\Lab\Dataset\MTG-Jamendo-9mapping\9genre_music200_cqt\disco\1094139\cqt.npy,C:\Yukawa\music-reco-Jamendo-2-public\audio\disco\1094139\1094139.mp3,1094139.mp3,10,5.0,0,1YckJncHxqLS3XrO6mcmm_uj9xvK6zfkR
638,disco,1117564,C:\Yukawa\Lab\Dataset\MTG-Jamendo-9mapping\9genre_music200_cqt\disco\1117564\cqt.npy,C:\Yukawa\music-reco-Jamendo-2-public\audio\disco\1117564\1117564.mp3,1117564.mp3,10,5.0,0,1Fxgbb94RLc7i2CIvsN5c2jGi90M2ddZe
639,disco,1117574,C:\Yukawa\Lab\Dataset\MTG-Jamendo-9mapping\9genre_music200_cqt\disco\1117574\cqt.npy,C:\Yukawa\music-reco-Jamendo-2-public\audio\disco\1117574\1117574.mp3,1117574.mp3,10,5.0,0,1ZZuvQMNtAHR5cskUVkV7WmCGQfYb14r5
640,disco,1125515,C:\Yukawa\Lab\Dataset\MTG-Jamendo-9mapping\9genre_music200_cqt\disco\1125515\cqt.npy,C:\Yukawa\music-reco-Jamendo-2-public\audio\disco\1125515\1125515.mp3,1125515.mp3,10,5.0,0,1u3-l2kanqfYV3wZ5FaigLB61SsLzkdue
641,disco,1126668,C:\Yukawa\Lab\Dataset\MTG-Jamendo-9mapping\9genre_music200_cqt\disco\1126668\cqt.npy,C:\Yukawa\music-reco-Jamendo-2-public\audio\disco\1126668\1126668.mp3,1126668.mp3,10,5.0,0,1O2lq7ruZ1IjZXjpWttnEIxm-89xSzaxv
642,disco,1129148,C:\Yukawa\Lab\Dataset\MTG-Jamendo-9mapping\9genre_music200_cqt\disco\1129148\cqt.npy,C:\Yukawa\music-reco-Jamendo-2-public\audio\disco\1129148\1129148.mp3,1129148.mp3,10,5.0,0,1OcVI3eo96c-GQifognU0kNetSx0bY_Jq
643,disco,1129411,C:\Yukawa\Lab\Dataset\MTG-Jamendo-9mapping\9genre_music200_cqt\disco\1129411\cqt.npy,C:\Yukawa\music-reco-Jamendo-2-public\audio\disco\1129411\1129411.mp3,1129411.mp3,10,5.0,0,169_DxtaZ8BiuOZxdDiUYdnaaufw7Dzld
644,disco,1129545,C:\Yukawa\Lab\Dataset\MTG-Jamendo-9mapping\9genre_music200_cqt\disco\1129545\cqt.npy,C:\Yukawa\music-reco-Jamendo-2-public\audio\disco\1129545\1129545.mp3,1129545.mp3,10,5.0,0,12CpeJ2JLSwv9mmWQ0Hzatx783BjBOHjA
645,disco,1129666,C:\Yukawa\Lab\Dataset\MTG-Jamendo-9mapping\9genre_music200_cqt\disco\1129666\cqt.npy,C:\Yukawa\music-reco-Jamendo-2-public\audio\disco\1129666\1129666.mp3,1129666.mp3,10,5.0,0,17bu2OJbHNLEzhJAvYdGKN-wqNeL3H4MH
646,disco,1131679,C:\Yukawa\Lab\Dataset\MTG-Jamendo-9mapping\9genre_music200_cqt\disco\1131679\cqt.npy,C:\Yukawa\music-reco-Jamendo-2-public\audio\disco\1131679\1131679.mp3,1131679.mp3,10,5.0,0,1WcsKwKxZFB6vlWhlpGcWwEArT7oalA7c
647,disco,1132453,C:\Yukawa\Lab\Dataset\MTG-Jamendo-9mapping\9genre_music200_cqt\disco\1132453\cqt.npy,C:\Yukawa\music-reco-Jamendo-2-public\audio\disco\1132453\1132453.mp3,1132453.mp3,10,5.0,0,1Rg80OmR_Zv-UQ5002Tpj9CH65dUm-wXG
648,disco,1151555,C:\Yukawa\Lab\Dataset\MTG-Jamendo-9mapping\9genre_music200_cqt\disco\1151555\cqt.npy,C:\Yukawa\music-reco-Jamendo-2-public\audio\disco\1151555\1151555.mp3,1151555.mp3,10,5.0,0,1svhVhL_2IWCFkvDC8MPQ60HDd1T_SMNF
649,disco,1161456,C:\Yukawa\Lab\Dataset\MTG-Jamendo-9mapping\9genre_music200_cqt\disco\1161456\cqt.npy,C:\Yukawa\music-reco-Jamendo-2-public\audio\disco\1161456\1161456.mp3,1161456.mp3,10,5.0,0,1AsM1nmGW0F7qmP5qTDSszSnnWTmc4cyW
650,disco,1168017,C:\Yukawa\Lab\Dataset\MTG-Jamendo-9mapping\9genre_music200_cqt\disco\1168017\cqt.npy,C:\Yukawa\music-reco-Jamendo-2-public\audio\disco\1168017\1168017.mp3,1168017.mp3,10,5.0,0,1AlIwRqRlc0DqZP5xCzS3h5nl83o4cV_s
651,disco,1168025,C:\Yukawa\Lab\Dataset\MTG-Jamendo-9mapping\9genre_music200_cqt\disco\1168025\cqt.npy,C:\Yukawa\music-reco-Jamendo-2-public\audio\disco\1168025\1168025.mp3,1168025.mp3,10,5.0,0,1ilbnAScZn_-HDayY2rloAD2HobwToNYz
652,disco,1168031,C:\Yukawa\Lab\Dataset\MTG-Jamendo-9mapping\9genre_music200_cqt\disco\1168031\cqt.npy,C:\Yukawa\music-reco-Jamendo-2-public\audio\disco\1168031\1168031.mp3,1168031.mp3,10,5.0,0,1L23QG2rMq9AI8P3I5B9kPDAdEhXsz2Th
653,disco,1173871,C:\Yukawa\Lab\Dataset\MTG-Jamendo-9mapping\9genre_music200_cqt\disco\1173871\cqt.npy,C:\Yukawa\music-reco-Jamendo-2-public\audio\disco\1173871\1173871.mp3,1173871.mp3,10,5.0,0,1t7pmxsCWbMl1ajkDyKZq6_Hkcv_S-TL-
654,disco,1174110,C:\Yukawa\Lab\Dataset\MTG-Jamendo-9mapping\9genre_music200_cqt\disco\1174110\cqt.npy,C:\Yukawa\music-reco-Jamendo-2-public\audio\disco\1174110\1174110.mp3,1174110.mp3,10,5.0,0,1fq4YKpLjlhSIvN3803vzrKrarvr-CYyj
655,disco,1174498,C:\Yukawa\Lab\Dataset\MTG-Jamendo-9mapping\9genre_music200_cqt\disco\1174498\cqt.npy,C:\Yukawa\music-reco-Jamendo-2-public\audio\disco\1174498\1174498.mp3,1174498.mp3,10,5.0,0,1nHrvgcFqcBPVi-rMPibJvJlZLOR6VHDV
656,disco,1174879,C:\Yukawa\Lab\Dataset\MTG-Jamendo-9mapping\9genre_music200_cqt\disco\1174879\cqt.npy,C:\Yukawa\music-reco-Jamendo-2-public\audio\disco\1174879\1174879.mp3,1174879.mp3,10,5.0,0,1XrPyRKsHWgWiOaR3PShJ1dydNl14wDdw
657,disco,1175863,C:\Yukawa\Lab\Dataset\MTG-Jamendo-9mapping\9genre_music200_cqt\disco\1175863\cqt.npy,C:\Yukawa\music-reco-Jamendo-2-public\audio\disco\1175863\1175863.mp3,1175863.mp3,10,5.0,0,12I8MEmjOr0uPBa_Mu2C7BYfJchwgXrrn
658,disco,1175885,C:\Yukawa\Lab\Dataset\MTG-Jamendo-9mapping\9genre_music200_cqt\disco\1175885\cqt.npy,C:\Yukawa\music-reco-Jamendo-2-public\audio\disco\1175885\1175885.mp3,1175885.mp3,10,5.0,0,1kV9SFnWlrz05ySMhvjjENcZWpiWWwnoK
659,disco,1181034,C:\Yukawa\Lab\Dataset\MTG-Jamendo-9mapping\9genre_music200_cqt\disco\1181034\cqt.npy,C:\Yukawa\music-reco-Jamendo-2-public\audio\disco\1181034\1181034.mp3,1181034.mp3,10,5.0,0,1cFWznLoXpBVhdoCcRJf-bMdr2jHQ7h9V
660,disco,1185619,C:\Yukawa\Lab\Dataset\MTG-Jamendo-9mapping\9genre_music200_cqt\disco\1185619\cqt.npy,C:\Yukawa\music-reco-Jamendo-2-public\audio\disco\1185619\1185619.mp3,1185619.mp3,10,5.0,0,1wCBN_n4S8J_UaqFiQUz4CoqY-RBKr8tX
661,disco,1185625,C:\Yukawa\Lab\Dataset\MTG-Jamendo-9mapping\9genre_music200_cqt\disco\1185625\cqt.npy,C:\Yukawa\music-reco-Jamendo-2-public\audio\disco\1185625\1185625.mp3,1185625.mp3,10,5.0,0,1e6rtghWzQ807SukBlApJGudvjN-TP_BU
662,disco,1186121,C:\Yukawa\Lab\Dataset\MTG-Jamendo-9mapping\9genre_music200_cqt\disco\1186121\cqt.npy,C:\Yukawa\music-reco-Jamendo-2-public\audio\disco\1186121\1186121.mp3,1186121.mp3,10,5.0,0,1YwwNyJbKusl_9DD881CXvvzKdKG5zvk1
663,disco,1190864,C:\Yukawa\Lab\Dataset\MTG-Jamendo-9mapping\9genre_music200_cqt\disco\1190864\cqt.npy,C:\Yukawa\music-reco-Jamendo-2-public\audio\disco\1190864\1190864.mp3,1190864.mp3,10,5.0,0,1ox_7dIZp2PInlU2JQbwFnqWUkz3o1spr
664,disco,1205067,C:\Yukawa\Lab\Dataset\MTG-Jamendo-9mapping\9genre_music200_cqt\disco\1205067\cqt.npy,C:\Yukawa\music-reco-Jamendo-2-public\audio\disco\1205067\1205067.mp3,1205067.mp3,10,5.0,0,1pLUlcXo1P4T9M8Q4GNKgc5bI7DrvSrJJ
665,disco,1205068,C:\Yukawa\Lab\Dataset\MTG-Jamendo-9mapping\9genre_music200_cqt\disco\1205068\cqt.npy,C:\Yukawa\music-reco-Jamendo-2-public\audio\disco\1205068\1205068.mp3,1205068.mp3,10,5.0,0,1fTuZrlrs08JcFXW0PeR3UXWr4INCDeVw
666,disco,1205618,C:\Yukawa\Lab\Dataset\MTG-Jamendo-9mapping\9genre_music200_cqt\disco\1205618\cqt.npy,C:\Yukawa\music-reco-Jamendo-2-public\audio\disco\1205618\1205618.mp3,1205618.mp3,10,5.0,0,1Tc-R0CdGlCR6Do9N6SvGbHEejMBd8rgY
667,disco,1208464,C:\Yukawa\Lab\Dataset\MTG-Jamendo-9mapping\9genre_music200_cqt\disco\1208464\cqt.npy,C:\Yukawa\music-reco-Jamendo-2-public\audio\disco\1208464\1208464.mp3,1208464.mp3,10,5.0,0,161bAWCwgwWm5P0Ld1-GPjR3bmjwc1aFE
668,disco,1216120,C:\Yukawa\Lab\Dataset\MTG-Jamendo-9mapping\9genre_music200_cqt\disco\1216120\cqt.npy,C:\Yukawa\music-reco-Jamendo-2-public\audio\disco\1216120\1216120.mp3,1216120.mp3,10,5.0,0,1LbvGx0gBIOgjNSZhvu-91-AZUU7xm44k
669,disco,1216121,C:\Yukawa\Lab\Dataset\MTG-Jamendo-9mapping\9genre_music200_cqt\disco\1216121\cqt.npy,C:\Yukawa\music-reco-Jamendo-2-public\audio\disco\1216121\1216121.mp3,1216121.mp3,10,5.0,0,1ZoTlqszHWXr1lqtHTcD3z641K9WK1bZx
670,disco,1216122,C:\Yukawa\Lab\Dataset\MTG-Jamendo-9mapping\9genre_music200_cqt\disco\1216122\cqt.npy,C:\Yukawa\music-reco-Jamendo-2-public\audio\disco\1216122\1216122.mp3,1216122.mp3,10,5.0,0,17f4lgqnvDF-PPj_EK1iYnS4dcdvOpdfV
671,disco,1216123,C:\Yukawa\Lab\Dataset\MTG-Jamendo-9mapping\9genre_music200_cqt\disco\1216123\cqt.npy,C:\Yukawa\music-reco-Jamendo-2-public\audio\disco\1216123\1216123.mp3,1216123.mp3,10,5.0,0,11MN06zQAGTcdrRWqe04LWhG_pZmsImDe
672,disco,1216124,C:\Yukawa\Lab\Dataset\MTG-Jamendo-9mapping\9genre_music200_cqt\disco\1216124\cqt.npy,C:\Yukawa\music-reco-Jamendo-2-public\audio\disco\1216124\1216124.mp3,1216124.mp3,10,5.0,0,1P-vBFoZvnKLKvB3lxvbcY9L3bi63EeS3
673,disco,1216125,C:\Yukawa\Lab\Dataset\MTG-Jamendo-9mapping\9genre_music200_cqt\disco\1216125\cqt.npy,C:\Yukawa\music-reco-Jamendo-2-public\audio\disco\1216125\1216125.mp3,1216125.mp3,10,5.0,0,1ytc56Fa-1zQMngliMZIWk0dQ07RwycPg
674,disco,1216126,C:\Yukawa\Lab\Dataset\MTG-Jamendo-9mapping\9genre_music200_cqt\disco\1216126\cqt.npy,C:\Yukawa\music-reco-Jamendo-2-public\audio\disco\1216126\1216126.mp3,1216126.mp3,10,5.0,0,1CXQImWtnZ8uBhm29NXKgC1yDMSqzp14F
675,disco,1216127,C:\Yukawa\Lab\Dataset\MTG-Jamendo-9mapping\9genre_music200_cqt\disco\1216127\cqt.npy,C:\Yukawa\music-reco-Jamendo-2-public\audio\disco\1216127\1216127.mp3,1216127.mp3,10,5.0,0,1hIrI_QP1xRIGqmpCtItZRxlUbK6te5hx
676,disco,1216128,C:\Yukawa\Lab\Dataset\MTG-Jamendo-9mapping\9genre_music200_cqt\disco\1216128\cqt.npy,C:\Yukawa\music-reco-Jamendo-2-public\audio\disco\1216128\1216128.mp3,1216128.mp3,10,5.0,0,1kDRCiYz2lISSimwAiVPfHML52WROxi9V
677,disco,1216129,C:\Yukawa\Lab\Dataset\MTG-Jamendo-9mapping\9genre_music200_cqt\disco\1216129\cqt.npy,C:\Yukawa\music-reco-Jamendo-2-public\audio\disco\1216129\1216129.mp3,1216129.mp3,10,5.0,0,1gykTQgwKSnGzYBgtinDZC-VfvCf_rUHr
678,disco,1216130,C:\Yukawa\Lab\Dataset\MTG-Jamendo-9mapping\9genre_music200_cqt\disco\1216130\cqt.npy,C:\Yukawa\music-reco-Jamendo-2-public\audio\disco\1216130\1216130.mp3,1216130.mp3,10,5.0,0,1sqHwAIDuXSztly-Tuo8ZAGwaA7-5tTu1
679,disco,1224787,C:\Yukawa\Lab\Dataset\MTG-Jamendo-9mapping\9genre_music200_cqt\disco\1224787\cqt.npy,C:\Yukawa\music-reco-Jamendo-2-public\audio\disco\1224787\1224787.mp3,1224787.mp3,10,5.0,0,1IVDsJBjAE7sXRIMOD0Z3XpPvZWwrbWYR
680,disco,1231088,C:\Yukawa\Lab\Dataset\MTG-Jamendo-9mapping\9genre_music200_cqt\disco\1231088\cqt.npy,C:\Yukawa\music-reco-Jamendo-2-public\audio\disco\1231088\1231088.mp3,1231088.mp3,10,5.0,0,1jcidhE8BbTvZv816Ge-qDymxTMyRE8sD
681,disco,1231089,C:\Yukawa\Lab\Dataset\MTG-Jamendo-9mapping\9genre_music200_cqt\disco\1231089\cqt.npy,C:\Yukawa\music-reco-Jamendo-2-public\audio\disco\1231089\1231089.mp3,1231089.mp3,10,5.0,0,119m-g7tXRtidkjGyZMrptSdqMW8zmGdx
682,disco,1231094,C:\Yukawa\Lab\Dataset\MTG-Jamendo-9mapping\9genre_music200_cqt\disco\1231094\cqt.npy,C:\Yukawa\music-reco-Jamendo-2-public\audio\disco\1231094\1231094.mp3,1231094.mp3,10,5.0,0,1klJxRpcFd_KphN0zU1vR2F0HxA7zU8zf
683,disco,1244458,C:\Yukawa\Lab\Dataset\MTG-Jamendo-9mapping\9genre_music200_cqt\disco\1244458\cqt.npy,C:\Yukawa\music-reco-Jamendo-2-public\audio\disco\1244458\1244458.mp3,1244458.mp3,10,5.0,0,1OrOQrUwT3FbOdd_jo0Vl9rZ6o7MSkGAR
684,disco,1244466,C:\Yukawa\Lab\Dataset\MTG-Jamendo-9mapping\9genre_music200_cqt\disco\1244466\cqt.npy,C:\Yukawa\music-reco-Jamendo-2-public\audio\disco\1244466\1244466.mp3,1244466.mp3,10,5.0,0,17DyzD9z8Z5LrLrZPHHsYElLF_jIz5bHN
685,disco,1250213,C:\Yukawa\Lab\Dataset\MTG-Jamendo-9mapping\9genre_music200_cqt\disco\1250213\cqt.npy,C:\Yukawa\music-reco-Jamendo-2-public\audio\disco\1250213\1250213.mp3,1250213.mp3,10,5.0,0,1ojxlK8G1JKBJuxy9p2rD_sfSjPK9igwp
686,disco,1250862,C:\Yukawa\Lab\Dataset\MTG-Jamendo-9mapping\9genre_music200_cqt\disco\1250862\cqt.npy,C:\Yukawa\music-reco-Jamendo-2-public\audio\disco\1250862\1250862.mp3,1250862.mp3,10,5.0,0,1ZhZGp1K6uICQQKp5wC8McPvBQbtuI25J
687,disco,1254616,C:\Yukawa\Lab\Dataset\MTG-Jamendo-9mapping\9genre_music200_cqt\disco\1254616\cqt.npy,C:\Yukawa\music-reco-Jamendo-2-public\audio\disco\1254616\1254616.mp3,1254616.mp3,10,5.0,0,1pPnqZ1nXE8kpUXV7L5D_WeRNqnlYATTh
688,disco,1270815,C:\Yukawa\Lab\Dataset\MTG-Jamendo-9mapping\9genre_music200_cqt\disco\1270815\cqt.npy,C:\Yukawa\music-reco-Jamendo-2-public\audio\disco\1270815\1270815.mp3,1270815.mp3,10,5.0,0,1ycqzENpzx8aM2JCFX4Ghw4z54toi27VY
689,disco,1270816,C:\Yukawa\Lab\Dataset\MTG-Jamendo-9mapping\9genre_music200_cqt\disco\1270816\cqt.npy,C:\Yukawa\music-reco-Jamendo-2-public\audio\disco\1270816\1270816.mp3,1270816.mp3,10,5.0,0,1YXcsKrMPSIb0gU6389O-HaWr9pzsbAJ0
690,disco,1270824,C:\Yukawa\Lab\Dataset\MTG-Jamendo-9mapping\9genre_music200_cqt\disco\1270824\cqt.npy,C:\Yukawa\music-reco-Jamendo-2-public\audio\disco\1270824\1270824.mp3,1270824.mp3,10,5.0,0,1soRSCd5PLDTDqtGtPjFlknomZ7SM_XNz
691,disco,1270855,C:\Yukawa\Lab\Dataset\MTG-Jamendo-9mapping\9genre_music200_cqt\disco\1270855\cqt.npy,C:\Yukawa\music-reco-Jamendo-2-public\audio\disco\1270855\1270855.mp3,1270855.mp3,10,5.0,0,1IiC8pHhKCqD5O3B5aKKqZdN7IigO5wYb
692,disco,1270856,C:\Yukawa\Lab\Dataset\MTG-Jamendo-9mapping\9genre_music200_cqt\disco\1270856\cqt.npy,C:\Yukawa\music-reco-Jamendo-2-public\audio\disco\1270856\1270856.mp3,1270856.mp3,10,5.0,0,1DFYbTRzxMR309Papt1BEndTDZsx19pOq
693,disco,1270858,C:\Yukawa\Lab\Dataset\MTG-Jamendo-9mapping\9genre_music200_cqt\disco\1270858\cqt.npy,C:\Yukawa\music-reco-Jamendo-2-public\audio\disco\1270858\1270858.mp3,1270858.mp3,10,5.0,0,1zGiK2e8tCEMxPARbUs5d5OsmFdpyqeki
694,disco,1278110,C:\Yukawa\Lab\Dataset\MTG-Jamendo-9mapping\9genre_music200_cqt\disco\1278110\cqt.npy,C:\Yukawa\music-reco-Jamendo-2-public\audio\disco\1278110\1278110.mp3,1278110.mp3,10,5.0,0,1rLrhz_QgrnOqeNZlV7bmOA9C4ZSOUmep
695,disco,1280420,C:\Yukawa\Lab\Dataset\MTG-Jamendo-9mapping\9genre_music200_cqt\disco\1280420\cqt.npy,C:\Yukawa\music-reco-Jamendo-2-public\audio\disco\1280420\1280420.mp3,1280420.mp3,10,5.0,0,1bn4-LARnw4ZOSfARfsz02WBAjz5x3b8-
696,disco,1280421,C:\Yukawa\Lab\Dataset\MTG-Jamendo-9mapping\9genre_music200_cqt\disco\1280421\cqt.npy,C:\Yukawa\music-reco-Jamendo-2-public\audio\disco\1280421\1280421.mp3,1280421.mp3,10,5.0,0,15LKXUHZYycW-Fc__UdctZwF7UDXCVCSK
697,disco,1280427,C:\Yukawa\Lab\Dataset\MTG-Jamendo-9mapping\9genre_music200_cqt\disco\1280427\cqt.npy,C:\Yukawa\music-reco-Jamendo-2-public\audio\disco\1280427\1280427.mp3,1280427.mp3,10,5.0,0,13mj30y7CUmXSHizLdXi2mOb2V-vihvGW
698,disco,1281561,C:\Yukawa\Lab\Dataset\MTG-Jamendo-9mapping\9genre_music200_cqt\disco\1281561\cqt.npy,C:\Yukawa\music-reco-Jamendo-2-public\audio\disco\1281561\1281561.mp3,1281561.mp3,10,5.0,0,1dp0u0VajfpJ4HWP_sej18bJ7q6Y23XTu
699,disco,1290324,C:\Yukawa\Lab\Dataset\MTG-Jamendo-9mapping\9genre_music200_cqt\disco\1290324\cqt.npy,C:\Yukawa\music-reco-Jamendo-2-public\audio\disco\1290324\1290324.mp3,1290324.mp3,10,5.0,0,1uluXQRov8NQW1LBX8CHrdn5Yoc9S-38O
700,disco,1290429,C:\Yukawa\Lab\Dataset\MTG-Jamendo-9mapping\9genre_music200_cqt\disco\1290429\cqt.npy,C:\Yukawa\music-reco-Jamendo-2-public\audio\disco\1290429\1290429.mp3,1290429.mp3,10,5.0,0,1Tj3oBxhoqYk3rHP_WJjCo2GQC4mCT2VK
701,disco,1290432,C:\Yukawa\Lab\Dataset\MTG-Jamendo-9mapping\9genre_music200_cqt\disco\1290432\cqt.npy,C:\Yukawa\music-reco-Jamendo-2-public\audio\disco\1290432\1290432.mp3,1290432.mp3,10,5.0,0,1Th3rKuFXtlLTww9dpzvPzCHZz5ezm72F
702,disco,1312152,C:\Yukawa\Lab\Dataset\MTG-Jamendo-9mapping\9genre_music200_cqt\disco\1312152\cqt.npy,C:\Yukawa\music-reco-Jamendo-2-public\audio\disco\1312152\1312152.mp3,1312152.mp3,10,5.0,0,1HW_4f2MoyEecUj5AhwiaGKNRxsCBVk-J
703,disco,1321710,C:\Yukawa\Lab\Dataset\MTG-Jamendo-9mapping\9genre_music200_cqt\disco\1321710\cqt.npy,C:\Yukawa\music-reco-Jamendo-2-public\audio\disco\1321710\1321710.mp3,1321710.mp3,10,5.0,0,1r6wRCO4zLZ3_o5NVYFWf19yciSAHPt0z
704,disco,1321711,C:\Yukawa\Lab\Dataset\MTG-Jamendo-9mapping\9genre_music200_cqt\disco\1321711\cqt.npy,C:\Yukawa\music-reco-Jamendo-2-public\audio\disco\1321711\1321711.mp3,1321711.mp3,10,5.0,0,1ACf6rhbkUx8hVIkWk5qJk4hNBOnZsmg7
705,disco,1321712,C:\Yukawa\Lab\Dataset\MTG-Jamendo-9mapping\9genre_music200_cqt\disco\1321712\cqt.npy,C:\Yukawa\music-reco-Jamendo-2-public\audio\disco\1321712\1321712.mp3,1321712.mp3,10,5.0,0,1cYCk5rydup2O0AhiGHEVvBjFDxNdz3zR
706,disco,1321713,C:\Yukawa\Lab\Dataset\MTG-Jamendo-9mapping\9genre_music200_cqt\disco\1321713\cqt.npy,C:\Yukawa\music-reco-Jamendo-2-public\audio\disco\1321713\1321713.mp3,1321713.mp3,10,5.0,0,1abzi3d5zo9bBF-GjcI9kFALPf7fxQvyj
707,disco,1321714,C:\Yukawa\Lab\Dataset\MTG-Jamendo-9mapping\9genre_music200_cqt\disco\1321714\cqt.npy,C:\Yukawa\music-reco-Jamendo-2-public\audio\disco\1321714\1321714.mp3,1321714.mp3,10,5.0,0,1lQSJY7gobkd0e5VpbKWbUpY7qVmBWN7L
708,disco,1321715,C:\Yukawa\Lab\Dataset\MTG-Jamendo-9mapping\9genre_music200_cqt\disco\1321715\cqt.npy,C:\Yukawa\music-reco-Jamendo-2-public\audio\disco\1321715\1321715.mp3,1321715.mp3,10,5.0,0,1_iizppS3c16E-OTA5S-L18WzG-5CRKKE
709,disco,1321716,C:\Yukawa\Lab\Dataset\MTG-Jamendo-9mapping\9genre_music200_cqt\disco\1321716\cqt.npy,C:\Yukawa\music-reco-Jamendo-2-public\audio\disco\1321716\1321716.mp3,1321716.mp3,10,5.0,0,1mIMLsGnQiaMz8NZ6ySLFcPfYiiRJIXeJ
710,disco,1321717,C:\Yukawa\Lab\Dataset\MTG-Jamendo-9mapping\9genre_music200_cqt\disco\1321717\cqt.npy,C:\Yukawa\music-reco-Jamendo-2-public\audio\disco\1321717\1321717.mp3,1321717.mp3,10,5.0,0,13Tyru96LRPDVcZAjKYlHuF4tBoOu6M33
711,disco,1321718,C:\Yukawa\Lab\Dataset\MTG-Jamendo-9mapping\9genre_music200_cqt\disco\1321718\cqt.npy,C:\Yukawa\music-reco-Jamendo-2-public\audio\disco\1321718\1321718.mp3,1321718.mp3,10,5.0,0,15RiO6hf3V-UUJN-fugSgscyxEfnoS46t
712,disco,1321719,C:\Yukawa\Lab\Dataset\MTG-Jamendo-9mapping\9genre_music200_cqt\disco\1321719\cqt.npy,C:\Yukawa\music-reco-Jamendo-2-public\audio\disco\1321719\1321719.mp3,1321719.mp3,10,5.0,0,1XDYk2FrYXMjblLOSThwM9mWfnXu92D3Q
713,disco,1321720,C:\Yukawa\Lab\Dataset\MTG-Jamendo-9mapping\9genre_music200_cqt\disco\1321720\cqt.npy,C:\Yukawa\music-reco-Jamendo-2-public\audio\disco\1321720\1321720.mp3,1321720.mp3,10,5.0,0,1zD6hO48cYoO8WtzPm50Uvl0rEPFRxXGU
714,disco,1321722,C:\Yukawa\Lab\Dataset\MTG-Jamendo-9mapping\9genre_music200_cqt\disco\1321722\cqt.npy,C:\Yukawa\music-reco-Jamendo-2-public\audio\disco\1321722\1321722.mp3,1321722.mp3,10,5.0,0,1gaixWNGDwviRqScr8ZNwWFwMOqfJKo-I
715,disco,1321723,C:\Yukawa\Lab\Dataset\MTG-Jamendo-9mapping\9genre_music200_cqt\disco\1321723\cqt.npy,C:\Yukawa\music-reco-Jamendo-2-public\audio\disco\1321723\1321723.mp3,1321723.mp3,10,5.0,0,1Agh7yR_-5gS82mtyc9MOL-llQDqUcLMb
716,disco,1321724,C:\Yukawa\Lab\Dataset\MTG-Jamendo-9mapping\9genre_music200_cqt\disco\1321724\cqt.npy,C:\Yukawa\music-reco-Jamendo-2-public\audio\disco\1321724\1321724.mp3,1321724.mp3,10,5.0,0,1-Q1T2Ik5kiSnxMeOKYrsOzBn8sTGH5ZX
717,disco,1321725,C:\Yukawa\Lab\Dataset\MTG-Jamendo-9mapping\9genre_music200_cqt\disco\1321725\cqt.npy,C:\Yukawa\music-reco-Jamendo-2-public\audio\disco\1321725\1321725.mp3,1321725.mp3,10,5.0,0,1_X9CvUkOeyhBC5qPS_AvP_SF7b29c3fa
718,disco,1321726,C:\Yukawa\Lab\Dataset\MTG-Jamendo-9mapping\9genre_music200_cqt\disco\1321726\cqt.npy,C:\Yukawa\music-reco-Jamendo-2-public\audio\disco\1321726\1321726.mp3,1321726.mp3,10,5.0,0,1yOHkXWV_HzaZxOC9NWUpCsqawncqCqb9
719,disco,1321727,C:\Yukawa\Lab\Dataset\MTG-Jamendo-9mapping\9genre_music200_cqt\disco\1321727\cqt.npy,C:\Yukawa\music-reco-Jamendo-2-public\audio\disco\1321727\1321727.mp3,1321727.mp3,10,5.0,0,1lD7yYurLFKLZzGjH1vq3Iz8kigQSQlFE
720,disco,1321728,C:\Yukawa\Lab\Dataset\MTG-Jamendo-9mapping\9genre_music200_cqt\disco\1321728\cqt.npy,C:\Yukawa\music-reco-Jamendo-2-public\audio\disco\1321728\1321728.mp3,1321728.mp3,10,5.0,0,1mtkcXfdfUAQu5MTWfprFmryM2mv7s576
721,disco,1321729,C:\Yukawa\Lab\Dataset\MTG-Jamendo-9mapping\9genre_music200_cqt\disco\1321729\cqt.npy,C:\Yukawa\music-reco-Jamendo-2-public\audio\disco\1321729\1321729.mp3,1321729.mp3,10,5.0,0,1xKujgAksS9pDPxYHslEDcZck_bhLyL3a
722,disco,1321730,C:\Yukawa\Lab\Dataset\MTG-Jamendo-9mapping\9genre_music200_cqt\disco\1321730\cqt.npy,C:\Yukawa\music-reco-Jamendo-2-public\audio\disco\1321730\1321730.mp3,1321730.mp3,10,5.0,0,1cBq56YihTKoBp8qyLdKKKPKj9t3ZAWcq
723,disco,1321731,C:\Yukawa\Lab\Dataset\MTG-Jamendo-9mapping\9genre_music200_cqt\disco\1321731\cqt.npy,C:\Yukawa\music-reco-Jamendo-2-public\audio\disco\1321731\1321731.mp3,1321731.mp3,10,5.0,0,1VeClxDstjWS3yoA5gfoNow3Ba3IIWKgL
724,disco,1321732,C:\Yukawa\Lab\Dataset\MTG-Jamendo-9mapping\9genre_music200_cqt\disco\1321732\cqt.npy,C:\Yukawa\music-reco-Jamendo-2-public\audio\disco\1321732\1321732.mp3,1321732.mp3,10,5.0,0,1pP6-K7BDtZx8UVcpYPtxVpHIF94iyWoz
725,disco,1321733,C:\Yukawa\Lab\Dataset\MTG-Jamendo-9mapping\9genre_music200_cqt\disco\1321733\cqt.npy,C:\Yukawa\music-reco-Jamendo-2-public\audio\disco\1321733\1321733.mp3,1321733.mp3,10,5.0,0,1lPjC_KrlWV2TI_FRTVXUwzpOVBYsY2HM
726,disco,1321734,C:\Yukawa\Lab\Dataset\MTG-Jamendo-9mapping\9genre_music200_cqt\disco\1321734\cqt.npy,C:\Yukawa\music-reco-Jamendo-2-public\audio\disco\1321734\1321734.mp3,1321734.mp3,10,5.0,0,1z1mHp6WMvZ4O_L_EjrVXFcd6xuWvagmk
727,disco,1321735,C:\Yukawa\Lab\Dataset\MTG-Jamendo-9mapping\9genre_music200_cqt\disco\1321735\cqt.npy,C:\Yukawa\music-reco-Jamendo-2-public\audio\disco\1321735\1321735.mp3,1321735.mp3,10,5.0,0,1ofPf3xGJk8ox1zHq17UI2pCc4AAdPCpf
728,disco,1321736,C:\Yukawa\Lab\Dataset\MTG-Jamendo-9mapping\9genre_music200_cqt\disco\1321736\cqt.npy,C:\Yukawa\music-reco-Jamendo-2-public\audio\disco\1321736\1321736.mp3,1321736.mp3,10,5.0,0,1ZgwVUJlSOOp4s4UvzlFULOMuugXYbCnu
729,disco,1321737,C:\Yukawa\Lab\Dataset\MTG-Jamendo-9mapping\9genre_music200_cqt\disco\1321737\cqt.npy,C:\Yukawa\music-reco-Jamendo-2-public\audio\disco\1321737\1321737.mp3,1321737.mp3,10,5.0,0,1ej6_rilWdIod6Io5IlNi1C2sNM2eyHLb
730,disco,1321738,C:\Yukawa\Lab\Dataset\MTG-Jamendo-9mapping\9genre_music200_cqt\disco\1321738\cqt.npy,C:\Yukawa\music-reco-Jamendo-2-public\audio\disco\1321738\1321738.mp3,1321738.mp3,10,5.0,0,14l5yqjh8ys4bB6txYXanBvtSM_BpR0my
731,disco,1321739,C:\Yukawa\Lab\Dataset\MTG-Jamendo-9mapping\9genre_music200_cqt\disco\1321739\cqt.npy,C:\Yukawa\music-reco-Jamendo-2-public\audio\disco\1321739\1321739.mp3,1321739.mp3,10,5.0,0,1G9KO0Rk_46FHM6auaTTyc-H8T0mygMIE
732,disco,1321740,C:\Yukawa\Lab\Dataset\MTG-Jamendo-9mapping\9genre_music200_cqt\disco\1321740\cqt.npy,C:\Yukawa\music-reco-Jamendo-2-public\audio\disco\1321740\1321740.mp3,1321740.mp3,10,5.0,0,15T2FvJmxUn6bswrLAB42Q0ls8TnoM1K9
733,disco,1321741,C:\Yukawa\Lab\Dataset\MTG-Jamendo-9mapping\9genre_music200_cqt\disco\1321741\cqt.npy,C:\Yukawa\music-reco-Jamendo-2-public\audio\disco\1321741\1321741.mp3,1321741.mp3,10,5.0,0,1ADR58kXiowZU-mY6QN894W9FHePZNRrc
734,disco,1321742,C:\Yukawa\Lab\Dataset\MTG-Jamendo-9mapping\9genre_music200_cqt\disco\1321742\cqt.npy,C:\Yukawa\music-reco-Jamendo-2-public\audio\disco\1321742\1321742.mp3,1321742.mp3,10,5.0,0,1fSmvMRAnLoxAkzhK68gJRNY748g92zvj
735,disco,1321743,C:\Yukawa\Lab\Dataset\MTG-Jamendo-9mapping\9genre_music200_cqt\disco\1321743\cqt.npy,C:\Yukawa\music-reco-Jamendo-2-public\audio\disco\1321743\1321743.mp3,1321743.mp3,10,5.0,0,1tX-_0QRMeT7qnDwSD4uP7ycDbBJhqeIU
736,disco,1321744,C:\Yukawa\Lab\Dataset\MTG-Jamendo-9mapping\9genre_music200_cqt\disco\1321744\cqt.npy,C:\Yukawa\music-reco-Jamendo-2-public\audio\disco\1321744\1321744.mp3,1321744.mp3,10,5.0,0,1qQ47MUyeWYNGQSIWaPKifjYGkaefcvN8
737,disco,1321745,C:\Yukawa\Lab\Dataset\MTG-Jamendo-9mapping\9genre_music200_cqt\disco\1321745\cqt.npy,C:\Yukawa\music-reco-Jamendo-2-public\audio\disco\1321745\1321745.mp3,1321745.mp3,10,5.0,0,1N7TbZoMO32QmyU_-5cFXU10AXe66dih-
738,disco,1321746,C:\Yukawa\Lab\Dataset\MTG-Jamendo-9mapping\9genre_music200_cqt\disco\1321746\cqt.npy,C:\Yukawa\music-reco-Jamendo-2-public\audio\disco\1321746\1321746.mp3,1321746.mp3,10,5.0,0,1ROjcKdoWh1ErDObgKY5L4SOgNbNtu4hs
739,disco,1325792,C:\Yukawa\Lab\Dataset\MTG-Jamendo-9mapping\9genre_music200_cqt\disco\1325792\cqt.npy,C:\Yukawa\music-reco-Jamendo-2-public\audio\disco\1325792\1325792.mp3,1325792.mp3,10,5.0,0,1QxoFOYx8XcL9DIqstLKkbmZPUHBm4HCs
740,disco,1326836,C:\Yukawa\Lab\Dataset\MTG-Jamendo-9mapping\9genre_music200_cqt\disco\1326836\cqt.npy,C:\Yukawa\music-reco-Jamendo-2-public\audio\disco\1326836\1326836.mp3,1326836.mp3,10,5.0,0,116VNGrvEXLSCGHk6bUP8_YtvugZJBIfL
741,disco,1335463,C:\Yukawa\Lab\Dataset\MTG-Jamendo-9mapping\9genre_music200_cqt\disco\1335463\cqt.npy,C:\Yukawa\music-reco-Jamendo-2-public\audio\disco\1335463\1335463.mp3,1335463.mp3,10,5.0,0,1RedOit0OcFUQCmJoiKB2U6BJVfozt7eN
742,disco,1340339,C:\Yukawa\Lab\Dataset\MTG-Jamendo-9mapping\9genre_music200_cqt\disco\1340339\cqt.npy,C:\Yukawa\music-reco-Jamendo-2-public\audio\disco\1340339\1340339.mp3,1340339.mp3,10,5.0,0,1H_4UjDb9eo2PiSBc5EOthJB5mYO2FWS6
743,disco,1353317,C:\Yukawa\Lab\Dataset\MTG-Jamendo-9mapping\9genre_music200_cqt\disco\1353317\cqt.npy,C:\Yukawa\music-reco-Jamendo-2-public\audio\disco\1353317\1353317.mp3,1353317.mp3,10,5.0,0,1YEZ1C5N8mBsZlFwafncLAnfRoKzLSiND
744,disco,1353329,C:\Yukawa\Lab\Dataset\MTG-Jamendo-9mapping\9genre_music200_cqt\disco\1353329\cqt.npy,C:\Yukawa\music-reco-Jamendo-2-public\audio\disco\1353329\1353329.mp3,1353329.mp3,10,5.0,0,1gmBTc9zXe3xXXlv_j27F26932tyq9NkO
745,disco,1353330,C:\Yukawa\Lab\Dataset\MTG-Jamendo-9mapping\9genre_music200_cqt\disco\1353330\cqt.npy,C:\Yukawa\music-reco-Jamendo-2-public\audio\disco\1353330\1353330.mp3,1353330.mp3,10,5.0,0,1RY92YjPuBrgq7XFkAxWH4l_i0LJlE3J4
746,disco,1353357,C:\Yukawa\Lab\Dataset\MTG-Jamendo-9mapping\9genre_music200_cqt\disco\1353357\cqt.npy,C:\Yukawa\music-reco-Jamendo-2-public\audio\disco\1353357\1353357.mp3,1353357.mp3,10,5.0,0,118_oy4xrOXQjp4bj65rOdS3Wh1mg0wRt
747,disco,1353360,C:\Yukawa\Lab\Dataset\MTG-Jamendo-9mapping\9genre_music200_cqt\disco\1353360\cqt.npy,C:\Yukawa\music-reco-Jamendo-2-public\audio\disco\1353360\1353360.mp3,1353360.mp3,10,5.0,0,17Nq8ivtGkOJkhak-gChSKfIdR2M-8nVL
748,disco,1353366,C:\Yukawa\Lab\Dataset\MTG-Jamendo-9mapping\9genre_music200_cqt\disco\1353366\cqt.npy,C:\Yukawa\music-reco-Jamendo-2-public\audio\disco\1353366\1353366.mp3,1353366.mp3,10,5.0,0,13tIXz2_eYJrRU37GBTL5_YH9XRv6QODq
749,disco,1353369,C:\Yukawa\Lab\Dataset\MTG-Jamendo-9mapping\9genre_music200_cqt\disco\1353369\cqt.npy,C:\Yukawa\music-reco-Jamendo-2-public\audio\disco\1353369\1353369.mp3,1353369.mp3,10,5.0,0,1MW1cmDgJ6gAO-xR-o0FYhKyzDn1cDk3N
750,disco,1354273,C:\Yukawa\Lab\Dataset\MTG-Jamendo-9mapping\9genre_music200_cqt\disco\1354273\cqt.npy,C:\Yukawa\music-reco-Jamendo-2-public\audio\disco\1354273\1354273.mp3,1354273.mp3,10,5.0,0,1M07JYD2P2fIYohnt7pMPR7yBo5I-0yPH
751,disco,1354274,C:\Yukawa\Lab\Dataset\MTG-Jamendo-9mapping\9genre_music200_cqt\disco\1354274\cqt.npy,C:\Yukawa\music-reco-Jamendo-2-public\audio\disco\1354274\1354274.mp3,1354274.mp3,10,5.0,0,1jkTGiLRN5hXhryPaJ-YxhkaK6aw15kW0
752,disco,1357238,C:\Yukawa\Lab\Dataset\MTG-Jamendo-9mapping\9genre_music200_cqt\disco\1357238\cqt.npy,C:\Yukawa\music-reco-Jamendo-2-public\audio\disco\1357238\1357238.mp3,1357238.mp3,10,5.0,0,1NB4lNRkMZRlsQaG-pVCFXG3earfOVkAz
753,disco,1357239,C:\Yukawa\Lab\Dataset\MTG-Jamendo-9mapping\9genre_music200_cqt\disco\1357239\cqt.npy,C:\Yukawa\music-reco-Jamendo-2-public\audio\disco\1357239\1357239.mp3,1357239.mp3,10,5.0,0,14utJpkzs3z8Tmn1it54RzewQtzSYsj2p
754,disco,1360656,C:\Yukawa\Lab\Dataset\MTG-Jamendo-9mapping\9genre_music200_cqt\disco\1360656\cqt.npy,C:\Yukawa\music-reco-Jamendo-2-public\audio\disco\1360656\1360656.mp3,1360656.mp3,10,5.0,0,1ZwVdrru-M3bOqMOAhfD_uW0YhmwKBTXe
755,disco,1361132,C:\Yukawa\Lab\Dataset\MTG-Jamendo-9mapping\9genre_music200_cqt\disco\1361132\cqt.npy,C:\Yukawa\music-reco-Jamendo-2-public\audio\disco\1361132\1361132.mp3,1361132.mp3,10,5.0,0,1kEPNI-WFuE330pn67bIbbz2BFXKPZ2lM
756,disco,1366441,C:\Yukawa\Lab\Dataset\MTG-Jamendo-9mapping\9genre_music200_cqt\disco\1366441\cqt.npy,C:\Yukawa\music-reco-Jamendo-2-public\audio\disco\1366441\1366441.mp3,1366441.mp3,10,5.0,0,1tlETjxk8zxf6RL6TqFZO6dePFDxI2jto
757,disco,1370365,C:\Yukawa\Lab\Dataset\MTG-Jamendo-9mapping\9genre_music200_cqt\disco\1370365\cqt.npy,C:\Yukawa\music-reco-Jamendo-2-public\audio\disco\1370365\1370365.mp3,1370365.mp3,10,5.0,0,1GNXRXgaaYYR56pVWrVh4hThDUxgO6SqN
758,disco,1371529,C:\Yukawa\Lab\Dataset\MTG-Jamendo-9mapping\9genre_music200_cqt\disco\1371529\cqt.npy,C:\Yukawa\music-reco-Jamendo-2-public\audio\disco\1371529\1371529.mp3,1371529.mp3,10,5.0,0,1wBWj5DxumVfWOxyaXyXX_mOru7ZQUSqt
759,disco,1371972,C:\Yukawa\Lab\Dataset\MTG-Jamendo-9mapping\9genre_music200_cqt\disco\1371972\cqt.npy,C:\Yukawa\music-reco-Jamendo-2-public\audio\disco\1371972\1371972.mp3,1371972.mp3,10,5.0,0,1d0H035_TpH-HMORTYd_2txxF66x9G53U
760,disco,1371975,C:\Yukawa\Lab\Dataset\MTG-Jamendo-9mapping\9genre_music200_cqt\disco\1371975\cqt.npy,C:\Yukawa\music-reco-Jamendo-2-public\audio\disco\1371975\1371975.mp3,1371975.mp3,10,5.0,0,14Y1PYPbmdcpQTpI5yvYbPgLwOydQScka
761,disco,1373551,C:\Yukawa\Lab\Dataset\MTG-Jamendo-9mapping\9genre_music200_cqt\disco\1373551\cqt.npy,C:\Yukawa\music-reco-Jamendo-2-public\audio\disco\1373551\1373551.mp3,1373551.mp3,10,5.0,0,1owB3qmSa8pO5xw9PjPw7mLYrnwSBVzxl
762,disco,1373552,C:\Yukawa\Lab\Dataset\MTG-Jamendo-9mapping\9genre_music200_cqt\disco\1373552\cqt.npy,C:\Yukawa\music-reco-Jamendo-2-public\audio\disco\1373552\1373552.mp3,1373552.mp3,10,5.0,0,1Am8kktnDL5bipi7nUUt34FS2NW0Kq_Sa
763,disco,1377584,C:\Yukawa\Lab\Dataset\MTG-Jamendo-9mapping\9genre_music200_cqt\disco\1377584\cqt.npy,C:\Yukawa\music-reco-Jamendo-2-public\audio\disco\1377584\1377584.mp3,1377584.mp3,10,5.0,0,1yqCE29C1qu1lipqCs6jMBEKzgXGO9yGG
764,disco,1378096,C:\Yukawa\Lab\Dataset\MTG-Jamendo-9mapping\9genre_music200_cqt\disco\1378096\cqt.npy,C:\Yukawa\music-reco-Jamendo-2-public\audio\disco\1378096\1378096.mp3,1378096.mp3,10,5.0,0,1fwC0UybH6WvX8iuEJ6ynFGvnM8fWrZEW
765,disco,1384692,C:\Yukawa\Lab\Dataset\MTG-Jamendo-9mapping\9genre_music200_cqt\disco\1384692\cqt.npy,C:\Yukawa\music-reco-Jamendo-2-public\audio\disco\1384692\1384692.mp3,1384692.mp3,10,5.0,0,1ogpp3bvxAXX3HEICm4DGsaM3ZiCFCgkV
766,disco,1399519,C:\Yukawa\Lab\Dataset\MTG-Jamendo-9mapping\9genre_music200_cqt\disco\1399519\cqt.npy,C:\Yukawa\music-reco-Jamendo-2-public\audio\disco\1399519\1399519.mp3,1399519.mp3,10,5.0,0,1NSPDAhl5S6KBmbebCx7lElu24lcr366A
767,disco,1399998,C:\Yukawa\Lab\Dataset\MTG-Jamendo-9mapping\9genre_music200_cqt\disco\1399998\cqt.npy,C:\Yukawa\music-reco-Jamendo-2-public\audio\disco\1399998\1399998.mp3,1399998.mp3,10,5.0,0,1QJjmUOVk0_TMF7CBXjLoTQ9TyP9HIvZd
768,disco,1408442,C:\Yukawa\Lab\Dataset\MTG-Jamendo-9mapping\9genre_music200_cqt\disco\1408442\cqt.npy,C:\Yukawa\music-reco-Jamendo-2-public\audio\disco\1408442\1408442.mp3,1408442.mp3,10,5.0,0,19X2AjgAx1Q18PhWuHabUfc40O3k-qz_8
769,disco,1408963,C:\Yukawa\Lab\Dataset\MTG-Jamendo-9mapping\9genre_music200_cqt\disco\1408963\cqt.npy,C:\Yukawa\music-reco-Jamendo-2-public\audio\disco\1408963\1408963.mp3,1408963.mp3,10,5.0,0,19xSBvgx4a-eyKXO_kubr2YWRaVKjmz3P
770,disco,1419040,C:\Yukawa\Lab\Dataset\MTG-Jamendo-9mapping\9genre_music200_cqt\disco\1419040\cqt.npy,C:\Yukawa\music-reco-Jamendo-2-public\audio\disco\1419040\1419040.mp3,1419040.mp3,10,5.0,0,103uKNjhZfD0VKmZZlOLDlJen7OHYYUQO
771,disco,1420410,C:\Yukawa\Lab\Dataset\MTG-Jamendo-9mapping\9genre_music200_cqt\disco\1420410\cqt.npy,C:\Yukawa\music-reco-Jamendo-2-public\audio\disco\1420410\1420410.mp3,1420410.mp3,10,5.0,0,1PrxXttGKnD2LasCA6ghLuCuHA6NGmCTc
772,disco,1420411,C:\Yukawa\Lab\Dataset\MTG-Jamendo-9mapping\9genre_music200_cqt\disco\1420411\cqt.npy,C:\Yukawa\music-reco-Jamendo-2-public\audio\disco\1420411\1420411.mp3,1420411.mp3,10,5.0,0,1cA8IFbL2oOaC1nHA9fbWROUKtn7c9lxy
773,disco,1420425,C:\Yukawa\Lab\Dataset\MTG-Jamendo-9mapping\9genre_music200_cqt\disco\1420425\cqt.npy,C:\Yukawa\music-reco-Jamendo-2-public\audio\disco\1420425\1420425.mp3,1420425.mp3,10,5.0,0,1eEjBS0rDuHgPRwHPNtMoGErZPU23oLkz
774,disco,1420426,C:\Yukawa\Lab\Dataset\MTG-Jamendo-9mapping\9genre_music200_cqt\disco\1420426\cqt.npy,C:\Yukawa\music-reco-Jamendo-2-public\audio\disco\1420426\1420426.mp3,1420426.mp3,10,5.0,0,19-Bfvnlh7RjPz7mzOHzPQtmsK_G7kMfZ
775,disco,1420433,C:\Yukawa\Lab\Dataset\MTG-Jamendo-9mapping\9genre_music200_cqt\disco\1420433\cqt.npy,C:\Yukawa\music-reco-Jamendo-2-public\audio\disco\1420433\1420433.mp3,1420433.mp3,10,5.0,0,1O1_DKu1P1HldimeVUqvF0oEMuHpv31BF
776,disco,1420436,C:\Yukawa\Lab\Dataset\MTG-Jamendo-9mapping\9genre_music200_cqt\disco\1420436\cqt.npy,C:\Yukawa\music-reco-Jamendo-2-public\audio\disco\1420436\1420436.mp3,1420436.mp3,10,5.0,0,12b9Y9sGjicIL-fNkWdKCBcgpPCJWxgNT
777,disco,1420438,C:\Yukawa\Lab\Dataset\MTG-Jamendo-9mapping\9genre_music200_cqt\disco\1420438\cqt.npy,C:\Yukawa\music-reco-Jamendo-2-public\audio\disco\1420438\1420438.mp3,1420438.mp3,10,5.0,0,1Lw_UdCsM0_cZNCVvh5ZGq2WB_nj1Q4jt
778,disco,1420440,C:\Yukawa\Lab\Dataset\MTG-Jamendo-9mapping\9genre_music200_cqt\disco\1420440\cqt.npy,C:\Yukawa\music-reco-Jamendo-2-public\audio\disco\1420440\1420440.mp3,1420440.mp3,10,5.0,0,1EcW7YSDCR3wJgGOWBBX4h7sNqFgRBYMd
779,disco,1420444,C:\Yukawa\Lab\Dataset\MTG-Jamendo-9mapping\9genre_music200_cqt\disco\1420444\cqt.npy,C:\Yukawa\music-reco-Jamendo-2-public\audio\disco\1420444\1420444.mp3,1420444.mp3,10,5.0,0,1QgCiC4bfZ0KD6De9Uj5hZRgq3HtPvw5q
780,disco,1420445,C:\Yukawa\Lab\Dataset\MTG-Jamendo-9mapping\9genre_music200_cqt\disco\1420445\cqt.npy,C:\Yukawa\music-reco-Jamendo-2-public\audio\disco\1420445\1420445.mp3,1420445.mp3,10,5.0,0,1Uf_Uf0w7j2jSiSLBLWBLnVXb2rWiQ-8t
781,disco,1420446,C:\Yukawa\Lab\Dataset\MTG-Jamendo-9mapping\9genre_music200_cqt\disco\1420446\cqt.npy,C:\Yukawa\music-reco-Jamendo-2-public\audio\disco\1420446\1420446.mp3,1420446.mp3,10,5.0,0,1dWMRybw4gsr-d3mkJ_T20K3fRbfdETB_
782,disco,1420471,C:\Yukawa\Lab\Dataset\MTG-Jamendo-9mapping\9genre_music200_cqt\disco\1420471\cqt.npy,C:\Yukawa\music-reco-Jamendo-2-public\audio\disco\1420471\1420471.mp3,1420471.mp3,10,5.0,0,1E9WrSseNT9ay1_56btOmO1yj36MCm179
783,disco,1420472,C:\Yukawa\Lab\Dataset\MTG-Jamendo-9mapping\9genre_music200_cqt\disco\1420472\cqt.npy,C:\Yukawa\music-reco-Jamendo-2-public\audio\disco\1420472\1420472.mp3,1420472.mp3,10,5.0,0,1j_Pr0M0y1ytCEnOeBxRwW6X9EfFKektt
784,disco,1420473,C:\Yukawa\Lab\Dataset\MTG-Jamendo-9mapping\9genre_music200_cqt\disco\1420473\cqt.npy,C:\Yukawa\music-reco-Jamendo-2-public\audio\disco\1420473\1420473.mp3,1420473.mp3,10,5.0,0,1LWANbNRBhPzf5cI0TQIZcke-Hq5PPWLV
785,disco,1420474,C:\Yukawa\Lab\Dataset\MTG-Jamendo-9mapping\9genre_music200_cqt\disco\1420474\cqt.npy,C:\Yukawa\music-reco-Jamendo-2-public\audio\disco\1420474\1420474.mp3,1420474.mp3,10,5.0,0,1HArWUMl5k0h4v_u9OzWpodm5sLyE-N1C
786,disco,1420475,C:\Yukawa\Lab\Dataset\MTG-Jamendo-9mapping\9genre_music200_cqt\disco\1420475\cqt.npy,C:\Yukawa\music-reco-Jamendo-2-public\audio\disco\1420475\1420475.mp3,1420475.mp3,10,5.0,0,1EoVeofyOBC9lBQXqpgVSox7fbiTOTeR2
787,disco,1420476,C:\Yukawa\Lab\Dataset\MTG-Jamendo-9mapping\9genre_music200_cqt\disco\1420476\cqt.npy,C:\Yukawa\music-reco-Jamendo-2-public\audio\disco\1420476\1420476.mp3,1420476.mp3,10,5.0,0,1o1uNYTM8fIpKaQFtZYvJW6inkIuHqeMW
788,disco,1420477,C:\Yukawa\Lab\Dataset\MTG-Jamendo-9mapping\9genre_music200_cqt\disco\1420477\cqt.npy,C:\Yukawa\music-reco-Jamendo-2-public\audio\disco\1420477\1420477.mp3,1420477.mp3,10,5.0,0,18wQtBh3XxkiNo8E4oE4fgitsEoVlecQP
789,disco,1420478,C:\Yukawa\Lab\Dataset\MTG-Jamendo-9mapping\9genre_music200_cqt\disco\1420478\cqt.npy,C:\Yukawa\music-reco-Jamendo-2-public\audio\disco\1420478\1420478.mp3,1420478.mp3,10,5.0,0,1rAhckcZ7rmyAUldL2OBo5D12vlc9N_aZ
790,disco,1420480,C:\Yukawa\Lab\Dataset\MTG-Jamendo-9mapping\9genre_music200_cqt\disco\1420480\cqt.npy,C:\Yukawa\music-reco-Jamendo-2-public\audio\disco\1420480\1420480.mp3,1420480.mp3,10,5.0,0,1ag02oxRI45rpNngn7XZZsEch5i03c-oa
791,disco,1420481,C:\Yukawa\Lab\Dataset\MTG-Jamendo-9mapping\9genre_music200_cqt\disco\1420481\cqt.npy,C:\Yukawa\music-reco-Jamendo-2-public\audio\disco\1420481\1420481.mp3,1420481.mp3,10,5.0,0,11OeEPPsArAWbn_Dx8MY69ZcvEi3SzRvV
792,disco,1420482,C:\Yukawa\Lab\Dataset\MTG-Jamendo-9mapping\9genre_music200_cqt\disco\1420482\cqt.npy,C:\Yukawa\music-reco-Jamendo-2-public\audio\disco\1420482\1420482.mp3,1420482.mp3,10,5.0,0,12OeYUCafNWqXXLSQZmV75iV-njkC-bn5
793,disco,1420483,C:\Yukawa\Lab\Dataset\MTG-Jamendo-9mapping\9genre_music200_cqt\disco\1420483\cqt.npy,C:\Yukawa\music-reco-Jamendo-2-public\audio\disco\1420483\1420483.mp3,1420483.mp3,10,5.0,0,1V9NXaVErOwXM89_TDAnkHZFSSkgMUS3J
794,disco,1420484,C:\Yukawa\Lab\Dataset\MTG-Jamendo-9mapping\9genre_music200_cqt\disco\1420484\cqt.npy,C:\Yukawa\music-reco-Jamendo-2-public\audio\disco\1420484\1420484.mp3,1420484.mp3,10,5.0,0,1zu7t1yDi2QzUJWj_0uPNt4Ss8xIidmfu
795,disco,1420485,C:\Yukawa\Lab\Dataset\MTG-Jamendo-9mapping\9genre_music200_cqt\disco\1420485\cqt.npy,C:\Yukawa\music-reco-Jamendo-2-public\audio\disco\1420485\1420485.mp3,1420485.mp3,10,5.0,0,1feMeQKVtnDTblBWKPmPcvU-9bPJ7HUxk
796,disco,1420486,C:\Yukawa\Lab\Dataset\MTG-Jamendo-9mapping\9genre_music200_cqt\disco\1420486\cqt.npy,C:\Yukawa\music-reco-Jamendo-2-public\audio\disco\1420486\1420486.mp3,1420486.mp3,10,5.0,0,1v9qfAPjCHwQxtgtfYAZwLydfwyubvbvK
797,disco,1420489,C:\Yukawa\Lab\Dataset\MTG-Jamendo-9mapping\9genre_music200_cqt\disco\1420489\cqt.npy,C:\Yukawa\music-reco-Jamendo-2-public\audio\disco\1420489\1420489.mp3,1420489.mp3,10,5.0,0,1f_QZaQHppep68tYFhOP2OCP9E8VyvlB9
798,disco,1420513,C:\Yukawa\Lab\Dataset\MTG-Jamendo-9mapping\9genre_music200_cqt\disco\1420513\cqt.npy,C:\Yukawa\music-reco-Jamendo-2-public\audio\disco\1420513\1420513.mp3,1420513.mp3,10,5.0,0,1tBR5VmBKYZqEIyJ0XuQ6yyRAD_sbwdK4
799,disco,1420699,C:\Yukawa\Lab\Dataset\MTG-Jamendo-9mapping\9genre_music200_cqt\disco\1420699\cqt.npy,C:\Yukawa\music-reco-Jamendo-2-public\audio\disco\1420699\1420699.mp3,1420699.mp3,10,5.0,0,1O39XWlZN1QXUnsgm-_CKNeuoUWoQiaQs
800,hiphop,1012591,C:\Yukawa\Lab\Dataset\MTG-Jamendo-9mapping\9genre_music200_cqt\hiphop\1012591\cqt.npy,C:\Yukawa\music-reco-Jamendo-2-public\audio\hiphop\1012591\1012591.mp3,1012591.mp3,10,5.0,0,12PrOeo3FXyRXOa63cBzuMGt5MFRJDImM
801,hiphop,1012592,C:\Yukawa\Lab\Dataset\MTG-Jamendo-9mapping\9genre_music200_cqt\hiphop\1012592\cqt.npy,C:\Yukawa\music-reco-Jamendo-2-public\audio\hiphop\1012592\1012592.mp3,1012592.mp3,10,5.0,0,1mGTyg-2r-HuAhKUJdxXQfJtuEXmA7K6U
802,hiphop,1012593,C:\Yukawa\Lab\Dataset\MTG-Jamendo-9mapping\9genre_music200_cqt\hiphop\1012593\cqt.npy,C:\Yukawa\music-reco-Jamendo-2-public\audio\hiphop\1012593\1012593.mp3,1012593.mp3,10,5.0,0,1E0sCfYokm5gsQWMwYqM17NbXO4idszr1
803,hiphop,1012594,C:\Yukawa\Lab\Dataset\MTG-Jamendo-9mapping\9genre_music200_cqt\hiphop\1012594\cqt.npy,C:\Yukawa\music-reco-Jamendo-2-public\audio\hiphop\1012594\1012594.mp3,1012594.mp3,10,5.0,0,1f1iP4oD1dYPRHvDBHEnalQlFOMSuVHHe
804,hiphop,1012595,C:\Yukawa\Lab\Dataset\MTG-Jamendo-9mapping\9genre_music200_cqt\hiphop\1012595\cqt.npy,C:\Yukawa\music-reco-Jamendo-2-public\audio\hiphop\1012595\1012595.mp3,1012595.mp3,10,5.0,0,1sFvvqQPr7_eFrecb_2SFYvGTDLCj2GRz
805,hiphop,1012596,C:\Yukawa\Lab\Dataset\MTG-Jamendo-9mapping\9genre_music200_cqt\hiphop\1012596\cqt.npy,C:\Yukawa\music-reco-Jamendo-2-public\audio\hiphop\1012596\1012596.mp3,1012596.mp3,10,5.0,0,1ADIX4Zotwlzw2P2WP_JX0_GOHb3oRizt
806,hiphop,1012597,C:\Yukawa\Lab\Dataset\MTG-Jamendo-9mapping\9genre_music200_cqt\hiphop\1012597\cqt.npy,C:\Yukawa\music-reco-Jamendo-2-public\audio\hiphop\1012597\1012597.mp3,1012597.mp3,10,5.0,0,1oqFHmXP04Ub2VJhpkzkAV-jHHoYfJASC
807,hiphop,1012598,C:\Yukawa\Lab\Dataset\MTG-Jamendo-9mapping\9genre_music200_cqt\hiphop\1012598\cqt.npy,C:\Yukawa\music-reco-Jamendo-2-public\audio\hiphop\1012598\1012598.mp3,1012598.mp3,10,5.0,0,1cm4Q7VAI5DdqUFluI7xfsxJscl97cYPu
808,hiphop,1012599,C:\Yukawa\Lab\Dataset\MTG-Jamendo-9mapping\9genre_music200_cqt\hiphop\1012599\cqt.npy,C:\Yukawa\music-reco-Jamendo-2-public\audio\hiphop\1012599\1012599.mp3,1012599.mp3,10,5.0,0,1u-9OKB8KlaIOZla3OnBbr0kdmjae2l5I
809,hiphop,1021755,C:\Yukawa\Lab\Dataset\MTG-Jamendo-9mapping\9genre_music200_cqt\hiphop\1021755\cqt.npy,C:\Yukawa\music-reco-Jamendo-2-public\audio\hiphop\1021755\1021755.mp3,1021755.mp3,10,5.0,0,1xr7pEooYDUjyYwqCnhiZ3FPZeYl9oWkC
810,hiphop,1027875,C:\Yukawa\Lab\Dataset\MTG-Jamendo-9mapping\9genre_music200_cqt\hiphop\1027875\cqt.npy,C:\Yukawa\music-reco-Jamendo-2-public\audio\hiphop\1027875\1027875.mp3,1027875.mp3,10,5.0,0,1P6kBYifdEMppMYhXYN6mT5Lz058uH3xB
811,hiphop,1027876,C:\Yukawa\Lab\Dataset\MTG-Jamendo-9mapping\9genre_music200_cqt\hiphop\1027876\cqt.npy,C:\Yukawa\music-reco-Jamendo-2-public\audio\hiphop\1027876\1027876.mp3,1027876.mp3,10,5.0,0,1OeWKa7LaOr9U90BcUWxgx_Wwig9Y6yoE
812,hiphop,1027877,C:\Yukawa\Lab\Dataset\MTG-Jamendo-9mapping\9genre_music200_cqt\hiphop\1027877\cqt.npy,C:\Yukawa\music-reco-Jamendo-2-public\audio\hiphop\1027877\1027877.mp3,1027877.mp3,10,5.0,0,11E8CnfITsABEEFoJ057PybPjiYNhgI7j
813,hiphop,1027878,C:\Yukawa\Lab\Dataset\MTG-Jamendo-9mapping\9genre_music200_cqt\hiphop\1027878\cqt.npy,C:\Yukawa\music-reco-Jamendo-2-public\audio\hiphop\1027878\1027878.mp3,1027878.mp3,10,5.0,0,1C_ioFkYpOMtNJ2lcGOgDxpgwL1MOeR6E
814,hiphop,1027879,C:\Yukawa\Lab\Dataset\MTG-Jamendo-9mapping\9genre_music200_cqt\hiphop\1027879\cqt.npy,C:\Yukawa\music-reco-Jamendo-2-public\audio\hiphop\1027879\1027879.mp3,1027879.mp3,10,5.0,0,1h6pyynKHcVuKTjz2x2I-pQUp7smr19AY
815,hiphop,1027880,C:\Yukawa\Lab\Dataset\MTG-Jamendo-9mapping\9genre_music200_cqt\hiphop\1027880\cqt.npy,C:\Yukawa\music-reco-Jamendo-2-public\audio\hiphop\1027880\1027880.mp3,1027880.mp3,10,5.0,0,1zq7XZeSF0gKzipfLawXgGghE3gZWu6GB
816,hiphop,1027881,C:\Yukawa\Lab\Dataset\MTG-Jamendo-9mapping\9genre_music200_cqt\hiphop\1027881\cqt.npy,C:\Yukawa\music-reco-Jamendo-2-public\audio\hiphop\1027881\1027881.mp3,1027881.mp3,10,5.0,0,1DX9F1rseWrCUDQX93bcr3_ogy9S4fFzz
817,hiphop,1027882,C:\Yukawa\Lab\Dataset\MTG-Jamendo-9mapping\9genre_music200_cqt\hiphop\1027882\cqt.npy,C:\Yukawa\music-reco-Jamendo-2-public\audio\hiphop\1027882\1027882.mp3,1027882.mp3,10,5.0,0,1KB7qMOsnp8lRtyILckybvsvWdxmWFNha
818,hiphop,1027883,C:\Yukawa\Lab\Dataset\MTG-Jamendo-9mapping\9genre_music200_cqt\hiphop\1027883\cqt.npy,C:\Yukawa\music-reco-Jamendo-2-public\audio\hiphop\1027883\1027883.mp3,1027883.mp3,10,5.0,0,1-qpgm5lY0fwvhIScir1Dq5BgcHkvzvFH
819,hiphop,1027884,C:\Yukawa\Lab\Dataset\MTG-Jamendo-9mapping\9genre_music200_cqt\hiphop\1027884\cqt.npy,C:\Yukawa\music-reco-Jamendo-2-public\audio\hiphop\1027884\1027884.mp3,1027884.mp3,10,5.0,0,1wW1j_i_ksK2L-vuJdY0w7E9I4uWazPde
820,hiphop,1029323,C:\Yukawa\Lab\Dataset\MTG-Jamendo-9mapping\9genre_music200_cqt\hiphop\1029323\cqt.npy,C:\Yukawa\music-reco-Jamendo-2-public\audio\hiphop\1029323\1029323.mp3,1029323.mp3,10,5.0,0,1WczNuWLfLsyGbcAmFOVKL1eso40JUyQ2
821,hiphop,1029324,C:\Yukawa\Lab\Dataset\MTG-Jamendo-9mapping\9genre_music200_cqt\hiphop\1029324\cqt.npy,C:\Yukawa\music-reco-Jamendo-2-public\audio\hiphop\1029324\1029324.mp3,1029324.mp3,10,5.0,0,1j6QTDNGsO81NCg4VVKuqpKq33sETsQF8
822,hiphop,1029325,C:\Yukawa\Lab\Dataset\MTG-Jamendo-9mapping\9genre_music200_cqt\hiphop\1029325\cqt.npy,C:\Yukawa\music-reco-Jamendo-2-public\audio\hiphop\1029325\1029325.mp3,1029325.mp3,10,5.0,0,1LomUC7F67ayVB0zP3z2jx3QY1LYnXKk3
823,hiphop,1029326,C:\Yukawa\Lab\Dataset\MTG-Jamendo-9mapping\9genre_music200_cqt\hiphop\1029326\cqt.npy,C:\Yukawa\music-reco-Jamendo-2-public\audio\hiphop\1029326\1029326.mp3,1029326.mp3,10,5.0,0,1_Ln1EkFtXrkzJngPea10RlKLiiwlVLXG
824,hiphop,1029327,C:\Yukawa\Lab\Dataset\MTG-Jamendo-9mapping\9genre_music200_cqt\hiphop\1029327\cqt.npy,C:\Yukawa\music-reco-Jamendo-2-public\audio\hiphop\1029327\1029327.mp3,1029327.mp3,10,5.0,0,1qtoIDXse_-eTXn6K5pjY-chiioE9k1kX
825,hiphop,1029328,C:\Yukawa\Lab\Dataset\MTG-Jamendo-9mapping\9genre_music200_cqt\hiphop\1029328\cqt.npy,C:\Yukawa\music-reco-Jamendo-2-public\audio\hiphop\1029328\1029328.mp3,1029328.mp3,10,5.0,0,14YTQAUzRx_zsldcCUgVVltpze-F2lSqR
826,hiphop,1029329,C:\Yukawa\Lab\Dataset\MTG-Jamendo-9mapping\9genre_music200_cqt\hiphop\1029329\cqt.npy,C:\Yukawa\music-reco-Jamendo-2-public\audio\hiphop\1029329\1029329.mp3,1029329.mp3,10,5.0,0,1zN6ezDNR0M4ftEyRW1Y2HLH_e9j17Kkf
827,hiphop,1029330,C:\Yukawa\Lab\Dataset\MTG-Jamendo-9mapping\9genre_music200_cqt\hiphop\1029330\cqt.npy,C:\Yukawa\music-reco-Jamendo-2-public\audio\hiphop\1029330\1029330.mp3,1029330.mp3,10,5.0,0,1GvKLbqD8RGIT3x985u4-JRxDNn9_UY3p
828,hiphop,1029331,C:\Yukawa\Lab\Dataset\MTG-Jamendo-9mapping\9genre_music200_cqt\hiphop\1029331\cqt.npy,C:\Yukawa\music-reco-Jamendo-2-public\audio\hiphop\1029331\1029331.mp3,1029331.mp3,10,5.0,0,10D4JbbceRj7gJiUi11PqObgs3MskPplW
829,hiphop,1029332,C:\Yukawa\Lab\Dataset\MTG-Jamendo-9mapping\9genre_music200_cqt\hiphop\1029332\cqt.npy,C:\Yukawa\music-reco-Jamendo-2-public\audio\hiphop\1029332\1029332.mp3,1029332.mp3,10,5.0,0,1iHhXtb-SkeP_5fYjX5IEHOD4FWdMjD5z
830,hiphop,1029333,C:\Yukawa\Lab\Dataset\MTG-Jamendo-9mapping\9genre_music200_cqt\hiphop\1029333\cqt.npy,C:\Yukawa\music-reco-Jamendo-2-public\audio\hiphop\1029333\1029333.mp3,1029333.mp3,10,5.0,0,1s1I2V3ifNNCjTeBLPLcOudNEnW0CrXtf
831,hiphop,1029334,C:\Yukawa\Lab\Dataset\MTG-Jamendo-9mapping\9genre_music200_cqt\hiphop\1029334\cqt.npy,C:\Yukawa\music-reco-Jamendo-2-public\audio\hiphop\1029334\1029334.mp3,1029334.mp3,10,5.0,0,17uPvHT5WH58pHlGjiPqBSK7bJPzCLwCk
832,hiphop,1029335,C:\Yukawa\Lab\Dataset\MTG-Jamendo-9mapping\9genre_music200_cqt\hiphop\1029335\cqt.npy,C:\Yukawa\music-reco-Jamendo-2-public\audio\hiphop\1029335\1029335.mp3,1029335.mp3,10,5.0,0,1LZzRYbwYwAI0R8r5VVNEHZb0QsPZdfef
833,hiphop,1032797,C:\Yukawa\Lab\Dataset\MTG-Jamendo-9mapping\9genre_music200_cqt\hiphop\1032797\cqt.npy,C:\Yukawa\music-reco-Jamendo-2-public\audio\hiphop\1032797\1032797.mp3,1032797.mp3,10,5.0,0,1ITJYzZr-XbHqLt1f0uNVxU5AifkYjgtS
834,hiphop,1045257,C:\Yukawa\Lab\Dataset\MTG-Jamendo-9mapping\9genre_music200_cqt\hiphop\1045257\cqt.npy,C:\Yukawa\music-reco-Jamendo-2-public\audio\hiphop\1045257\1045257.mp3,1045257.mp3,10,5.0,0,1pyq-etNmJT_NiMX_QnU7kfKJVN8iMNTU
835,hiphop,1050787,C:\Yukawa\Lab\Dataset\MTG-Jamendo-9mapping\9genre_music200_cqt\hiphop\1050787\cqt.npy,C:\Yukawa\music-reco-Jamendo-2-public\audio\hiphop\1050787\1050787.mp3,1050787.mp3,10,5.0,0,1MErYT3caaA2kEfIlzhMOqp2EGq_jucS4
836,hiphop,1070599,C:\Yukawa\Lab\Dataset\MTG-Jamendo-9mapping\9genre_music200_cqt\hiphop\1070599\cqt.npy,C:\Yukawa\music-reco-Jamendo-2-public\audio\hiphop\1070599\1070599.mp3,1070599.mp3,10,5.0,0,1SdS6i6yj4kaXvz9jBUaonCStlA3kaz_Q
837,hiphop,1070610,C:\Yukawa\Lab\Dataset\MTG-Jamendo-9mapping\9genre_music200_cqt\hiphop\1070610\cqt.npy,C:\Yukawa\music-reco-Jamendo-2-public\audio\hiphop\1070610\1070610.mp3,1070610.mp3,10,5.0,0,11xf1-IAXrfOB3QMN1Xvohtf5jNvz1GEd
838,hiphop,1072595,C:\Yukawa\Lab\Dataset\MTG-Jamendo-9mapping\9genre_music200_cqt\hiphop\1072595\cqt.npy,C:\Yukawa\music-reco-Jamendo-2-public\audio\hiphop\1072595\1072595.mp3,1072595.mp3,10,5.0,0,1vBR2Y2YDPHuISjm5YF2NvIPGSsL8tJeM
839,hiphop,1077641,C:\Yukawa\Lab\Dataset\MTG-Jamendo-9mapping\9genre_music200_cqt\hiphop\1077641\cqt.npy,C:\Yukawa\music-reco-Jamendo-2-public\audio\hiphop\1077641\1077641.mp3,1077641.mp3,10,5.0,0,1yl-1UHVcuZt2-CnGzLqEIU5yOWBPrl1k
840,hiphop,1077642,C:\Yukawa\Lab\Dataset\MTG-Jamendo-9mapping\9genre_music200_cqt\hiphop\1077642\cqt.npy,C:\Yukawa\music-reco-Jamendo-2-public\audio\hiphop\1077642\1077642.mp3,1077642.mp3,10,5.0,0,1JNV3ZkaxTYPa05Unlsyc4Ut0ha9HWZe9
841,hiphop,1077643,C:\Yukawa\Lab\Dataset\MTG-Jamendo-9mapping\9genre_music200_cqt\hiphop\1077643\cqt.npy,C:\Yukawa\music-reco-Jamendo-2-public\audio\hiphop\1077643\1077643.mp3,1077643.mp3,10,5.0,0,13_1fT0uYGQa4zbvY3gKSjADtC4hKw-3Y
842,hiphop,1077644,C:\Yukawa\Lab\Dataset\MTG-Jamendo-9mapping\9genre_music200_cqt\hiphop\1077644\cqt.npy,C:\Yukawa\music-reco-Jamendo-2-public\audio\hiphop\1077644\1077644.mp3,1077644.mp3,10,5.0,0,12zLBxhmWW1gwri04P3NGTClwC0FmtFlG
843,hiphop,1077645,C:\Yukawa\Lab\Dataset\MTG-Jamendo-9mapping\9genre_music200_cqt\hiphop\1077645\cqt.npy,C:\Yukawa\music-reco-Jamendo-2-public\audio\hiphop\1077645\1077645.mp3,1077645.mp3,10,5.0,0,1cJX85mw9Mh179fvx9CXUexi_weNIopZU
844,hiphop,1077646,C:\Yukawa\Lab\Dataset\MTG-Jamendo-9mapping\9genre_music200_cqt\hiphop\1077646\cqt.npy,C:\Yukawa\music-reco-Jamendo-2-public\audio\hiphop\1077646\1077646.mp3,1077646.mp3,10,5.0,0,1SrNX9luddWjL0aaSRctOHP4f3Fk2Jmc5
845,hiphop,1077647,C:\Yukawa\Lab\Dataset\MTG-Jamendo-9mapping\9genre_music200_cqt\hiphop\1077647\cqt.npy,C:\Yukawa\music-reco-Jamendo-2-public\audio\hiphop\1077647\1077647.mp3,1077647.mp3,10,5.0,0,1y2vxVHX1CWdH62p3fKi2RQUaqS8aS7LK
846,hiphop,1077648,C:\Yukawa\Lab\Dataset\MTG-Jamendo-9mapping\9genre_music200_cqt\hiphop\1077648\cqt.npy,C:\Yukawa\music-reco-Jamendo-2-public\audio\hiphop\1077648\1077648.mp3,1077648.mp3,10,5.0,0,1kfNVveaIQK88AykiQGsZJhZ4XUwhTxRX
847,hiphop,1077649,C:\Yukawa\Lab\Dataset\MTG-Jamendo-9mapping\9genre_music200_cqt\hiphop\1077649\cqt.npy,C:\Yukawa\music-reco-Jamendo-2-public\audio\hiphop\1077649\1077649.mp3,1077649.mp3,10,5.0,0,1MmzYiPzOSj_3bzM1L3xKWAAtIdJxdHvA
848,hiphop,1077650,C:\Yukawa\Lab\Dataset\MTG-Jamendo-9mapping\9genre_music200_cqt\hiphop\1077650\cqt.npy,C:\Yukawa\music-reco-Jamendo-2-public\audio\hiphop\1077650\1077650.mp3,1077650.mp3,10,5.0,0,1aZ8ll1mdga8a1bsQjBSrUlIlSfRdK8x5
849,hiphop,1080219,C:\Yukawa\Lab\Dataset\MTG-Jamendo-9mapping\9genre_music200_cqt\hiphop\1080219\cqt.npy,C:\Yukawa\music-reco-Jamendo-2-public\audio\hiphop\1080219\1080219.mp3,1080219.mp3,10,5.0,0,11gRyIhViLyBJ0UoP-BnRjol36iFsK4Qn
850,hiphop,1081829,C:\Yukawa\Lab\Dataset\MTG-Jamendo-9mapping\9genre_music200_cqt\hiphop\1081829\cqt.npy,C:\Yukawa\music-reco-Jamendo-2-public\audio\hiphop\1081829\1081829.mp3,1081829.mp3,10,5.0,0,18sX1mKy0szqdXkNN-jI9quBGGxYJy9Q6
851,hiphop,1085618,C:\Yukawa\Lab\Dataset\MTG-Jamendo-9mapping\9genre_music200_cqt\hiphop\1085618\cqt.npy,C:\Yukawa\music-reco-Jamendo-2-public\audio\hiphop\1085618\1085618.mp3,1085618.mp3,10,5.0,0,1piOd32YzK4DI-lPDhw6fPh82T0m1fZXd
852,hiphop,1098838,C:\Yukawa\Lab\Dataset\MTG-Jamendo-9mapping\9genre_music200_cqt\hiphop\1098838\cqt.npy,C:\Yukawa\music-reco-Jamendo-2-public\audio\hiphop\1098838\1098838.mp3,1098838.mp3,10,5.0,0,1Pzdsh4-Tp6WsV2rQxO0PHNd5lb2Cb3U3
853,hiphop,1100485,C:\Yukawa\Lab\Dataset\MTG-Jamendo-9mapping\9genre_music200_cqt\hiphop\1100485\cqt.npy,C:\Yukawa\music-reco-Jamendo-2-public\audio\hiphop\1100485\1100485.mp3,1100485.mp3,10,5.0,0,1_avdhqx5fAIFwy5kkot060nVijahqLFE
854,hiphop,1100510,C:\Yukawa\Lab\Dataset\MTG-Jamendo-9mapping\9genre_music200_cqt\hiphop\1100510\cqt.npy,C:\Yukawa\music-reco-Jamendo-2-public\audio\hiphop\1100510\1100510.mp3,1100510.mp3,10,5.0,0,1dvobqj3AugETOAD6MfEKMoac3GLQ7Zav
855,hiphop,1100511,C:\Yukawa\Lab\Dataset\MTG-Jamendo-9mapping\9genre_music200_cqt\hiphop\1100511\cqt.npy,C:\Yukawa\music-reco-Jamendo-2-public\audio\hiphop\1100511\1100511.mp3,1100511.mp3,10,5.0,0,14tT0SmxqCOWHStJLOukGYEvqzkBCZqSy
856,hiphop,1100513,C:\Yukawa\Lab\Dataset\MTG-Jamendo-9mapping\9genre_music200_cqt\hiphop\1100513\cqt.npy,C:\Yukawa\music-reco-Jamendo-2-public\audio\hiphop\1100513\1100513.mp3,1100513.mp3,10,5.0,0,1ngSyAYOrk44sXpf69_YS1zIZOnGE3vtL
857,hiphop,1100514,C:\Yukawa\Lab\Dataset\MTG-Jamendo-9mapping\9genre_music200_cqt\hiphop\1100514\cqt.npy,C:\Yukawa\music-reco-Jamendo-2-public\audio\hiphop\1100514\1100514.mp3,1100514.mp3,10,5.0,0,19rKDs6xUBClm_h-xtvq94B3qIrVaL4a6
858,hiphop,1100886,C:\Yukawa\Lab\Dataset\MTG-Jamendo-9mapping\9genre_music200_cqt\hiphop\1100886\cqt.npy,C:\Yukawa\music-reco-Jamendo-2-public\audio\hiphop\1100886\1100886.mp3,1100886.mp3,10,5.0,0,1B9jJKHKwCeoOcK4umCG3rfscLuP2yBf3
859,hiphop,1103171,C:\Yukawa\Lab\Dataset\MTG-Jamendo-9mapping\9genre_music200_cqt\hiphop\1103171\cqt.npy,C:\Yukawa\music-reco-Jamendo-2-public\audio\hiphop\1103171\1103171.mp3,1103171.mp3,10,5.0,0,1rWd9rmvNR1QkRNmnn345mlIMBfvOQFc0
860,hiphop,1104849,C:\Yukawa\Lab\Dataset\MTG-Jamendo-9mapping\9genre_music200_cqt\hiphop\1104849\cqt.npy,C:\Yukawa\music-reco-Jamendo-2-public\audio\hiphop\1104849\1104849.mp3,1104849.mp3,10,5.0,0,1yNVNRBeGzcYevQTfqjbQ5dmwvw39jHZ5
861,hiphop,1104857,C:\Yukawa\Lab\Dataset\MTG-Jamendo-9mapping\9genre_music200_cqt\hiphop\1104857\cqt.npy,C:\Yukawa\music-reco-Jamendo-2-public\audio\hiphop\1104857\1104857.mp3,1104857.mp3,10,5.0,0,1v2R9zrL6xbRFYKCAmJpgIMG7DkE9r-dv
862,hiphop,1104876,C:\Yukawa\Lab\Dataset\MTG-Jamendo-9mapping\9genre_music200_cqt\hiphop\1104876\cqt.npy,C:\Yukawa\music-reco-Jamendo-2-public\audio\hiphop\1104876\1104876.mp3,1104876.mp3,10,5.0,0,1wCjwzvCoTD3y-dX3s0lKA7bQwUL762_b
863,hiphop,1104881,C:\Yukawa\Lab\Dataset\MTG-Jamendo-9mapping\9genre_music200_cqt\hiphop\1104881\cqt.npy,C:\Yukawa\music-reco-Jamendo-2-public\audio\hiphop\1104881\1104881.mp3,1104881.mp3,10,5.0,0,14QMgfaHW3CIXbv_RtQvYMCj1GpgRLGs6
864,hiphop,1104882,C:\Yukawa\Lab\Dataset\MTG-Jamendo-9mapping\9genre_music200_cqt\hiphop\1104882\cqt.npy,C:\Yukawa\music-reco-Jamendo-2-public\audio\hiphop\1104882\1104882.mp3,1104882.mp3,10,5.0,0,1LcUDto8utrBxuh1DBE8HrNKurLZ3oP07
865,hiphop,1104889,C:\Yukawa\Lab\Dataset\MTG-Jamendo-9mapping\9genre_music200_cqt\hiphop\1104889\cqt.npy,C:\Yukawa\music-reco-Jamendo-2-public\audio\hiphop\1104889\1104889.mp3,1104889.mp3,10,5.0,0,1buxF1nQgKalbQbsdTpXxqWFM9Rlv4v7u
866,hiphop,1104890,C:\Yukawa\Lab\Dataset\MTG-Jamendo-9mapping\9genre_music200_cqt\hiphop\1104890\cqt.npy,C:\Yukawa\music-reco-Jamendo-2-public\audio\hiphop\1104890\1104890.mp3,1104890.mp3,10,5.0,0,1KeHI3kuZ7PcUjeRMEr56e2mIu2SUP0Sy
867,hiphop,1125732,C:\Yukawa\Lab\Dataset\MTG-Jamendo-9mapping\9genre_music200_cqt\hiphop\1125732\cqt.npy,C:\Yukawa\music-reco-Jamendo-2-public\audio\hiphop\1125732\1125732.mp3,1125732.mp3,10,5.0,0,1zfD7tlvoRqYb7fQBQNr6get5IL6C2yzx
868,hiphop,1125733,C:\Yukawa\Lab\Dataset\MTG-Jamendo-9mapping\9genre_music200_cqt\hiphop\1125733\cqt.npy,C:\Yukawa\music-reco-Jamendo-2-public\audio\hiphop\1125733\1125733.mp3,1125733.mp3,10,5.0,0,1qpvispip0G-dnZNYy5iu6lZh0KTevOcA
869,hiphop,1126010,C:\Yukawa\Lab\Dataset\MTG-Jamendo-9mapping\9genre_music200_cqt\hiphop\1126010\cqt.npy,C:\Yukawa\music-reco-Jamendo-2-public\audio\hiphop\1126010\1126010.mp3,1126010.mp3,10,5.0,0,11LXkix9fYo6Wr3f19UmzTs5EHJnDVn0Z
870,hiphop,1128334,C:\Yukawa\Lab\Dataset\MTG-Jamendo-9mapping\9genre_music200_cqt\hiphop\1128334\cqt.npy,C:\Yukawa\music-reco-Jamendo-2-public\audio\hiphop\1128334\1128334.mp3,1128334.mp3,10,5.0,0,140q6hsyHxu-mXK4x_8B3ZeylZt5PFowA
871,hiphop,1129368,C:\Yukawa\Lab\Dataset\MTG-Jamendo-9mapping\9genre_music200_cqt\hiphop\1129368\cqt.npy,C:\Yukawa\music-reco-Jamendo-2-public\audio\hiphop\1129368\1129368.mp3,1129368.mp3,10,5.0,0,18URwuElbWFRyRejSwmrpqxSAZx2w-l-y
872,hiphop,1132713,C:\Yukawa\Lab\Dataset\MTG-Jamendo-9mapping\9genre_music200_cqt\hiphop\1132713\cqt.npy,C:\Yukawa\music-reco-Jamendo-2-public\audio\hiphop\1132713\1132713.mp3,1132713.mp3,10,5.0,0,197s-U-c4mNdOLeYhTAStn2n2fFVT6AhS
873,hiphop,1138770,C:\Yukawa\Lab\Dataset\MTG-Jamendo-9mapping\9genre_music200_cqt\hiphop\1138770\cqt.npy,C:\Yukawa\music-reco-Jamendo-2-public\audio\hiphop\1138770\1138770.mp3,1138770.mp3,10,5.0,0,1k6cd_lxyYojST8CT3Um8oFAzsXK_JcDT
874,hiphop,1138771,C:\Yukawa\Lab\Dataset\MTG-Jamendo-9mapping\9genre_music200_cqt\hiphop\1138771\cqt.npy,C:\Yukawa\music-reco-Jamendo-2-public\audio\hiphop\1138771\1138771.mp3,1138771.mp3,10,5.0,0,1Qb1uzAjVwIgmnwUW5zvPd72BUGblnSpG
875,hiphop,1138772,C:\Yukawa\Lab\Dataset\MTG-Jamendo-9mapping\9genre_music200_cqt\hiphop\1138772\cqt.npy,C:\Yukawa\music-reco-Jamendo-2-public\audio\hiphop\1138772\1138772.mp3,1138772.mp3,10,5.0,0,18wmyX0vipZK0AZ-ALxR1dPJqq_65ydpC
876,hiphop,1138773,C:\Yukawa\Lab\Dataset\MTG-Jamendo-9mapping\9genre_music200_cqt\hiphop\1138773\cqt.npy,C:\Yukawa\music-reco-Jamendo-2-public\audio\hiphop\1138773\1138773.mp3,1138773.mp3,10,5.0,0,1IJykJJ8TqibEcjBzQYSxJVbGrhyutJ4k
877,hiphop,1138774,C:\Yukawa\Lab\Dataset\MTG-Jamendo-9mapping\9genre_music200_cqt\hiphop\1138774\cqt.npy,C:\Yukawa\music-reco-Jamendo-2-public\audio\hiphop\1138774\1138774.mp3,1138774.mp3,10,5.0,0,11MV_yem2h6OVdJnnCv4GOrz83IdQNrM0
878,hiphop,1138775,C:\Yukawa\Lab\Dataset\MTG-Jamendo-9mapping\9genre_music200_cqt\hiphop\1138775\cqt.npy,C:\Yukawa\music-reco-Jamendo-2-public\audio\hiphop\1138775\1138775.mp3,1138775.mp3,10,5.0,0,1VCgF2LKeknpBJ4mm7PCxbM0QpRfTQMG_
879,hiphop,1138777,C:\Yukawa\Lab\Dataset\MTG-Jamendo-9mapping\9genre_music200_cqt\hiphop\1138777\cqt.npy,C:\Yukawa\music-reco-Jamendo-2-public\audio\hiphop\1138777\1138777.mp3,1138777.mp3,10,5.0,0,17Mez_o081d79rIDzU8gsxXzwWIYcXWVs
880,hiphop,1138778,C:\Yukawa\Lab\Dataset\MTG-Jamendo-9mapping\9genre_music200_cqt\hiphop\1138778\cqt.npy,C:\Yukawa\music-reco-Jamendo-2-public\audio\hiphop\1138778\1138778.mp3,1138778.mp3,10,5.0,0,1u-BqS6T_B0OR99UpFngctjPrtiA8Lhul
881,hiphop,1138779,C:\Yukawa\Lab\Dataset\MTG-Jamendo-9mapping\9genre_music200_cqt\hiphop\1138779\cqt.npy,C:\Yukawa\music-reco-Jamendo-2-public\audio\hiphop\1138779\1138779.mp3,1138779.mp3,10,5.0,0,1ecf0Z5JaHp9rhHTSM-SvxHW6ZL129lPm
882,hiphop,1142158,C:\Yukawa\Lab\Dataset\MTG-Jamendo-9mapping\9genre_music200_cqt\hiphop\1142158\cqt.npy,C:\Yukawa\music-reco-Jamendo-2-public\audio\hiphop\1142158\1142158.mp3,1142158.mp3,10,5.0,0,1wp_Nu55uneT8wgMWzci0wactRPZKrn0L
883,hiphop,1143990,C:\Yukawa\Lab\Dataset\MTG-Jamendo-9mapping\9genre_music200_cqt\hiphop\1143990\cqt.npy,C:\Yukawa\music-reco-Jamendo-2-public\audio\hiphop\1143990\1143990.mp3,1143990.mp3,10,5.0,0,19w4ayHBDq5OrK3LOUJO42tAn17fiTiTX
884,hiphop,1144143,C:\Yukawa\Lab\Dataset\MTG-Jamendo-9mapping\9genre_music200_cqt\hiphop\1144143\cqt.npy,C:\Yukawa\music-reco-Jamendo-2-public\audio\hiphop\1144143\1144143.mp3,1144143.mp3,10,5.0,0,1YRw14ah_v6G3DsgNaHiec4E9FVUyA4jR
885,hiphop,1145280,C:\Yukawa\Lab\Dataset\MTG-Jamendo-9mapping\9genre_music200_cqt\hiphop\1145280\cqt.npy,C:\Yukawa\music-reco-Jamendo-2-public\audio\hiphop\1145280\1145280.mp3,1145280.mp3,10,5.0,0,17aP3ipH_3t0uJwJCDdZNSaEu75gagsqm
886,hiphop,1145281,C:\Yukawa\Lab\Dataset\MTG-Jamendo-9mapping\9genre_music200_cqt\hiphop\1145281\cqt.npy,C:\Yukawa\music-reco-Jamendo-2-public\audio\hiphop\1145281\1145281.mp3,1145281.mp3,10,5.0,0,1NWYPlA5JxPSXGBRcBCbD-KvgqSs5ZegH
887,hiphop,1145282,C:\Yukawa\Lab\Dataset\MTG-Jamendo-9mapping\9genre_music200_cqt\hiphop\1145282\cqt.npy,C:\Yukawa\music-reco-Jamendo-2-public\audio\hiphop\1145282\1145282.mp3,1145282.mp3,10,5.0,0,1yVgF_kcdK0P2eRoDEEkyElVxaYz6Ipf7
888,hiphop,1145283,C:\Yukawa\Lab\Dataset\MTG-Jamendo-9mapping\9genre_music200_cqt\hiphop\1145283\cqt.npy,C:\Yukawa\music-reco-Jamendo-2-public\audio\hiphop\1145283\1145283.mp3,1145283.mp3,10,5.0,0,1KYNzLz-EKnM5zDEknd1CFlsWahaj3xAt
889,hiphop,1145284,C:\Yukawa\Lab\Dataset\MTG-Jamendo-9mapping\9genre_music200_cqt\hiphop\1145284\cqt.npy,C:\Yukawa\music-reco-Jamendo-2-public\audio\hiphop\1145284\1145284.mp3,1145284.mp3,10,5.0,0,1zGdwCB1otOtCfwiPquGdMinE6a1j_yCw
890,hiphop,1145285,C:\Yukawa\Lab\Dataset\MTG-Jamendo-9mapping\9genre_music200_cqt\hiphop\1145285\cqt.npy,C:\Yukawa\music-reco-Jamendo-2-public\audio\hiphop\1145285\1145285.mp3,1145285.mp3,10,5.0,0,13d5SkUWwDO8cKjzW7GZdPhf-w-EPXHi0
891,hiphop,1145286,C:\Yukawa\Lab\Dataset\MTG-Jamendo-9mapping\9genre_music200_cqt\hiphop\1145286\cqt.npy,C:\Yukawa\music-reco-Jamendo-2-public\audio\hiphop\1145286\1145286.mp3,1145286.mp3,10,5.0,0,1ELmoC_5zdkSyrlWfi15bHJphJVnxD1xt
892,hiphop,1145287,C:\Yukawa\Lab\Dataset\MTG-Jamendo-9mapping\9genre_music200_cqt\hiphop\1145287\cqt.npy,C:\Yukawa\music-reco-Jamendo-2-public\audio\hiphop\1145287\1145287.mp3,1145287.mp3,10,5.0,0,1_HSke0IhICmXJHCEIaygpaoruPrfGhes
893,hiphop,1145288,C:\Yukawa\Lab\Dataset\MTG-Jamendo-9mapping\9genre_music200_cqt\hiphop\1145288\cqt.npy,C:\Yukawa\music-reco-Jamendo-2-public\audio\hiphop\1145288\1145288.mp3,1145288.mp3,10,5.0,0,1h3qYV5QX5mjsW59uyvlsqSFRbEcCBUz6
894,hiphop,1145289,C:\Yukawa\Lab\Dataset\MTG-Jamendo-9mapping\9genre_music200_cqt\hiphop\1145289\cqt.npy,C:\Yukawa\music-reco-Jamendo-2-public\audio\hiphop\1145289\1145289.mp3,1145289.mp3,10,5.0,0,13NKMaqCMxcl93IBdvOQArl3eFUqiYJ33
895,hiphop,1157594,C:\Yukawa\Lab\Dataset\MTG-Jamendo-9mapping\9genre_music200_cqt\hiphop\1157594\cqt.npy,C:\Yukawa\music-reco-Jamendo-2-public\audio\hiphop\1157594\1157594.mp3,1157594.mp3,10,5.0,0,1g8tywV_-MbjuP4hStkKGFHJruIxgQaB6
896,hiphop,1157595,C:\Yukawa\Lab\Dataset\MTG-Jamendo-9mapping\9genre_music200_cqt\hiphop\1157595\cqt.npy,C:\Yukawa\music-reco-Jamendo-2-public\audio\hiphop\1157595\1157595.mp3,1157595.mp3,10,5.0,0,1N8Zmr3zEDX3jqmi_FaNwbOwVv0PKFCwy
897,hiphop,1157596,C:\Yukawa\Lab\Dataset\MTG-Jamendo-9mapping\9genre_music200_cqt\hiphop\1157596\cqt.npy,C:\Yukawa\music-reco-Jamendo-2-public\audio\hiphop\1157596\1157596.mp3,1157596.mp3,10,5.0,0,1un_OsyeXfg4OAJiJeU96frXH8P04oyBV
898,hiphop,1157597,C:\Yukawa\Lab\Dataset\MTG-Jamendo-9mapping\9genre_music200_cqt\hiphop\1157597\cqt.npy,C:\Yukawa\music-reco-Jamendo-2-public\audio\hiphop\1157597\1157597.mp3,1157597.mp3,10,5.0,0,1qfQl_Sz_bOFnRvo4WYgVuEso5XQKFuFl
899,hiphop,1157598,C:\Yukawa\Lab\Dataset\MTG-Jamendo-9mapping\9genre_music200_cqt\hiphop\1157598\cqt.npy,C:\Yukawa\music-reco-Jamendo-2-public\audio\hiphop\1157598\1157598.mp3,1157598.mp3,10,5.0,0,19DE80iHh9MNMMCL7X4INLVBTwUfxepvH
900,hiphop,1157599,C:\Yukawa\Lab\Dataset\MTG-Jamendo-9mapping\9genre_music200_cqt\hiphop\1157599\cqt.npy,C:\Yukawa\music-reco-Jamendo-2-public\audio\hiphop\1157599\1157599.mp3,1157599.mp3,10,5.0,0,1btAvWjtHzM5KkbU7eogyssLPQOChjS9g
901,hiphop,1160479,C:\Yukawa\Lab\Dataset\MTG-Jamendo-9mapping\9genre_music200_cqt\hiphop\1160479\cqt.npy,C:\Yukawa\music-reco-Jamendo-2-public\audio\hiphop\1160479\1160479.mp3,1160479.mp3,10,5.0,0,1Mbs0SqqYP5i6VUhzP1xA0aP_ZifakeCJ
902,hiphop,1161935,C:\Yukawa\Lab\Dataset\MTG-Jamendo-9mapping\9genre_music200_cqt\hiphop\1161935\cqt.npy,C:\Yukawa\music-reco-Jamendo-2-public\audio\hiphop\1161935\1161935.mp3,1161935.mp3,10,5.0,0,12_jkuGo2VUfHMqQ3pT1M3_suB4f6C-FQ
903,hiphop,1161937,C:\Yukawa\Lab\Dataset\MTG-Jamendo-9mapping\9genre_music200_cqt\hiphop\1161937\cqt.npy,C:\Yukawa\music-reco-Jamendo-2-public\audio\hiphop\1161937\1161937.mp3,1161937.mp3,10,5.0,0,1CB9cH8ko4Sn6Z_Sv39XKDA04lVmb4Vba
904,hiphop,1183587,C:\Yukawa\Lab\Dataset\MTG-Jamendo-9mapping\9genre_music200_cqt\hiphop\1183587\cqt.npy,C:\Yukawa\music-reco-Jamendo-2-public\audio\hiphop\1183587\1183587.mp3,1183587.mp3,10,5.0,0,1CKkAjbCUPaRTcUPUP8CjasZSXQvNjano
905,hiphop,1187086,C:\Yukawa\Lab\Dataset\MTG-Jamendo-9mapping\9genre_music200_cqt\hiphop\1187086\cqt.npy,C:\Yukawa\music-reco-Jamendo-2-public\audio\hiphop\1187086\1187086.mp3,1187086.mp3,10,5.0,0,1H70E8ykKltz2yj39WRc3smkNns_v3NHD
906,hiphop,1194767,C:\Yukawa\Lab\Dataset\MTG-Jamendo-9mapping\9genre_music200_cqt\hiphop\1194767\cqt.npy,C:\Yukawa\music-reco-Jamendo-2-public\audio\hiphop\1194767\1194767.mp3,1194767.mp3,10,5.0,0,1gOaWWqat3FAQJHu8e3gJafn_5yuaGal7
907,hiphop,1202175,C:\Yukawa\Lab\Dataset\MTG-Jamendo-9mapping\9genre_music200_cqt\hiphop\1202175\cqt.npy,C:\Yukawa\music-reco-Jamendo-2-public\audio\hiphop\1202175\1202175.mp3,1202175.mp3,10,5.0,0,1glsvnoNtDyzKNu0DBAHaPxqUTqRF2MJ6
908,hiphop,1202180,C:\Yukawa\Lab\Dataset\MTG-Jamendo-9mapping\9genre_music200_cqt\hiphop\1202180\cqt.npy,C:\Yukawa\music-reco-Jamendo-2-public\audio\hiphop\1202180\1202180.mp3,1202180.mp3,10,5.0,0,1pI09mbQ0DFzCeYo6k4ixMiqoaZwDPXqP
909,hiphop,1202182,C:\Yukawa\Lab\Dataset\MTG-Jamendo-9mapping\9genre_music200_cqt\hiphop\1202182\cqt.npy,C:\Yukawa\music-reco-Jamendo-2-public\audio\hiphop\1202182\1202182.mp3,1202182.mp3,10,5.0,0,1RBNUhCraVidtczF4_pDbWrAxpotL6Nis
910,hiphop,1202183,C:\Yukawa\Lab\Dataset\MTG-Jamendo-9mapping\9genre_music200_cqt\hiphop\1202183\cqt.npy,C:\Yukawa\music-reco-Jamendo-2-public\audio\hiphop\1202183\1202183.mp3,1202183.mp3,10,5.0,0,1q-4cGvEjx3P_rUmaqIJxNMJzihAFRDIC
911,hiphop,1208443,C:\Yukawa\Lab\Dataset\MTG-Jamendo-9mapping\9genre_music200_cqt\hiphop\1208443\cqt.npy,C:\Yukawa\music-reco-Jamendo-2-public\audio\hiphop\1208443\1208443.mp3,1208443.mp3,10,5.0,0,17Akk536MV_2ivcx4Xn__CpItQoHY1TwU
912,hiphop,1208444,C:\Yukawa\Lab\Dataset\MTG-Jamendo-9mapping\9genre_music200_cqt\hiphop\1208444\cqt.npy,C:\Yukawa\music-reco-Jamendo-2-public\audio\hiphop\1208444\1208444.mp3,1208444.mp3,10,5.0,0,1Sf9tDbNm1X4bGLT8sri_1_lylyGz9Whf
913,hiphop,1208450,C:\Yukawa\Lab\Dataset\MTG-Jamendo-9mapping\9genre_music200_cqt\hiphop\1208450\cqt.npy,C:\Yukawa\music-reco-Jamendo-2-public\audio\hiphop\1208450\1208450.mp3,1208450.mp3,10,5.0,0,1IO_T99JPKeuihqXGOTWPfb_Nj2iQC-me
914,hiphop,1208659,C:\Yukawa\Lab\Dataset\MTG-Jamendo-9mapping\9genre_music200_cqt\hiphop\1208659\cqt.npy,C:\Yukawa\music-reco-Jamendo-2-public\audio\hiphop\1208659\1208659.mp3,1208659.mp3,10,5.0,0,1yNl4c-yJeUP_fPDHnDE1ICtjpcH0agVy
915,hiphop,1209832,C:\Yukawa\Lab\Dataset\MTG-Jamendo-9mapping\9genre_music200_cqt\hiphop\1209832\cqt.npy,C:\Yukawa\music-reco-Jamendo-2-public\audio\hiphop\1209832\1209832.mp3,1209832.mp3,10,5.0,0,1zjgxmEvocHXIt7GeSpNy5eoKGL4iOjAL
916,hiphop,1209833,C:\Yukawa\Lab\Dataset\MTG-Jamendo-9mapping\9genre_music200_cqt\hiphop\1209833\cqt.npy,C:\Yukawa\music-reco-Jamendo-2-public\audio\hiphop\1209833\1209833.mp3,1209833.mp3,10,5.0,0,1FurmeX1olM1VgxL1hAHlh_03B2y3Z1Y1
917,hiphop,1209835,C:\Yukawa\Lab\Dataset\MTG-Jamendo-9mapping\9genre_music200_cqt\hiphop\1209835\cqt.npy,C:\Yukawa\music-reco-Jamendo-2-public\audio\hiphop\1209835\1209835.mp3,1209835.mp3,10,5.0,0,1VUcxs8afTMXcGDnutoJwbIWHi62e7Ye6
918,hiphop,1210770,C:\Yukawa\Lab\Dataset\MTG-Jamendo-9mapping\9genre_music200_cqt\hiphop\1210770\cqt.npy,C:\Yukawa\music-reco-Jamendo-2-public\audio\hiphop\1210770\1210770.mp3,1210770.mp3,10,5.0,0,1tTr1vZEt1ZfxuRruhIOFLc1vRUrpo-VP
919,hiphop,1210924,C:\Yukawa\Lab\Dataset\MTG-Jamendo-9mapping\9genre_music200_cqt\hiphop\1210924\cqt.npy,C:\Yukawa\music-reco-Jamendo-2-public\audio\hiphop\1210924\1210924.mp3,1210924.mp3,10,5.0,0,12I4j89NbqEKBzZ0MwLoadJFwR9ggbDsH
920,hiphop,1211993,C:\Yukawa\Lab\Dataset\MTG-Jamendo-9mapping\9genre_music200_cqt\hiphop\1211993\cqt.npy,C:\Yukawa\music-reco-Jamendo-2-public\audio\hiphop\1211993\1211993.mp3,1211993.mp3,10,5.0,0,1fl5o06j9s18zByH5jzL7sqR3w6PhKzq6
921,hiphop,1211995,C:\Yukawa\Lab\Dataset\MTG-Jamendo-9mapping\9genre_music200_cqt\hiphop\1211995\cqt.npy,C:\Yukawa\music-reco-Jamendo-2-public\audio\hiphop\1211995\1211995.mp3,1211995.mp3,10,5.0,0,1omNwblpV5LNjwI6nxMqZFSqLjfLrJ6_4
922,hiphop,1219211,C:\Yukawa\Lab\Dataset\MTG-Jamendo-9mapping\9genre_music200_cqt\hiphop\1219211\cqt.npy,C:\Yukawa\music-reco-Jamendo-2-public\audio\hiphop\1219211\1219211.mp3,1219211.mp3,10,5.0,0,1FQOCxZL2dvOxyjv7DR3eT_MBTpi-OIhI
923,hiphop,1219212,C:\Yukawa\Lab\Dataset\MTG-Jamendo-9mapping\9genre_music200_cqt\hiphop\1219212\cqt.npy,C:\Yukawa\music-reco-Jamendo-2-public\audio\hiphop\1219212\1219212.mp3,1219212.mp3,10,5.0,0,1m_6ZWe5YvVha-5PSq6wrjGRmzydW44L6
924,hiphop,1219213,C:\Yukawa\Lab\Dataset\MTG-Jamendo-9mapping\9genre_music200_cqt\hiphop\1219213\cqt.npy,C:\Yukawa\music-reco-Jamendo-2-public\audio\hiphop\1219213\1219213.mp3,1219213.mp3,10,5.0,0,1tmfCKHogG1TgP1vfudJCKtH1ovGQehYk
925,hiphop,1219214,C:\Yukawa\Lab\Dataset\MTG-Jamendo-9mapping\9genre_music200_cqt\hiphop\1219214\cqt.npy,C:\Yukawa\music-reco-Jamendo-2-public\audio\hiphop\1219214\1219214.mp3,1219214.mp3,10,5.0,0,196CJbw5nDYCDCMLFuHtG9s3MkG7B7Ngw
926,hiphop,1219225,C:\Yukawa\Lab\Dataset\MTG-Jamendo-9mapping\9genre_music200_cqt\hiphop\1219225\cqt.npy,C:\Yukawa\music-reco-Jamendo-2-public\audio\hiphop\1219225\1219225.mp3,1219225.mp3,10,5.0,0,1HHylhfIM9B4YKF8o6JT5G4H78IK-hD0v
927,hiphop,1219232,C:\Yukawa\Lab\Dataset\MTG-Jamendo-9mapping\9genre_music200_cqt\hiphop\1219232\cqt.npy,C:\Yukawa\music-reco-Jamendo-2-public\audio\hiphop\1219232\1219232.mp3,1219232.mp3,10,5.0,0,17Bra0LYH7_5meva7iBcig7mcJ8ok3-wx
928,hiphop,1225493,C:\Yukawa\Lab\Dataset\MTG-Jamendo-9mapping\9genre_music200_cqt\hiphop\1225493\cqt.npy,C:\Yukawa\music-reco-Jamendo-2-public\audio\hiphop\1225493\1225493.mp3,1225493.mp3,10,5.0,0,1PGLJJx5XD4pr3JhPe01aty_5utkEdeXi
929,hiphop,1225494,C:\Yukawa\Lab\Dataset\MTG-Jamendo-9mapping\9genre_music200_cqt\hiphop\1225494\cqt.npy,C:\Yukawa\music-reco-Jamendo-2-public\audio\hiphop\1225494\1225494.mp3,1225494.mp3,10,5.0,0,12agzZrGoKyCgjx5x5TSA7_M6sLstNCoW
930,hiphop,1225495,C:\Yukawa\Lab\Dataset\MTG-Jamendo-9mapping\9genre_music200_cqt\hiphop\1225495\cqt.npy,C:\Yukawa\music-reco-Jamendo-2-public\audio\hiphop\1225495\1225495.mp3,1225495.mp3,10,5.0,0,1x2UNM1BsdOTXmxiAD2Ta73Hjv9dvbSkF
931,hiphop,1225496,C:\Yukawa\Lab\Dataset\MTG-Jamendo-9mapping\9genre_music200_cqt\hiphop\1225496\cqt.npy,C:\Yukawa\music-reco-Jamendo-2-public\audio\hiphop\1225496\1225496.mp3,1225496.mp3,10,5.0,0,1mnThQmu2MjQuONRwsjKt-Q_loWvoQlvn
932,hiphop,1225497,C:\Yukawa\Lab\Dataset\MTG-Jamendo-9mapping\9genre_music200_cqt\hiphop\1225497\cqt.npy,C:\Yukawa\music-reco-Jamendo-2-public\audio\hiphop\1225497\1225497.mp3,1225497.mp3,10,5.0,0,1Czh_BLEYwjWC2F2osMxMV-uSRRjXWGmG
933,hiphop,1225498,C:\Yukawa\Lab\Dataset\MTG-Jamendo-9mapping\9genre_music200_cqt\hiphop\1225498\cqt.npy,C:\Yukawa\music-reco-Jamendo-2-public\audio\hiphop\1225498\1225498.mp3,1225498.mp3,10,5.0,0,1a1zinMna37jOoz6UJoBz9zDQrI7Ce7tp
934,hiphop,1231035,C:\Yukawa\Lab\Dataset\MTG-Jamendo-9mapping\9genre_music200_cqt\hiphop\1231035\cqt.npy,C:\Yukawa\music-reco-Jamendo-2-public\audio\hiphop\1231035\1231035.mp3,1231035.mp3,10,5.0,0,1weSqZtnyVI_nYHMhUs9bwf05CYwErTLC
935,hiphop,1231036,C:\Yukawa\Lab\Dataset\MTG-Jamendo-9mapping\9genre_music200_cqt\hiphop\1231036\cqt.npy,C:\Yukawa\music-reco-Jamendo-2-public\audio\hiphop\1231036\1231036.mp3,1231036.mp3,10,5.0,0,13JnkiNm8cuZ7kHudLHOYBRC0WeCVagyE
936,hiphop,1231037,C:\Yukawa\Lab\Dataset\MTG-Jamendo-9mapping\9genre_music200_cqt\hiphop\1231037\cqt.npy,C:\Yukawa\music-reco-Jamendo-2-public\audio\hiphop\1231037\1231037.mp3,1231037.mp3,10,5.0,0,1TERkG-MFS_AKfgljPkAxLm9VdKHy8CGH
937,hiphop,1231038,C:\Yukawa\Lab\Dataset\MTG-Jamendo-9mapping\9genre_music200_cqt\hiphop\1231038\cqt.npy,C:\Yukawa\music-reco-Jamendo-2-public\audio\hiphop\1231038\1231038.mp3,1231038.mp3,10,5.0,0,1kU5VyAl3w1Dj-eL_Q3tOG5Ypu6eTz-OS
938,hiphop,1231039,C:\Yukawa\Lab\Dataset\MTG-Jamendo-9mapping\9genre_music200_cqt\hiphop\1231039\cqt.npy,C:\Yukawa\music-reco-Jamendo-2-public\audio\hiphop\1231039\1231039.mp3,1231039.mp3,10,5.0,0,1Cs0HsSvqA-cBSNqFvw7WvEtj6u-XXzFo
939,hiphop,1231040,C:\Yukawa\Lab\Dataset\MTG-Jamendo-9mapping\9genre_music200_cqt\hiphop\1231040\cqt.npy,C:\Yukawa\music-reco-Jamendo-2-public\audio\hiphop\1231040\1231040.mp3,1231040.mp3,10,5.0,0,1jz1YJJoQwIrgqYS95K1kMqR6yrdWdUoj
940,hiphop,1231041,C:\Yukawa\Lab\Dataset\MTG-Jamendo-9mapping\9genre_music200_cqt\hiphop\1231041\cqt.npy,C:\Yukawa\music-reco-Jamendo-2-public\audio\hiphop\1231041\1231041.mp3,1231041.mp3,10,5.0,0,1v69BdDtwR2BSpSmWOzLLymjWquhUWH7C
941,hiphop,1231042,C:\Yukawa\Lab\Dataset\MTG-Jamendo-9mapping\9genre_music200_cqt\hiphop\1231042\cqt.npy,C:\Yukawa\music-reco-Jamendo-2-public\audio\hiphop\1231042\1231042.mp3,1231042.mp3,10,5.0,0,1waF5vON08-y4SN5Vza2i1oL_ZNMGUCkl
942,hiphop,1231043,C:\Yukawa\Lab\Dataset\MTG-Jamendo-9mapping\9genre_music200_cqt\hiphop\1231043\cqt.npy,C:\Yukawa\music-reco-Jamendo-2-public\audio\hiphop\1231043\1231043.mp3,1231043.mp3,10,5.0,0,1FEiPiX1sCTLWrD81rnzP2Y8FwG-vR4rQ
943,hiphop,1231044,C:\Yukawa\Lab\Dataset\MTG-Jamendo-9mapping\9genre_music200_cqt\hiphop\1231044\cqt.npy,C:\Yukawa\music-reco-Jamendo-2-public\audio\hiphop\1231044\1231044.mp3,1231044.mp3,10,5.0,0,1OHlXfGHkIP6MLB0koxeTmRtObUAJ-Ou6
944,hiphop,1231045,C:\Yukawa\Lab\Dataset\MTG-Jamendo-9mapping\9genre_music200_cqt\hiphop\1231045\cqt.npy,C:\Yukawa\music-reco-Jamendo-2-public\audio\hiphop\1231045\1231045.mp3,1231045.mp3,10,5.0,0,1QzcrM_6gbYawrqKnVTfFkooEUavroYSS
945,hiphop,1231046,C:\Yukawa\Lab\Dataset\MTG-Jamendo-9mapping\9genre_music200_cqt\hiphop\1231046\cqt.npy,C:\Yukawa\music-reco-Jamendo-2-public\audio\hiphop\1231046\1231046.mp3,1231046.mp3,10,5.0,0,1Mg1_D9hzLxSWylk6lILnYLdVGS85D2Fs
946,hiphop,1236297,C:\Yukawa\Lab\Dataset\MTG-Jamendo-9mapping\9genre_music200_cqt\hiphop\1236297\cqt.npy,C:\Yukawa\music-reco-Jamendo-2-public\audio\hiphop\1236297\1236297.mp3,1236297.mp3,10,5.0,0,1P3H8qtwDKLLIBd5He63xKcypfYhxDxyS
947,hiphop,1237937,C:\Yukawa\Lab\Dataset\MTG-Jamendo-9mapping\9genre_music200_cqt\hiphop\1237937\cqt.npy,C:\Yukawa\music-reco-Jamendo-2-public\audio\hiphop\1237937\1237937.mp3,1237937.mp3,10,5.0,0,145SrLoi6tJlIlKuQQII33vcdSARYp7LA
948,hiphop,1237938,C:\Yukawa\Lab\Dataset\MTG-Jamendo-9mapping\9genre_music200_cqt\hiphop\1237938\cqt.npy,C:\Yukawa\music-reco-Jamendo-2-public\audio\hiphop\1237938\1237938.mp3,1237938.mp3,10,5.0,0,1YFd2nQFzhK6cO4CxgY1IpNwiJ31RCzIT
949,hiphop,1237939,C:\Yukawa\Lab\Dataset\MTG-Jamendo-9mapping\9genre_music200_cqt\hiphop\1237939\cqt.npy,C:\Yukawa\music-reco-Jamendo-2-public\audio\hiphop\1237939\1237939.mp3,1237939.mp3,10,5.0,0,1ifcwac3_xV999QEyRt90Cghi93qFW9km
950,hiphop,1237940,C:\Yukawa\Lab\Dataset\MTG-Jamendo-9mapping\9genre_music200_cqt\hiphop\1237940\cqt.npy,C:\Yukawa\music-reco-Jamendo-2-public\audio\hiphop\1237940\1237940.mp3,1237940.mp3,10,5.0,0,1ungnQ8D16-vvYiBkd_5MxyrPkwgOGFnV
951,hiphop,1237941,C:\Yukawa\Lab\Dataset\MTG-Jamendo-9mapping\9genre_music200_cqt\hiphop\1237941\cqt.npy,C:\Yukawa\music-reco-Jamendo-2-public\audio\hiphop\1237941\1237941.mp3,1237941.mp3,10,5.0,0,1zfIkDJHUNg4PPCkc_IyywvvHhOHOM43D
952,hiphop,1237942,C:\Yukawa\Lab\Dataset\MTG-Jamendo-9mapping\9genre_music200_cqt\hiphop\1237942\cqt.npy,C:\Yukawa\music-reco-Jamendo-2-public\audio\hiphop\1237942\1237942.mp3,1237942.mp3,10,5.0,0,1ufRkQ3hpkASGYHlF91sqsFsfTexueV5K
953,hiphop,1237943,C:\Yukawa\Lab\Dataset\MTG-Jamendo-9mapping\9genre_music200_cqt\hiphop\1237943\cqt.npy,C:\Yukawa\music-reco-Jamendo-2-public\audio\hiphop\1237943\1237943.mp3,1237943.mp3,10,5.0,0,1nVBNNt1ZcUb_DrZv9Hw-CHb8FN-QwTKV
954,hiphop,1237944,C:\Yukawa\Lab\Dataset\MTG-Jamendo-9mapping\9genre_music200_cqt\hiphop\1237944\cqt.npy,C:\Yukawa\music-reco-Jamendo-2-public\audio\hiphop\1237944\1237944.mp3,1237944.mp3,10,5.0,0,1FrjkKPiG9mg24nLiAa2mjyYc-cg8qRiv
955,hiphop,1237946,C:\Yukawa\Lab\Dataset\MTG-Jamendo-9mapping\9genre_music200_cqt\hiphop\1237946\cqt.npy,C:\Yukawa\music-reco-Jamendo-2-public\audio\hiphop\1237946\1237946.mp3,1237946.mp3,10,5.0,0,1CiGIImplHNED-mBcI_kKU8LEtbyND4Dg
956,hiphop,1237947,C:\Yukawa\Lab\Dataset\MTG-Jamendo-9mapping\9genre_music200_cqt\hiphop\1237947\cqt.npy,C:\Yukawa\music-reco-Jamendo-2-public\audio\hiphop\1237947\1237947.mp3,1237947.mp3,10,5.0,0,1-UcSLh2K5DK5Zmpa8yhYTQe86suhKTRy
957,hiphop,1237948,C:\Yukawa\Lab\Dataset\MTG-Jamendo-9mapping\9genre_music200_cqt\hiphop\1237948\cqt.npy,C:\Yukawa\music-reco-Jamendo-2-public\audio\hiphop\1237948\1237948.mp3,1237948.mp3,10,5.0,0,1U6mLePONTuEqF8oEYGjvRD63RFusI6ei
958,hiphop,1237949,C:\Yukawa\Lab\Dataset\MTG-Jamendo-9mapping\9genre_music200_cqt\hiphop\1237949\cqt.npy,C:\Yukawa\music-reco-Jamendo-2-public\audio\hiphop\1237949\1237949.mp3,1237949.mp3,10,5.0,0,1K9WAQCdmooz8muwMGaQhKS5huMw2aLst
959,hiphop,1237999,C:\Yukawa\Lab\Dataset\MTG-Jamendo-9mapping\9genre_music200_cqt\hiphop\1237999\cqt.npy,C:\Yukawa\music-reco-Jamendo-2-public\audio\hiphop\1237999\1237999.mp3,1237999.mp3,10,5.0,0,1wcH1UKYAgu_FDgeqpZ7NsLeaLWFoBFdO
960,hiphop,1238750,C:\Yukawa\Lab\Dataset\MTG-Jamendo-9mapping\9genre_music200_cqt\hiphop\1238750\cqt.npy,C:\Yukawa\music-reco-Jamendo-2-public\audio\hiphop\1238750\1238750.mp3,1238750.mp3,10,5.0,0,1L_BulMlONB7HTjjtiWFJINnngtU-qnEh
961,hiphop,1239021,C:\Yukawa\Lab\Dataset\MTG-Jamendo-9mapping\9genre_music200_cqt\hiphop\1239021\cqt.npy,C:\Yukawa\music-reco-Jamendo-2-public\audio\hiphop\1239021\1239021.mp3,1239021.mp3,10,5.0,0,1btNmU14fcdPAhTGWIBxrkzI1NJQ-dwyA
962,hiphop,1239025,C:\Yukawa\Lab\Dataset\MTG-Jamendo-9mapping\9genre_music200_cqt\hiphop\1239025\cqt.npy,C:\Yukawa\music-reco-Jamendo-2-public\audio\hiphop\1239025\1239025.mp3,1239025.mp3,10,5.0,0,1wl0CSgqnz52B_dLHofFV3QBTIIAQE_qJ
963,hiphop,1239718,C:\Yukawa\Lab\Dataset\MTG-Jamendo-9mapping\9genre_music200_cqt\hiphop\1239718\cqt.npy,C:\Yukawa\music-reco-Jamendo-2-public\audio\hiphop\1239718\1239718.mp3,1239718.mp3,10,5.0,0,1E7W8zq7TH4c13zpFoRL8nftNDmM1t2xq
964,hiphop,1239737,C:\Yukawa\Lab\Dataset\MTG-Jamendo-9mapping\9genre_music200_cqt\hiphop\1239737\cqt.npy,C:\Yukawa\music-reco-Jamendo-2-public\audio\hiphop\1239737\1239737.mp3,1239737.mp3,10,5.0,0,1AfEi0knXfizPBVhmRVeDrq5mq4qrH9Fe
965,hiphop,1241865,C:\Yukawa\Lab\Dataset\MTG-Jamendo-9mapping\9genre_music200_cqt\hiphop\1241865\cqt.npy,C:\Yukawa\music-reco-Jamendo-2-public\audio\hiphop\1241865\1241865.mp3,1241865.mp3,10,5.0,0,13H-BdefAp-oG1iTt9f2SmrWBQmziWRrZ
966,hiphop,1241866,C:\Yukawa\Lab\Dataset\MTG-Jamendo-9mapping\9genre_music200_cqt\hiphop\1241866\cqt.npy,C:\Yukawa\music-reco-Jamendo-2-public\audio\hiphop\1241866\1241866.mp3,1241866.mp3,10,5.0,0,1TrtrKKRfWwLs_RcwmHXH8-f6fiir1FnP
967,hiphop,1253537,C:\Yukawa\Lab\Dataset\MTG-Jamendo-9mapping\9genre_music200_cqt\hiphop\1253537\cqt.npy,C:\Yukawa\music-reco-Jamendo-2-public\audio\hiphop\1253537\1253537.mp3,1253537.mp3,10,5.0,0,18zMuoKDg-NWpJMuhyEAvU8DvMQocdNYq
968,hiphop,1253864,C:\Yukawa\Lab\Dataset\MTG-Jamendo-9mapping\9genre_music200_cqt\hiphop\1253864\cqt.npy,C:\Yukawa\music-reco-Jamendo-2-public\audio\hiphop\1253864\1253864.mp3,1253864.mp3,10,5.0,0,18Q4lnBf8toKAcTthg7DYJIbBHiDS3h_1
969,hiphop,1253865,C:\Yukawa\Lab\Dataset\MTG-Jamendo-9mapping\9genre_music200_cqt\hiphop\1253865\cqt.npy,C:\Yukawa\music-reco-Jamendo-2-public\audio\hiphop\1253865\1253865.mp3,1253865.mp3,10,5.0,0,1mKqGjt1-h_dIHKqqrbKBsdAF0x1blG48
970,hiphop,1253866,C:\Yukawa\Lab\Dataset\MTG-Jamendo-9mapping\9genre_music200_cqt\hiphop\1253866\cqt.npy,C:\Yukawa\music-reco-Jamendo-2-public\audio\hiphop\1253866\1253866.mp3,1253866.mp3,10,5.0,0,1tImnqexLArUuS3CrZgUSU1DREajn0tIx
971,hiphop,1253867,C:\Yukawa\Lab\Dataset\MTG-Jamendo-9mapping\9genre_music200_cqt\hiphop\1253867\cqt.npy,C:\Yukawa\music-reco-Jamendo-2-public\audio\hiphop\1253867\1253867.mp3,1253867.mp3,10,5.0,0,1le-yvSccCaVzsTTUMiX8iW9E9tQ7YROU
972,hiphop,1256020,C:\Yukawa\Lab\Dataset\MTG-Jamendo-9mapping\9genre_music200_cqt\hiphop\1256020\cqt.npy,C:\Yukawa\music-reco-Jamendo-2-public\audio\hiphop\1256020\1256020.mp3,1256020.mp3,10,5.0,0,1ulzSap8ryazED2_2HFgJS9GX1WDBI7aV
973,hiphop,1256021,C:\Yukawa\Lab\Dataset\MTG-Jamendo-9mapping\9genre_music200_cqt\hiphop\1256021\cqt.npy,C:\Yukawa\music-reco-Jamendo-2-public\audio\hiphop\1256021\1256021.mp3,1256021.mp3,10,5.0,0,1OEOVzOBr1tQede-utmxGOdcoSf0iIoZ7
974,hiphop,1256022,C:\Yukawa\Lab\Dataset\MTG-Jamendo-9mapping\9genre_music200_cqt\hiphop\1256022\cqt.npy,C:\Yukawa\music-reco-Jamendo-2-public\audio\hiphop\1256022\1256022.mp3,1256022.mp3,10,5.0,0,1MIOQ1otSvg0g7yxL55TFtNCQ52EvAgXP
975,hiphop,1256023,C:\Yukawa\Lab\Dataset\MTG-Jamendo-9mapping\9genre_music200_cqt\hiphop\1256023\cqt.npy,C:\Yukawa\music-reco-Jamendo-2-public\audio\hiphop\1256023\1256023.mp3,1256023.mp3,10,5.0,0,1kBiaut0s1JyRiRE2zSt7GK5aosF0BdLg
976,hiphop,1256024,C:\Yukawa\Lab\Dataset\MTG-Jamendo-9mapping\9genre_music200_cqt\hiphop\1256024\cqt.npy,C:\Yukawa\music-reco-Jamendo-2-public\audio\hiphop\1256024\1256024.mp3,1256024.mp3,10,5.0,0,1AoA-qd3A93NFGfnTBcmsm88GFjBMfCqS
977,hiphop,1256025,C:\Yukawa\Lab\Dataset\MTG-Jamendo-9mapping\9genre_music200_cqt\hiphop\1256025\cqt.npy,C:\Yukawa\music-reco-Jamendo-2-public\audio\hiphop\1256025\1256025.mp3,1256025.mp3,10,5.0,0,1998PD4EWAApEPWtO_Cp0FIMoOVseV6wX
978,hiphop,1256026,C:\Yukawa\Lab\Dataset\MTG-Jamendo-9mapping\9genre_music200_cqt\hiphop\1256026\cqt.npy,C:\Yukawa\music-reco-Jamendo-2-public\audio\hiphop\1256026\1256026.mp3,1256026.mp3,10,5.0,0,1kIrFFSMnVU_f7bsBG0-UanyE51MkQsEg
979,hiphop,1256027,C:\Yukawa\Lab\Dataset\MTG-Jamendo-9mapping\9genre_music200_cqt\hiphop\1256027\cqt.npy,C:\Yukawa\music-reco-Jamendo-2-public\audio\hiphop\1256027\1256027.mp3,1256027.mp3,10,5.0,0,15ef4luq7h1pWyJHWFs3FJUhi5b04lAbx
980,hiphop,1256028,C:\Yukawa\Lab\Dataset\MTG-Jamendo-9mapping\9genre_music200_cqt\hiphop\1256028\cqt.npy,C:\Yukawa\music-reco-Jamendo-2-public\audio\hiphop\1256028\1256028.mp3,1256028.mp3,10,5.0,0,1n0AnVyR1mY8yqyzWrvgSsd8K7znqFvm0
981,hiphop,1264196,C:\Yukawa\Lab\Dataset\MTG-Jamendo-9mapping\9genre_music200_cqt\hiphop\1264196\cqt.npy,C:\Yukawa\music-reco-Jamendo-2-public\audio\hiphop\1264196\1264196.mp3,1264196.mp3,10,5.0,0,1a4FaQJjkcVG4cob5Hde3GcWxHwXPVY0i
982,hiphop,1264197,C:\Yukawa\Lab\Dataset\MTG-Jamendo-9mapping\9genre_music200_cqt\hiphop\1264197\cqt.npy,C:\Yukawa\music-reco-Jamendo-2-public\audio\hiphop\1264197\1264197.mp3,1264197.mp3,10,5.0,0,1H5rQLu_6qlZOiYFPpdEXCrcXeHPdG1kJ
983,hiphop,1264198,C:\Yukawa\Lab\Dataset\MTG-Jamendo-9mapping\9genre_music200_cqt\hiphop\1264198\cqt.npy,C:\Yukawa\music-reco-Jamendo-2-public\audio\hiphop\1264198\1264198.mp3,1264198.mp3,10,5.0,0,1KhzAWAlw6HFH3K91A8GbcS5mo-IXQLKk
984,hiphop,1293912,C:\Yukawa\Lab\Dataset\MTG-Jamendo-9mapping\9genre_music200_cqt\hiphop\1293912\cqt.npy,C:\Yukawa\music-reco-Jamendo-2-public\audio\hiphop\1293912\1293912.mp3,1293912.mp3,10,5.0,0,1CXYcedwmpcix7v5f9cWw-z3H76ZYUi7f
985,hiphop,1293913,C:\Yukawa\Lab\Dataset\MTG-Jamendo-9mapping\9genre_music200_cqt\hiphop\1293913\cqt.npy,C:\Yukawa\music-reco-Jamendo-2-public\audio\hiphop\1293913\1293913.mp3,1293913.mp3,10,5.0,0,1vI65o5WagxR7I_iQwH7218jaXbSoE97i
986,hiphop,1293915,C:\Yukawa\Lab\Dataset\MTG-Jamendo-9mapping\9genre_music200_cqt\hiphop\1293915\cqt.npy,C:\Yukawa\music-reco-Jamendo-2-public\audio\hiphop\1293915\1293915.mp3,1293915.mp3,10,5.0,0,1QUZttL1dbruBZzAI4lLdPzowt5wImQu6
987,hiphop,1293919,C:\Yukawa\Lab\Dataset\MTG-Jamendo-9mapping\9genre_music200_cqt\hiphop\1293919\cqt.npy,C:\Yukawa\music-reco-Jamendo-2-public\audio\hiphop\1293919\1293919.mp3,1293919.mp3,10,5.0,0,1dDt5z--4oPJNIheI4nlB64E5G2-rFTFb
988,hiphop,1293921,C:\Yukawa\Lab\Dataset\MTG-Jamendo-9mapping\9genre_music200_cqt\hiphop\1293921\cqt.npy,C:\Yukawa\music-reco-Jamendo-2-public\audio\hiphop\1293921\1293921.mp3,1293921.mp3,10,5.0,0,1mKKv7EIHvi9Ainh0NNPRg8HOFMnu4NQA
989,hiphop,1293923,C:\Yukawa\Lab\Dataset\MTG-Jamendo-9mapping\9genre_music200_cqt\hiphop\1293923\cqt.npy,C:\Yukawa\music-reco-Jamendo-2-public\audio\hiphop\1293923\1293923.mp3,1293923.mp3,10,5.0,0,1qUDrwLyJkOL6GsfoBFZL_R8qrDs9kBDy
990,hiphop,1293925,C:\Yukawa\Lab\Dataset\MTG-Jamendo-9mapping\9genre_music200_cqt\hiphop\1293925\cqt.npy,C:\Yukawa\music-reco-Jamendo-2-public\audio\hiphop\1293925\1293925.mp3,1293925.mp3,10,5.0,0,1KXRKMpLR5KEa5IhaJZ3WVkiiw6dJY_c_
991,hiphop,1301744,C:\Yukawa\Lab\Dataset\MTG-Jamendo-9mapping\9genre_music200_cqt\hiphop\1301744\cqt.npy,C:\Yukawa\music-reco-Jamendo-2-public\audio\hiphop\1301744\1301744.mp3,1301744.mp3,10,5.0,0,1PtJmL5Y0uLyBLKqY0pT78xqoqI3XQq65
992,hiphop,1309591,C:\Yukawa\Lab\Dataset\MTG-Jamendo-9mapping\9genre_music200_cqt\hiphop\1309591\cqt.npy,C:\Yukawa\music-reco-Jamendo-2-public\audio\hiphop\1309591\1309591.mp3,1309591.mp3,10,5.0,0,1tqmp1nzbqTn_qtDOxSwYflNic8vagACt
993,hiphop,1312936,C:\Yukawa\Lab\Dataset\MTG-Jamendo-9mapping\9genre_music200_cqt\hiphop\1312936\cqt.npy,C:\Yukawa\music-reco-Jamendo-2-public\audio\hiphop\1312936\1312936.mp3,1312936.mp3,10,5.0,0,1EkmgXNH8KzuSJ9fRUhFcv2N-0ak6puwA
994,hiphop,1312937,C:\Yukawa\Lab\Dataset\MTG-Jamendo-9mapping\9genre_music200_cqt\hiphop\1312937\cqt.npy,C:\Yukawa\music-reco-Jamendo-2-public\audio\hiphop\1312937\1312937.mp3,1312937.mp3,10,5.0,0,1L5DqJG9H9lkBO08Knktory0nIsH-W44T
995,hiphop,1312938,C:\Yukawa\Lab\Dataset\MTG-Jamendo-9mapping\9genre_music200_cqt\hiphop\1312938\cqt.npy,C:\Yukawa\music-reco-Jamendo-2-public\audio\hiphop\1312938\1312938.mp3,1312938.mp3,10,5.0,0,1rhCZ1j4v13EGVxDDZCQNiKQkY9FAvV_E
996,hiphop,1312939,C:\Yukawa\Lab\Dataset\MTG-Jamendo-9mapping\9genre_music200_cqt\hiphop\1312939\cqt.npy,C:\Yukawa\music-reco-Jamendo-2-public\audio\hiphop\1312939\1312939.mp3,1312939.mp3,10,5.0,0,1tpKs-UMceSyCBAWh94pnB4_-h8z9Vceq
997,hiphop,1312940,C:\Yukawa\Lab\Dataset\MTG-Jamendo-9mapping\9genre_music200_cqt\hiphop\1312940\cqt.npy,C:\Yukawa\music-reco-Jamendo-2-public\audio\hiphop\1312940\1312940.mp3,1312940.mp3,10,5.0,0,1puwlWDnYKnX79naHb5v6TgXHYxOgVbXf
998,hiphop,1312941,C:\Yukawa\Lab\Dataset\MTG-Jamendo-9mapping\9genre_music200_cqt\hiphop\1312941\cqt.npy,C:\Yukawa\music-reco-Jamendo-2-public\audio\hiphop\1312941\1312941.mp3,1312941.mp3,10,5.0,0,1b6gLkKyzved9sztB2arGceIul0pdSbLW
999,hiphop,1341199,C:\Yukawa\Lab\Dataset\MTG-Jamendo-9mapping\9genre_music200_cqt\hiphop\1341199\cqt.npy,C:\Yukawa\music-reco-Jamendo-2-public\audio\hiphop\1341199\1341199.mp3,1341199.mp3,10,5.0,0,1XOpzxv5ZiXUyyC1i0zlpHlesMnf5CSl6
1000,jazz,1002223,C:\Yukawa\Lab\Dataset\MTG-Jamendo-9mapping\9genre_music200_cqt\jazz\1002223\cqt.npy,C:\Yukawa\music-reco-Jamendo-2-public\audio\jazz\1002223\1002223.mp3,1002223.mp3,10,5.0,0,17BshkracS_kvKUGvvr2cohBBClT_CWK_
1001,jazz,1026039,C:\Yukawa\Lab\Dataset\MTG-Jamendo-9mapping\9genre_music200_cqt\jazz\1026039\cqt.npy,C:\Yukawa\music-reco-Jamendo-2-public\audio\jazz\1026039\1026039.mp3,1026039.mp3,10,5.0,0,1p7NFSnhwrLKnCCq1mR1GHxhY3J00lkrO
1002,jazz,1026040,C:\Yukawa\Lab\Dataset\MTG-Jamendo-9mapping\9genre_music200_cqt\jazz\1026040\cqt.npy,C:\Yukawa\music-reco-Jamendo-2-public\audio\jazz\1026040\1026040.mp3,1026040.mp3,10,5.0,0,1uc0zEatc6EWBBcBCG04ebV8dRmjwJf35
1003,jazz,1026041,C:\Yukawa\Lab\Dataset\MTG-Jamendo-9mapping\9genre_music200_cqt\jazz\1026041\cqt.npy,C:\Yukawa\music-reco-Jamendo-2-public\audio\jazz\1026041\1026041.mp3,1026041.mp3,10,5.0,0,1k1jo3M-FAWGYxC_1PPOIixv-JXCFPE4o
1004,jazz,1026042,C:\Yukawa\Lab\Dataset\MTG-Jamendo-9mapping\9genre_music200_cqt\jazz\1026042\cqt.npy,C:\Yukawa\music-reco-Jamendo-2-public\audio\jazz\1026042\1026042.mp3,1026042.mp3,10,5.0,0,1LhVKpK3pwA7fYEwrwDh71aZ6JIsmM7Et
1005,jazz,1026043,C:\Yukawa\Lab\Dataset\MTG-Jamendo-9mapping\9genre_music200_cqt\jazz\1026043\cqt.npy,C:\Yukawa\music-reco-Jamendo-2-public\audio\jazz\1026043\1026043.mp3,1026043.mp3,10,5.0,0,1HdDY4E9cF8TeJWzgJiyTT7kWfWZ44w3D
1006,jazz,1026044,C:\Yukawa\Lab\Dataset\MTG-Jamendo-9mapping\9genre_music200_cqt\jazz\1026044\cqt.npy,C:\Yukawa\music-reco-Jamendo-2-public\audio\jazz\1026044\1026044.mp3,1026044.mp3,10,5.0,0,1JEZU_RxIvwokOxqvrlG0sne6ZJB4BfXM
1007,jazz,1026847,C:\Yukawa\Lab\Dataset\MTG-Jamendo-9mapping\9genre_music200_cqt\jazz\1026847\cqt.npy,C:\Yukawa\music-reco-Jamendo-2-public\audio\jazz\1026847\1026847.mp3,1026847.mp3,10,5.0,0,1ARtBVEh1t5TgKyH7avwb2eT8QO07IX0q
1008,jazz,1026849,C:\Yukawa\Lab\Dataset\MTG-Jamendo-9mapping\9genre_music200_cqt\jazz\1026849\cqt.npy,C:\Yukawa\music-reco-Jamendo-2-public\audio\jazz\1026849\1026849.mp3,1026849.mp3,10,5.0,0,13zIV0TPua8YsPfFfH5dhr6sXSBIYVwYm
1009,jazz,1026859,C:\Yukawa\Lab\Dataset\MTG-Jamendo-9mapping\9genre_music200_cqt\jazz\1026859\cqt.npy,C:\Yukawa\music-reco-Jamendo-2-public\audio\jazz\1026859\1026859.mp3,1026859.mp3,10,5.0,0,1_6XzR55MtrYLWZELHmcRWm2coUvJZRTB
1010,jazz,1026873,C:\Yukawa\Lab\Dataset\MTG-Jamendo-9mapping\9genre_music200_cqt\jazz\1026873\cqt.npy,C:\Yukawa\music-reco-Jamendo-2-public\audio\jazz\1026873\1026873.mp3,1026873.mp3,10,5.0,0,1wIAIl3a1QV5NvvMkIvCkQqDq4x_VoEFN
1011,jazz,1026881,C:\Yukawa\Lab\Dataset\MTG-Jamendo-9mapping\9genre_music200_cqt\jazz\1026881\cqt.npy,C:\Yukawa\music-reco-Jamendo-2-public\audio\jazz\1026881\1026881.mp3,1026881.mp3,10,5.0,0,13BlcJtXiIs6nKmZRgy2gEemkMgfy8n87
1012,jazz,1029299,C:\Yukawa\Lab\Dataset\MTG-Jamendo-9mapping\9genre_music200_cqt\jazz\1029299\cqt.npy,C:\Yukawa\music-reco-Jamendo-2-public\audio\jazz\1029299\1029299.mp3,1029299.mp3,10,5.0,0,11UjwW133htT6tb8HfiE1pAzKpWhyNxQ2
1013,jazz,1029311,C:\Yukawa\Lab\Dataset\MTG-Jamendo-9mapping\9genre_music200_cqt\jazz\1029311\cqt.npy,C:\Yukawa\music-reco-Jamendo-2-public\audio\jazz\1029311\1029311.mp3,1029311.mp3,10,5.0,0,1k72zLRiNt_wgOps2_-eqnpq_fJXwzc08
1014,jazz,1029312,C:\Yukawa\Lab\Dataset\MTG-Jamendo-9mapping\9genre_music200_cqt\jazz\1029312\cqt.npy,C:\Yukawa\music-reco-Jamendo-2-public\audio\jazz\1029312\1029312.mp3,1029312.mp3,10,5.0,0,1kCOnKXB1yjtL3nKjDHMxadOU0bjlid2c
1015,jazz,1029313,C:\Yukawa\Lab\Dataset\MTG-Jamendo-9mapping\9genre_music200_cqt\jazz\1029313\cqt.npy,C:\Yukawa\music-reco-Jamendo-2-public\audio\jazz\1029313\1029313.mp3,1029313.mp3,10,5.0,0,1r7HbvcPIaazclI1Q5Dgs2f-fYlEYGjOD
1016,jazz,1029314,C:\Yukawa\Lab\Dataset\MTG-Jamendo-9mapping\9genre_music200_cqt\jazz\1029314\cqt.npy,C:\Yukawa\music-reco-Jamendo-2-public\audio\jazz\1029314\1029314.mp3,1029314.mp3,10,5.0,0,1aYdg-qb07pT2ofxEnvWlMK3vt2DPqqnr
1017,jazz,1029315,C:\Yukawa\Lab\Dataset\MTG-Jamendo-9mapping\9genre_music200_cqt\jazz\1029315\cqt.npy,C:\Yukawa\music-reco-Jamendo-2-public\audio\jazz\1029315\1029315.mp3,1029315.mp3,10,5.0,0,1lK-TIMdk8u3kmDpfBj-8xX1wFOrPC8GS
1018,jazz,1033092,C:\Yukawa\Lab\Dataset\MTG-Jamendo-9mapping\9genre_music200_cqt\jazz\1033092\cqt.npy,C:\Yukawa\music-reco-Jamendo-2-public\audio\jazz\1033092\1033092.mp3,1033092.mp3,10,5.0,0,1S9ll8lYUlKEw0wsLlUvYKI5ohQBdvHpw
1019,jazz,1033093,C:\Yukawa\Lab\Dataset\MTG-Jamendo-9mapping\9genre_music200_cqt\jazz\1033093\cqt.npy,C:\Yukawa\music-reco-Jamendo-2-public\audio\jazz\1033093\1033093.mp3,1033093.mp3,10,5.0,0,1aM_99XjrS1EMMvY2XEqAeaVAaLxZTFRB
1020,jazz,1033094,C:\Yukawa\Lab\Dataset\MTG-Jamendo-9mapping\9genre_music200_cqt\jazz\1033094\cqt.npy,C:\Yukawa\music-reco-Jamendo-2-public\audio\jazz\1033094\1033094.mp3,1033094.mp3,10,5.0,0,1OaG3yo9E70tHyoziQ5vwjqgF8MjvcYmx
1021,jazz,1033095,C:\Yukawa\Lab\Dataset\MTG-Jamendo-9mapping\9genre_music200_cqt\jazz\1033095\cqt.npy,C:\Yukawa\music-reco-Jamendo-2-public\audio\jazz\1033095\1033095.mp3,1033095.mp3,10,5.0,0,10OmQ3XWjkJIxOR8Z2NzvNiC5FLS9uzHN
1022,jazz,1033124,C:\Yukawa\Lab\Dataset\MTG-Jamendo-9mapping\9genre_music200_cqt\jazz\1033124\cqt.npy,C:\Yukawa\music-reco-Jamendo-2-public\audio\jazz\1033124\1033124.mp3,1033124.mp3,10,5.0,0,1lnSAA0ijtIfDpscXbAqc3B-G2QiMmtAK
1023,jazz,1033183,C:\Yukawa\Lab\Dataset\MTG-Jamendo-9mapping\9genre_music200_cqt\jazz\1033183\cqt.npy,C:\Yukawa\music-reco-Jamendo-2-public\audio\jazz\1033183\1033183.mp3,1033183.mp3,10,5.0,0,1HG834ZGj1BcJkSAy1-NtVtZIXROY_hTI
1024,jazz,1033185,C:\Yukawa\Lab\Dataset\MTG-Jamendo-9mapping\9genre_music200_cqt\jazz\1033185\cqt.npy,C:\Yukawa\music-reco-Jamendo-2-public\audio\jazz\1033185\1033185.mp3,1033185.mp3,10,5.0,0,1hZOc85g3sZv1m_89YNLj2z1gkFzkd-WL
1025,jazz,1033187,C:\Yukawa\Lab\Dataset\MTG-Jamendo-9mapping\9genre_music200_cqt\jazz\1033187\cqt.npy,C:\Yukawa\music-reco-Jamendo-2-public\audio\jazz\1033187\1033187.mp3,1033187.mp3,10,5.0,0,149rPQwW06h5UNsPGUB6VAxr1dNIu1e9w
1026,jazz,1033220,C:\Yukawa\Lab\Dataset\MTG-Jamendo-9mapping\9genre_music200_cqt\jazz\1033220\cqt.npy,C:\Yukawa\music-reco-Jamendo-2-public\audio\jazz\1033220\1033220.mp3,1033220.mp3,10,5.0,0,1kss1a60Up8mPITueyUXYzVwr0mgBuUYh
1027,jazz,1034298,C:\Yukawa\Lab\Dataset\MTG-Jamendo-9mapping\9genre_music200_cqt\jazz\1034298\cqt.npy,C:\Yukawa\music-reco-Jamendo-2-public\audio\jazz\1034298\1034298.mp3,1034298.mp3,10,5.0,0,1vdZALVCmD28zBC7kstSEWWFnfgn7AwPf
1028,jazz,1038475,C:\Yukawa\Lab\Dataset\MTG-Jamendo-9mapping\9genre_music200_cqt\jazz\1038475\cqt.npy,C:\Yukawa\music-reco-Jamendo-2-public\audio\jazz\1038475\1038475.mp3,1038475.mp3,10,5.0,0,1i1rid_OkUlaEUgs5ZWw4vPf7RbagNv-f
1029,jazz,1049275,C:\Yukawa\Lab\Dataset\MTG-Jamendo-9mapping\9genre_music200_cqt\jazz\1049275\cqt.npy,C:\Yukawa\music-reco-Jamendo-2-public\audio\jazz\1049275\1049275.mp3,1049275.mp3,10,5.0,0,12W0E3omsWeUw-5dzQuEu353WHa7ByHQB
1030,jazz,1049276,C:\Yukawa\Lab\Dataset\MTG-Jamendo-9mapping\9genre_music200_cqt\jazz\1049276\cqt.npy,C:\Yukawa\music-reco-Jamendo-2-public\audio\jazz\1049276\1049276.mp3,1049276.mp3,10,5.0,0,1M9i5Uup728QjJYYl2HVwUznlkVgwBMZQ
1031,jazz,1049278,C:\Yukawa\Lab\Dataset\MTG-Jamendo-9mapping\9genre_music200_cqt\jazz\1049278\cqt.npy,C:\Yukawa\music-reco-Jamendo-2-public\audio\jazz\1049278\1049278.mp3,1049278.mp3,10,5.0,0,1UJiDANAm-0M28aNhMVJpGYXB6zMoPgju
1032,jazz,1052468,C:\Yukawa\Lab\Dataset\MTG-Jamendo-9mapping\9genre_music200_cqt\jazz\1052468\cqt.npy,C:\Yukawa\music-reco-Jamendo-2-public\audio\jazz\1052468\1052468.mp3,1052468.mp3,10,5.0,0,1VprPq882H9U4dwEu9JLdqq30UDrHr2tM
1033,jazz,1056512,C:\Yukawa\Lab\Dataset\MTG-Jamendo-9mapping\9genre_music200_cqt\jazz\1056512\cqt.npy,C:\Yukawa\music-reco-Jamendo-2-public\audio\jazz\1056512\1056512.mp3,1056512.mp3,10,5.0,0,1XLYhponwSBZTFX_qiD-6337y9KeAX7pp
1034,jazz,1056513,C:\Yukawa\Lab\Dataset\MTG-Jamendo-9mapping\9genre_music200_cqt\jazz\1056513\cqt.npy,C:\Yukawa\music-reco-Jamendo-2-public\audio\jazz\1056513\1056513.mp3,1056513.mp3,10,5.0,0,1eNQDKui1Vr80NDE4NAwo2P3qbLtS6uYv
1035,jazz,1056514,C:\Yukawa\Lab\Dataset\MTG-Jamendo-9mapping\9genre_music200_cqt\jazz\1056514\cqt.npy,C:\Yukawa\music-reco-Jamendo-2-public\audio\jazz\1056514\1056514.mp3,1056514.mp3,10,5.0,0,1Kf1TGuflLcOuZvLysQbRYlMr2vSQyPeL
1036,jazz,1057344,C:\Yukawa\Lab\Dataset\MTG-Jamendo-9mapping\9genre_music200_cqt\jazz\1057344\cqt.npy,C:\Yukawa\music-reco-Jamendo-2-public\audio\jazz\1057344\1057344.mp3,1057344.mp3,10,5.0,0,1FNERng5SBH1w_W9mIoOmWrs4_wMlkWen
1037,jazz,1058920,C:\Yukawa\Lab\Dataset\MTG-Jamendo-9mapping\9genre_music200_cqt\jazz\1058920\cqt.npy,C:\Yukawa\music-reco-Jamendo-2-public\audio\jazz\1058920\1058920.mp3,1058920.mp3,10,5.0,0,12zCYUJMgmHapsHITkiz0Zuti1X0_uikB
1038,jazz,1058921,C:\Yukawa\Lab\Dataset\MTG-Jamendo-9mapping\9genre_music200_cqt\jazz\1058921\cqt.npy,C:\Yukawa\music-reco-Jamendo-2-public\audio\jazz\1058921\1058921.mp3,1058921.mp3,10,5.0,0,1JvTb9IippnzKf7zagZ8O3O960ND--gFD
1039,jazz,1058927,C:\Yukawa\Lab\Dataset\MTG-Jamendo-9mapping\9genre_music200_cqt\jazz\1058927\cqt.npy,C:\Yukawa\music-reco-Jamendo-2-public\audio\jazz\1058927\1058927.mp3,1058927.mp3,10,5.0,0,1QmmT1CA_nsZEtpahIoi-jTlDyy5jJpHR
1040,jazz,1067026,C:\Yukawa\Lab\Dataset\MTG-Jamendo-9mapping\9genre_music200_cqt\jazz\1067026\cqt.npy,C:\Yukawa\music-reco-Jamendo-2-public\audio\jazz\1067026\1067026.mp3,1067026.mp3,10,5.0,0,13gF9WTxKdCfLtn-IL1b-pttEC34QsU4T
1041,jazz,1067027,C:\Yukawa\Lab\Dataset\MTG-Jamendo-9mapping\9genre_music200_cqt\jazz\1067027\cqt.npy,C:\Yukawa\music-reco-Jamendo-2-public\audio\jazz\1067027\1067027.mp3,1067027.mp3,10,5.0,0,1CqAjMCQtacyFYeSvQEYW56Ta4__JmZJe
1042,jazz,1067028,C:\Yukawa\Lab\Dataset\MTG-Jamendo-9mapping\9genre_music200_cqt\jazz\1067028\cqt.npy,C:\Yukawa\music-reco-Jamendo-2-public\audio\jazz\1067028\1067028.mp3,1067028.mp3,10,5.0,0,1Sib4EDVXbYbEIFPaN0Gb-Bngphsquw6z
1043,jazz,1067029,C:\Yukawa\Lab\Dataset\MTG-Jamendo-9mapping\9genre_music200_cqt\jazz\1067029\cqt.npy,C:\Yukawa\music-reco-Jamendo-2-public\audio\jazz\1067029\1067029.mp3,1067029.mp3,10,5.0,0,16IG5gAWvW-f45ZYaGLYW9b4NhhmBN0_p
1044,jazz,1067030,C:\Yukawa\Lab\Dataset\MTG-Jamendo-9mapping\9genre_music200_cqt\jazz\1067030\cqt.npy,C:\Yukawa\music-reco-Jamendo-2-public\audio\jazz\1067030\1067030.mp3,1067030.mp3,10,5.0,0,1Ok4re6WikqQkPsE8DUcq0WQ68ceTGzZH
1045,jazz,1067031,C:\Yukawa\Lab\Dataset\MTG-Jamendo-9mapping\9genre_music200_cqt\jazz\1067031\cqt.npy,C:\Yukawa\music-reco-Jamendo-2-public\audio\jazz\1067031\1067031.mp3,1067031.mp3,10,5.0,0,1A7vHIF9llGXHumqtbD5no42hfWDcHPky
1046,jazz,1067032,C:\Yukawa\Lab\Dataset\MTG-Jamendo-9mapping\9genre_music200_cqt\jazz\1067032\cqt.npy,C:\Yukawa\music-reco-Jamendo-2-public\audio\jazz\1067032\1067032.mp3,1067032.mp3,10,5.0,0,1fltUKmzqyXSpBmKmA8BM0I-HEZRtkxi5
1047,jazz,1067033,C:\Yukawa\Lab\Dataset\MTG-Jamendo-9mapping\9genre_music200_cqt\jazz\1067033\cqt.npy,C:\Yukawa\music-reco-Jamendo-2-public\audio\jazz\1067033\1067033.mp3,1067033.mp3,10,5.0,0,1ypCwFYsnugrVCbGm7fQjynox08Ao-jl8
1048,jazz,1067034,C:\Yukawa\Lab\Dataset\MTG-Jamendo-9mapping\9genre_music200_cqt\jazz\1067034\cqt.npy,C:\Yukawa\music-reco-Jamendo-2-public\audio\jazz\1067034\1067034.mp3,1067034.mp3,10,5.0,0,1ftzbWDAIolbEM16hXOJEMW_Rj8B3pLxe
1049,jazz,1067035,C:\Yukawa\Lab\Dataset\MTG-Jamendo-9mapping\9genre_music200_cqt\jazz\1067035\cqt.npy,C:\Yukawa\music-reco-Jamendo-2-public\audio\jazz\1067035\1067035.mp3,1067035.mp3,10,5.0,0,1kYb3ozo3YooJEmYT17P5oIIPaj3qc06i
1050,jazz,1067036,C:\Yukawa\Lab\Dataset\MTG-Jamendo-9mapping\9genre_music200_cqt\jazz\1067036\cqt.npy,C:\Yukawa\music-reco-Jamendo-2-public\audio\jazz\1067036\1067036.mp3,1067036.mp3,10,5.0,0,1Bu3NDmOCnYJuyjjLX6O43a3X5CF01tVi
1051,jazz,1067037,C:\Yukawa\Lab\Dataset\MTG-Jamendo-9mapping\9genre_music200_cqt\jazz\1067037\cqt.npy,C:\Yukawa\music-reco-Jamendo-2-public\audio\jazz\1067037\1067037.mp3,1067037.mp3,10,5.0,0,19wEET2Iw_1iaJZPft45p4CrduXdW5IXM
1052,jazz,1069749,C:\Yukawa\Lab\Dataset\MTG-Jamendo-9mapping\9genre_music200_cqt\jazz\1069749\cqt.npy,C:\Yukawa\music-reco-Jamendo-2-public\audio\jazz\1069749\1069749.mp3,1069749.mp3,10,5.0,0,1ZE-t0BLL0Z2ib254ZfdvtLp0BKsvH0Yn
1053,jazz,1069751,C:\Yukawa\Lab\Dataset\MTG-Jamendo-9mapping\9genre_music200_cqt\jazz\1069751\cqt.npy,C:\Yukawa\music-reco-Jamendo-2-public\audio\jazz\1069751\1069751.mp3,1069751.mp3,10,5.0,0,1cB3XpdDlazpH_3YVNfPXGzCwA6JQ-h5G
1054,jazz,1069765,C:\Yukawa\Lab\Dataset\MTG-Jamendo-9mapping\9genre_music200_cqt\jazz\1069765\cqt.npy,C:\Yukawa\music-reco-Jamendo-2-public\audio\jazz\1069765\1069765.mp3,1069765.mp3,10,5.0,0,1MM7CfJvd9Gw0eq-jP3mDzCewM4L0D9vH
1055,jazz,1069786,C:\Yukawa\Lab\Dataset\MTG-Jamendo-9mapping\9genre_music200_cqt\jazz\1069786\cqt.npy,C:\Yukawa\music-reco-Jamendo-2-public\audio\jazz\1069786\1069786.mp3,1069786.mp3,10,5.0,0,1aWqeAmdDi9Ww6xDuznEMoHWMM_xsismM
1056,jazz,1069787,C:\Yukawa\Lab\Dataset\MTG-Jamendo-9mapping\9genre_music200_cqt\jazz\1069787\cqt.npy,C:\Yukawa\music-reco-Jamendo-2-public\audio\jazz\1069787\1069787.mp3,1069787.mp3,10,5.0,0,1i4h_cZ5HgEni6Eypdq1HDs0rnBnvUHsG
1057,jazz,1069824,C:\Yukawa\Lab\Dataset\MTG-Jamendo-9mapping\9genre_music200_cqt\jazz\1069824\cqt.npy,C:\Yukawa\music-reco-Jamendo-2-public\audio\jazz\1069824\1069824.mp3,1069824.mp3,10,5.0,0,1s2Kp0a34Wb9XQ_8yogKvL4A2RInn5pi7
1058,jazz,1069825,C:\Yukawa\Lab\Dataset\MTG-Jamendo-9mapping\9genre_music200_cqt\jazz\1069825\cqt.npy,C:\Yukawa\music-reco-Jamendo-2-public\audio\jazz\1069825\1069825.mp3,1069825.mp3,10,5.0,0,1_n6LXoAJxHJ09oCsFNxAPLkSpjmb1eBW
1059,jazz,1069871,C:\Yukawa\Lab\Dataset\MTG-Jamendo-9mapping\9genre_music200_cqt\jazz\1069871\cqt.npy,C:\Yukawa\music-reco-Jamendo-2-public\audio\jazz\1069871\1069871.mp3,1069871.mp3,10,5.0,0,1qrotlHiaaKMkigEEuWPl_YsRRPQvqx1h
1060,jazz,1069872,C:\Yukawa\Lab\Dataset\MTG-Jamendo-9mapping\9genre_music200_cqt\jazz\1069872\cqt.npy,C:\Yukawa\music-reco-Jamendo-2-public\audio\jazz\1069872\1069872.mp3,1069872.mp3,10,5.0,0,19Hn3Nf32DMzIIin7jRs2v982L9VufNkV
1061,jazz,1071168,C:\Yukawa\Lab\Dataset\MTG-Jamendo-9mapping\9genre_music200_cqt\jazz\1071168\cqt.npy,C:\Yukawa\music-reco-Jamendo-2-public\audio\jazz\1071168\1071168.mp3,1071168.mp3,10,5.0,0,1UKLenAnl8-_uUD6SQk2bN6ndhvtx2TnE
1062,jazz,1071285,C:\Yukawa\Lab\Dataset\MTG-Jamendo-9mapping\9genre_music200_cqt\jazz\1071285\cqt.npy,C:\Yukawa\music-reco-Jamendo-2-public\audio\jazz\1071285\1071285.mp3,1071285.mp3,10,5.0,0,1fbIlIPRHRMdH5tWMVE17Gpn2DkihMxir
1063,jazz,1071299,C:\Yukawa\Lab\Dataset\MTG-Jamendo-9mapping\9genre_music200_cqt\jazz\1071299\cqt.npy,C:\Yukawa\music-reco-Jamendo-2-public\audio\jazz\1071299\1071299.mp3,1071299.mp3,10,5.0,0,1tPm8wGw_vJzNm9uYmkE4XBlKgGi34vwC
1064,jazz,1071413,C:\Yukawa\Lab\Dataset\MTG-Jamendo-9mapping\9genre_music200_cqt\jazz\1071413\cqt.npy,C:\Yukawa\music-reco-Jamendo-2-public\audio\jazz\1071413\1071413.mp3,1071413.mp3,10,5.0,0,1epSFsJiIjw8Q8z8Gemc0XdW_4lA7SQTP
1065,jazz,1071434,C:\Yukawa\Lab\Dataset\MTG-Jamendo-9mapping\9genre_music200_cqt\jazz\1071434\cqt.npy,C:\Yukawa\music-reco-Jamendo-2-public\audio\jazz\1071434\1071434.mp3,1071434.mp3,10,5.0,0,1lE6uPMiWDiTEJGcuZKGW326u_AaOjRpm
1066,jazz,1077050,C:\Yukawa\Lab\Dataset\MTG-Jamendo-9mapping\9genre_music200_cqt\jazz\1077050\cqt.npy,C:\Yukawa\music-reco-Jamendo-2-public\audio\jazz\1077050\1077050.mp3,1077050.mp3,10,5.0,0,1FJDPYN-o9WHQvA_tzPHFX6QrDnwUeABr
1067,jazz,1080545,C:\Yukawa\Lab\Dataset\MTG-Jamendo-9mapping\9genre_music200_cqt\jazz\1080545\cqt.npy,C:\Yukawa\music-reco-Jamendo-2-public\audio\jazz\1080545\1080545.mp3,1080545.mp3,10,5.0,0,1bXyq8OieNTyUCz7MlqfrQufj6juu5By4
1068,jazz,1083510,C:\Yukawa\Lab\Dataset\MTG-Jamendo-9mapping\9genre_music200_cqt\jazz\1083510\cqt.npy,C:\Yukawa\music-reco-Jamendo-2-public\audio\jazz\1083510\1083510.mp3,1083510.mp3,10,5.0,0,1Kj831iqmSYikzllMBGNe5JQeJcW_HqYx
1069,jazz,1083511,C:\Yukawa\Lab\Dataset\MTG-Jamendo-9mapping\9genre_music200_cqt\jazz\1083511\cqt.npy,C:\Yukawa\music-reco-Jamendo-2-public\audio\jazz\1083511\1083511.mp3,1083511.mp3,10,5.0,0,1Lf9qLOxsB6sTgovjiFbWJqO24fxIgqvR
1070,jazz,1083512,C:\Yukawa\Lab\Dataset\MTG-Jamendo-9mapping\9genre_music200_cqt\jazz\1083512\cqt.npy,C:\Yukawa\music-reco-Jamendo-2-public\audio\jazz\1083512\1083512.mp3,1083512.mp3,10,5.0,0,19eDOtAR6J3UI3k_GX_8WR4K0mjjcvcTt
1071,jazz,1083513,C:\Yukawa\Lab\Dataset\MTG-Jamendo-9mapping\9genre_music200_cqt\jazz\1083513\cqt.npy,C:\Yukawa\music-reco-Jamendo-2-public\audio\jazz\1083513\1083513.mp3,1083513.mp3,10,5.0,0,1cHuWJ65XGg4nfRjVKlpJnFcFSokJH92P
1072,jazz,1083514,C:\Yukawa\Lab\Dataset\MTG-Jamendo-9mapping\9genre_music200_cqt\jazz\1083514\cqt.npy,C:\Yukawa\music-reco-Jamendo-2-public\audio\jazz\1083514\1083514.mp3,1083514.mp3,10,5.0,0,1P50pqgkRo0SbzB1B5gdtbUMLeR26i8vV
1073,jazz,1083515,C:\Yukawa\Lab\Dataset\MTG-Jamendo-9mapping\9genre_music200_cqt\jazz\1083515\cqt.npy,C:\Yukawa\music-reco-Jamendo-2-public\audio\jazz\1083515\1083515.mp3,1083515.mp3,10,5.0,0,1NCsM9MaOp34as09hLBuqEADn2nqdjNQc
1074,jazz,1083516,C:\Yukawa\Lab\Dataset\MTG-Jamendo-9mapping\9genre_music200_cqt\jazz\1083516\cqt.npy,C:\Yukawa\music-reco-Jamendo-2-public\audio\jazz\1083516\1083516.mp3,1083516.mp3,10,5.0,0,1nGLsYVf8GtYUiu9Jm08ARsJ0tj5vBU-b
1075,jazz,1083517,C:\Yukawa\Lab\Dataset\MTG-Jamendo-9mapping\9genre_music200_cqt\jazz\1083517\cqt.npy,C:\Yukawa\music-reco-Jamendo-2-public\audio\jazz\1083517\1083517.mp3,1083517.mp3,10,5.0,0,1_Ig6DHOoljuIwghJL18nS5BqiXArtqn6
1076,jazz,1083519,C:\Yukawa\Lab\Dataset\MTG-Jamendo-9mapping\9genre_music200_cqt\jazz\1083519\cqt.npy,C:\Yukawa\music-reco-Jamendo-2-public\audio\jazz\1083519\1083519.mp3,1083519.mp3,10,5.0,0,1_fpHJXLnSj1uMwkSG-CrvEn2xC48Vn55
1077,jazz,1084365,C:\Yukawa\Lab\Dataset\MTG-Jamendo-9mapping\9genre_music200_cqt\jazz\1084365\cqt.npy,C:\Yukawa\music-reco-Jamendo-2-public\audio\jazz\1084365\1084365.mp3,1084365.mp3,10,5.0,0,11kwasBFMLebg8_IRXrO_eRL7Dsi0k3sF
1078,jazz,1084381,C:\Yukawa\Lab\Dataset\MTG-Jamendo-9mapping\9genre_music200_cqt\jazz\1084381\cqt.npy,C:\Yukawa\music-reco-Jamendo-2-public\audio\jazz\1084381\1084381.mp3,1084381.mp3,10,5.0,0,1zVHzGD8Bt0SLbI6_wzIcpacoP7hKfkvg
1079,jazz,1084385,C:\Yukawa\Lab\Dataset\MTG-Jamendo-9mapping\9genre_music200_cqt\jazz\1084385\cqt.npy,C:\Yukawa\music-reco-Jamendo-2-public\audio\jazz\1084385\1084385.mp3,1084385.mp3,10,5.0,0,1KvB4823mkA8fKRCMrP3U1uJYgSgiAkW9
1080,jazz,1085699,C:\Yukawa\Lab\Dataset\MTG-Jamendo-9mapping\9genre_music200_cqt\jazz\1085699\cqt.npy,C:\Yukawa\music-reco-Jamendo-2-public\audio\jazz\1085699\1085699.mp3,1085699.mp3,10,5.0,0,1eASBwJatJn-kjJIrt1-lrjiZH7XOx_nK
1081,jazz,1086258,C:\Yukawa\Lab\Dataset\MTG-Jamendo-9mapping\9genre_music200_cqt\jazz\1086258\cqt.npy,C:\Yukawa\music-reco-Jamendo-2-public\audio\jazz\1086258\1086258.mp3,1086258.mp3,10,5.0,0,1yieRPUux5lERsbPTCUjgbiEtysi7SQxC
1082,jazz,1086259,C:\Yukawa\Lab\Dataset\MTG-Jamendo-9mapping\9genre_music200_cqt\jazz\1086259\cqt.npy,C:\Yukawa\music-reco-Jamendo-2-public\audio\jazz\1086259\1086259.mp3,1086259.mp3,10,5.0,0,1tgZbuxYbUCXGz_qkVKB2apl3UJ0zl9wM
1083,jazz,1086271,C:\Yukawa\Lab\Dataset\MTG-Jamendo-9mapping\9genre_music200_cqt\jazz\1086271\cqt.npy,C:\Yukawa\music-reco-Jamendo-2-public\audio\jazz\1086271\1086271.mp3,1086271.mp3,10,5.0,0,1CBASQf-gQ2hrTM4IGvuO2eaql4fjfAaF
1084,jazz,1086273,C:\Yukawa\Lab\Dataset\MTG-Jamendo-9mapping\9genre_music200_cqt\jazz\1086273\cqt.npy,C:\Yukawa\music-reco-Jamendo-2-public\audio\jazz\1086273\1086273.mp3,1086273.mp3,10,5.0,0,1_WAToxsgzxSPyxQN3SlR2ObSHkYjB4sJ
1085,jazz,1086283,C:\Yukawa\Lab\Dataset\MTG-Jamendo-9mapping\9genre_music200_cqt\jazz\1086283\cqt.npy,C:\Yukawa\music-reco-Jamendo-2-public\audio\jazz\1086283\1086283.mp3,1086283.mp3,10,5.0,0,17qK6pvKSUBHYGMcNEw2paq23CP_nSL2L
1086,jazz,1086297,C:\Yukawa\Lab\Dataset\MTG-Jamendo-9mapping\9genre_music200_cqt\jazz\1086297\cqt.npy,C:\Yukawa\music-reco-Jamendo-2-public\audio\jazz\1086297\1086297.mp3,1086297.mp3,10,5.0,0,1rf_5FlhjSmBPc0ATrwZjvjAU8tRIf6p6
1087,jazz,1086347,C:\Yukawa\Lab\Dataset\MTG-Jamendo-9mapping\9genre_music200_cqt\jazz\1086347\cqt.npy,C:\Yukawa\music-reco-Jamendo-2-public\audio\jazz\1086347\1086347.mp3,1086347.mp3,10,5.0,0,1i7amNHx5OszG8gqJogxyP7M0TDkxCFCd
1088,jazz,1087729,C:\Yukawa\Lab\Dataset\MTG-Jamendo-9mapping\9genre_music200_cqt\jazz\1087729\cqt.npy,C:\Yukawa\music-reco-Jamendo-2-public\audio\jazz\1087729\1087729.mp3,1087729.mp3,10,5.0,0,1Ei3gVp4UECpQoPCEuILXO35KZTh955QU
1089,jazz,1087746,C:\Yukawa\Lab\Dataset\MTG-Jamendo-9mapping\9genre_music200_cqt\jazz\1087746\cqt.npy,C:\Yukawa\music-reco-Jamendo-2-public\audio\jazz\1087746\1087746.mp3,1087746.mp3,10,5.0,0,1qmGvAqIh5l7MKF76UWRP2kjfItPmI11l
1090,jazz,1087755,C:\Yukawa\Lab\Dataset\MTG-Jamendo-9mapping\9genre_music200_cqt\jazz\1087755\cqt.npy,C:\Yukawa\music-reco-Jamendo-2-public\audio\jazz\1087755\1087755.mp3,1087755.mp3,10,5.0,0,1OxsRNYKjoq3babuYOaKVHIfnwMFW-VO1
1091,jazz,1087768,C:\Yukawa\Lab\Dataset\MTG-Jamendo-9mapping\9genre_music200_cqt\jazz\1087768\cqt.npy,C:\Yukawa\music-reco-Jamendo-2-public\audio\jazz\1087768\1087768.mp3,1087768.mp3,10,5.0,0,1RFLdkJHjP8iOwGHaGCJnw2KZcN5KfY3_
1092,jazz,1087769,C:\Yukawa\Lab\Dataset\MTG-Jamendo-9mapping\9genre_music200_cqt\jazz\1087769\cqt.npy,C:\Yukawa\music-reco-Jamendo-2-public\audio\jazz\1087769\1087769.mp3,1087769.mp3,10,5.0,0,1_Nc4LAcKiytfEjIwjj5DUNdUobCjMUjm
1093,jazz,1087792,C:\Yukawa\Lab\Dataset\MTG-Jamendo-9mapping\9genre_music200_cqt\jazz\1087792\cqt.npy,C:\Yukawa\music-reco-Jamendo-2-public\audio\jazz\1087792\1087792.mp3,1087792.mp3,10,5.0,0,1Sy2N0MiG9WCjg1XK0tDIBp7t4qmAntcB
1094,jazz,1087795,C:\Yukawa\Lab\Dataset\MTG-Jamendo-9mapping\9genre_music200_cqt\jazz\1087795\cqt.npy,C:\Yukawa\music-reco-Jamendo-2-public\audio\jazz\1087795\1087795.mp3,1087795.mp3,10,5.0,0,1nFUuoZ5uVWzj6ju93Q0Sopn0QUHVcXus
1095,jazz,1088078,C:\Yukawa\Lab\Dataset\MTG-Jamendo-9mapping\9genre_music200_cqt\jazz\1088078\cqt.npy,C:\Yukawa\music-reco-Jamendo-2-public\audio\jazz\1088078\1088078.mp3,1088078.mp3,10,5.0,0,1WYdVCIcE61uxaZTpSvowRl0ITJA6-pvT
1096,jazz,1088079,C:\Yukawa\Lab\Dataset\MTG-Jamendo-9mapping\9genre_music200_cqt\jazz\1088079\cqt.npy,C:\Yukawa\music-reco-Jamendo-2-public\audio\jazz\1088079\1088079.mp3,1088079.mp3,10,5.0,0,15Vh_CIczW6Z5nMkNu2IsJmZ_KLVO43Tz
1097,jazz,1088089,C:\Yukawa\Lab\Dataset\MTG-Jamendo-9mapping\9genre_music200_cqt\jazz\1088089\cqt.npy,C:\Yukawa\music-reco-Jamendo-2-public\audio\jazz\1088089\1088089.mp3,1088089.mp3,10,5.0,0,1M-5nK5nlsHYL1GpM0W3VQXgK6_q2K7up
1098,jazz,1088134,C:\Yukawa\Lab\Dataset\MTG-Jamendo-9mapping\9genre_music200_cqt\jazz\1088134\cqt.npy,C:\Yukawa\music-reco-Jamendo-2-public\audio\jazz\1088134\1088134.mp3,1088134.mp3,10,5.0,0,16ftbkUWg1xy7rGyOEKZSXjtklgfmM1Va
1099,jazz,1088148,C:\Yukawa\Lab\Dataset\MTG-Jamendo-9mapping\9genre_music200_cqt\jazz\1088148\cqt.npy,C:\Yukawa\music-reco-Jamendo-2-public\audio\jazz\1088148\1088148.mp3,1088148.mp3,10,5.0,0,1Fm79RJasrRSIneoX_qA3rqAM-jREosCT
1100,jazz,1089145,C:\Yukawa\Lab\Dataset\MTG-Jamendo-9mapping\9genre_music200_cqt\jazz\1089145\cqt.npy,C:\Yukawa\music-reco-Jamendo-2-public\audio\jazz\1089145\1089145.mp3,1089145.mp3,10,5.0,0,1bCYLN-7J-7vn3vBxG4jmGQjej_sV6o1K
1101,jazz,1089159,C:\Yukawa\Lab\Dataset\MTG-Jamendo-9mapping\9genre_music200_cqt\jazz\1089159\cqt.npy,C:\Yukawa\music-reco-Jamendo-2-public\audio\jazz\1089159\1089159.mp3,1089159.mp3,10,5.0,0,1irjffJbnHvOPBNw71__Rik2nlyyYP6ol
1102,jazz,1089165,C:\Yukawa\Lab\Dataset\MTG-Jamendo-9mapping\9genre_music200_cqt\jazz\1089165\cqt.npy,C:\Yukawa\music-reco-Jamendo-2-public\audio\jazz\1089165\1089165.mp3,1089165.mp3,10,5.0,0,1PBcsW4kKp0dZXjHkOht922IDKY-_kYUP
1103,jazz,1089166,C:\Yukawa\Lab\Dataset\MTG-Jamendo-9mapping\9genre_music200_cqt\jazz\1089166\cqt.npy,C:\Yukawa\music-reco-Jamendo-2-public\audio\jazz\1089166\1089166.mp3,1089166.mp3,10,5.0,0,1frEk5ECmmDICeaBPb3KY2blpnrSCc0dl
1104,jazz,1089191,C:\Yukawa\Lab\Dataset\MTG-Jamendo-9mapping\9genre_music200_cqt\jazz\1089191\cqt.npy,C:\Yukawa\music-reco-Jamendo-2-public\audio\jazz\1089191\1089191.mp3,1089191.mp3,10,5.0,0,1cMavoXnmptCVd1nMLNsVMxQtjBWQzaYQ
1105,jazz,1089211,C:\Yukawa\Lab\Dataset\MTG-Jamendo-9mapping\9genre_music200_cqt\jazz\1089211\cqt.npy,C:\Yukawa\music-reco-Jamendo-2-public\audio\jazz\1089211\1089211.mp3,1089211.mp3,10,5.0,0,1JAdupIHWzi6y77BhlIPAACn79wMmNdn9
1106,jazz,1089222,C:\Yukawa\Lab\Dataset\MTG-Jamendo-9mapping\9genre_music200_cqt\jazz\1089222\cqt.npy,C:\Yukawa\music-reco-Jamendo-2-public\audio\jazz\1089222\1089222.mp3,1089222.mp3,10,5.0,0,1S-t33kjJEn5YXTcYlIKUB7Nlo7eCOubH
1107,jazz,1089239,C:\Yukawa\Lab\Dataset\MTG-Jamendo-9mapping\9genre_music200_cqt\jazz\1089239\cqt.npy,C:\Yukawa\music-reco-Jamendo-2-public\audio\jazz\1089239\1089239.mp3,1089239.mp3,10,5.0,0,1F3OAFRBpWzSyKqGxgpI-QxpoJRPqHjgU
1108,jazz,1089257,C:\Yukawa\Lab\Dataset\MTG-Jamendo-9mapping\9genre_music200_cqt\jazz\1089257\cqt.npy,C:\Yukawa\music-reco-Jamendo-2-public\audio\jazz\1089257\1089257.mp3,1089257.mp3,10,5.0,0,1C1jOcBNiYJh5YEVfijqXqb4WzPEMOeCC
1109,jazz,1089262,C:\Yukawa\Lab\Dataset\MTG-Jamendo-9mapping\9genre_music200_cqt\jazz\1089262\cqt.npy,C:\Yukawa\music-reco-Jamendo-2-public\audio\jazz\1089262\1089262.mp3,1089262.mp3,10,5.0,0,1fX0xNLxoxTXmPYUox-DbjXpIj2WSDhNE
1110,jazz,1089277,C:\Yukawa\Lab\Dataset\MTG-Jamendo-9mapping\9genre_music200_cqt\jazz\1089277\cqt.npy,C:\Yukawa\music-reco-Jamendo-2-public\audio\jazz\1089277\1089277.mp3,1089277.mp3,10,5.0,0,1qRQUhO38dG9yqU24YtYp_VKAztNhAqwD
1111,jazz,1090923,C:\Yukawa\Lab\Dataset\MTG-Jamendo-9mapping\9genre_music200_cqt\jazz\1090923\cqt.npy,C:\Yukawa\music-reco-Jamendo-2-public\audio\jazz\1090923\1090923.mp3,1090923.mp3,10,5.0,0,1-C_4afS8cQgdHI25DsuWREG2l0oWiaHT
1112,jazz,1094166,C:\Yukawa\Lab\Dataset\MTG-Jamendo-9mapping\9genre_music200_cqt\jazz\1094166\cqt.npy,C:\Yukawa\music-reco-Jamendo-2-public\audio\jazz\1094166\1094166.mp3,1094166.mp3,10,5.0,0,1m7QoXHrknlf8sK3uYStujLOiELS-j-BK
1113,jazz,1094954,C:\Yukawa\Lab\Dataset\MTG-Jamendo-9mapping\9genre_music200_cqt\jazz\1094954\cqt.npy,C:\Yukawa\music-reco-Jamendo-2-public\audio\jazz\1094954\1094954.mp3,1094954.mp3,10,5.0,0,1ZUBIOR2MIH6I_1TmdBdQv1wV8vdTYIB9
1114,jazz,1096859,C:\Yukawa\Lab\Dataset\MTG-Jamendo-9mapping\9genre_music200_cqt\jazz\1096859\cqt.npy,C:\Yukawa\music-reco-Jamendo-2-public\audio\jazz\1096859\1096859.mp3,1096859.mp3,10,5.0,0,1yRz52QXb2jh75tBuaPgkw_odbk3zmMyW
1115,jazz,1096877,C:\Yukawa\Lab\Dataset\MTG-Jamendo-9mapping\9genre_music200_cqt\jazz\1096877\cqt.npy,C:\Yukawa\music-reco-Jamendo-2-public\audio\jazz\1096877\1096877.mp3,1096877.mp3,10,5.0,0,1A-fML5tr6jGWtIN_FNPF3ULG9unmZnRQ
1116,jazz,1096887,C:\Yukawa\Lab\Dataset\MTG-Jamendo-9mapping\9genre_music200_cqt\jazz\1096887\cqt.npy,C:\Yukawa\music-reco-Jamendo-2-public\audio\jazz\1096887\1096887.mp3,1096887.mp3,10,5.0,0,1LZplsLHnkzJDj9gj3EHqHQdei4j5GfxZ
1117,jazz,1096932,C:\Yukawa\Lab\Dataset\MTG-Jamendo-9mapping\9genre_music200_cqt\jazz\1096932\cqt.npy,C:\Yukawa\music-reco-Jamendo-2-public\audio\jazz\1096932\1096932.mp3,1096932.mp3,10,5.0,0,1YDpplgamf5qohJm1ihhBM89hg8bppwRZ
1118,jazz,1096934,C:\Yukawa\Lab\Dataset\MTG-Jamendo-9mapping\9genre_music200_cqt\jazz\1096934\cqt.npy,C:\Yukawa\music-reco-Jamendo-2-public\audio\jazz\1096934\1096934.mp3,1096934.mp3,10,5.0,0,1figO1RcU3P03YpRFdjRQEWiBm9EioLkk
1119,jazz,1096936,C:\Yukawa\Lab\Dataset\MTG-Jamendo-9mapping\9genre_music200_cqt\jazz\1096936\cqt.npy,C:\Yukawa\music-reco-Jamendo-2-public\audio\jazz\1096936\1096936.mp3,1096936.mp3,10,5.0,0,1qikufhR8ShOJuY-VWxk0Ei81Zu0WqE19
1120,jazz,1096937,C:\Yukawa\Lab\Dataset\MTG-Jamendo-9mapping\9genre_music200_cqt\jazz\1096937\cqt.npy,C:\Yukawa\music-reco-Jamendo-2-public\audio\jazz\1096937\1096937.mp3,1096937.mp3,10,5.0,0,1doBDzXNvRcCNAgorEaKcbJpgQxpkunWp
1121,jazz,1096951,C:\Yukawa\Lab\Dataset\MTG-Jamendo-9mapping\9genre_music200_cqt\jazz\1096951\cqt.npy,C:\Yukawa\music-reco-Jamendo-2-public\audio\jazz\1096951\1096951.mp3,1096951.mp3,10,5.0,0,1fzvD86oJmJBnZXnZsabmii91Cy7F-oNF
1122,jazz,1096957,C:\Yukawa\Lab\Dataset\MTG-Jamendo-9mapping\9genre_music200_cqt\jazz\1096957\cqt.npy,C:\Yukawa\music-reco-Jamendo-2-public\audio\jazz\1096957\1096957.mp3,1096957.mp3,10,5.0,0,1bU685igIK-IHqUayTziZKKXr7FnKGYmJ
1123,jazz,1097025,C:\Yukawa\Lab\Dataset\MTG-Jamendo-9mapping\9genre_music200_cqt\jazz\1097025\cqt.npy,C:\Yukawa\music-reco-Jamendo-2-public\audio\jazz\1097025\1097025.mp3,1097025.mp3,10,5.0,0,1lq9_Cxogk6-qSjgkMlmanKWx8xM1QPrc
1124,jazz,1097027,C:\Yukawa\Lab\Dataset\MTG-Jamendo-9mapping\9genre_music200_cqt\jazz\1097027\cqt.npy,C:\Yukawa\music-reco-Jamendo-2-public\audio\jazz\1097027\1097027.mp3,1097027.mp3,10,5.0,0,1tK3yg33HrxSVBO31IbeB1v_guXo7C-BQ
1125,jazz,1097029,C:\Yukawa\Lab\Dataset\MTG-Jamendo-9mapping\9genre_music200_cqt\jazz\1097029\cqt.npy,C:\Yukawa\music-reco-Jamendo-2-public\audio\jazz\1097029\1097029.mp3,1097029.mp3,10,5.0,0,1V45kqjm6SgOWlRX5LFhcsv9eJZOePxn1
1126,jazz,1098378,C:\Yukawa\Lab\Dataset\MTG-Jamendo-9mapping\9genre_music200_cqt\jazz\1098378\cqt.npy,C:\Yukawa\music-reco-Jamendo-2-public\audio\jazz\1098378\1098378.mp3,1098378.mp3,10,5.0,0,1AWOLQ2p_DSvBnyIn5DVPWAnw1QkV7EWQ
1127,jazz,1098411,C:\Yukawa\Lab\Dataset\MTG-Jamendo-9mapping\9genre_music200_cqt\jazz\1098411\cqt.npy,C:\Yukawa\music-reco-Jamendo-2-public\audio\jazz\1098411\1098411.mp3,1098411.mp3,10,5.0,0,1Zzs8hLWlra9Hsh6ao82Pi2EhHBI-6e5N
1128,jazz,1098412,C:\Yukawa\Lab\Dataset\MTG-Jamendo-9mapping\9genre_music200_cqt\jazz\1098412\cqt.npy,C:\Yukawa\music-reco-Jamendo-2-public\audio\jazz\1098412\1098412.mp3,1098412.mp3,10,5.0,0,1pMtea43Otm_Qw7CE4nBjZlHBEHSf93tt
1129,jazz,1098423,C:\Yukawa\Lab\Dataset\MTG-Jamendo-9mapping\9genre_music200_cqt\jazz\1098423\cqt.npy,C:\Yukawa\music-reco-Jamendo-2-public\audio\jazz\1098423\1098423.mp3,1098423.mp3,10,5.0,0,1iJ56LQG4iI_WRYrZEJsVesl0NLxnGyC9
1130,jazz,1098429,C:\Yukawa\Lab\Dataset\MTG-Jamendo-9mapping\9genre_music200_cqt\jazz\1098429\cqt.npy,C:\Yukawa\music-reco-Jamendo-2-public\audio\jazz\1098429\1098429.mp3,1098429.mp3,10,5.0,0,1mtLxhM1wWNVddv2ezUpYgbgDSQzZ5QkB
1131,jazz,1098471,C:\Yukawa\Lab\Dataset\MTG-Jamendo-9mapping\9genre_music200_cqt\jazz\1098471\cqt.npy,C:\Yukawa\music-reco-Jamendo-2-public\audio\jazz\1098471\1098471.mp3,1098471.mp3,10,5.0,0,1g-VyLVW7ZbZdy3ssP42hafovnHwdEdE4
1132,jazz,1098484,C:\Yukawa\Lab\Dataset\MTG-Jamendo-9mapping\9genre_music200_cqt\jazz\1098484\cqt.npy,C:\Yukawa\music-reco-Jamendo-2-public\audio\jazz\1098484\1098484.mp3,1098484.mp3,10,5.0,0,18RZAsNNCNjsnFRekLVmzTlu-X3DNGyFU
1133,jazz,1098511,C:\Yukawa\Lab\Dataset\MTG-Jamendo-9mapping\9genre_music200_cqt\jazz\1098511\cqt.npy,C:\Yukawa\music-reco-Jamendo-2-public\audio\jazz\1098511\1098511.mp3,1098511.mp3,10,5.0,0,1xPAHGBAdwEM6V9q-t1yUQf7YRqr0ViUR
1134,jazz,1098747,C:\Yukawa\Lab\Dataset\MTG-Jamendo-9mapping\9genre_music200_cqt\jazz\1098747\cqt.npy,C:\Yukawa\music-reco-Jamendo-2-public\audio\jazz\1098747\1098747.mp3,1098747.mp3,10,5.0,0,1pSzy_N_NuP6yWENizwj_bg4w8BZAyL5v
1135,jazz,1098750,C:\Yukawa\Lab\Dataset\MTG-Jamendo-9mapping\9genre_music200_cqt\jazz\1098750\cqt.npy,C:\Yukawa\music-reco-Jamendo-2-public\audio\jazz\1098750\1098750.mp3,1098750.mp3,10,5.0,0,1ZaBTDi2tFtn4CxXN4Jwya7ZoiSIVciQy
1136,jazz,1102224,C:\Yukawa\Lab\Dataset\MTG-Jamendo-9mapping\9genre_music200_cqt\jazz\1102224\cqt.npy,C:\Yukawa\music-reco-Jamendo-2-public\audio\jazz\1102224\1102224.mp3,1102224.mp3,10,5.0,0,1pwAk7vQpDfGHr1fVs7HCoI4De-kfp9g6
1137,jazz,1102225,C:\Yukawa\Lab\Dataset\MTG-Jamendo-9mapping\9genre_music200_cqt\jazz\1102225\cqt.npy,C:\Yukawa\music-reco-Jamendo-2-public\audio\jazz\1102225\1102225.mp3,1102225.mp3,10,5.0,0,1oN1Bni9YsG0LgcwTF9b84U4LHUeQ9Lib
1138,jazz,1102226,C:\Yukawa\Lab\Dataset\MTG-Jamendo-9mapping\9genre_music200_cqt\jazz\1102226\cqt.npy,C:\Yukawa\music-reco-Jamendo-2-public\audio\jazz\1102226\1102226.mp3,1102226.mp3,10,5.0,0,1MqFiYE2UaDFpiKpUKED1SRoJIk1VzdyS
1139,jazz,1102227,C:\Yukawa\Lab\Dataset\MTG-Jamendo-9mapping\9genre_music200_cqt\jazz\1102227\cqt.npy,C:\Yukawa\music-reco-Jamendo-2-public\audio\jazz\1102227\1102227.mp3,1102227.mp3,10,5.0,0,1FhnJl1PR6ssJQD4VejhaqSXyz679DG7k
1140,jazz,1102228,C:\Yukawa\Lab\Dataset\MTG-Jamendo-9mapping\9genre_music200_cqt\jazz\1102228\cqt.npy,C:\Yukawa\music-reco-Jamendo-2-public\audio\jazz\1102228\1102228.mp3,1102228.mp3,10,5.0,0,1-IKoeNZt6bP3ROAMoO993IQDKg4JTEC4
1141,jazz,1102229,C:\Yukawa\Lab\Dataset\MTG-Jamendo-9mapping\9genre_music200_cqt\jazz\1102229\cqt.npy,C:\Yukawa\music-reco-Jamendo-2-public\audio\jazz\1102229\1102229.mp3,1102229.mp3,10,5.0,0,1Qm_FRvh65yWTP65d73uxXGTbNF6Q6CsR
1142,jazz,1102230,C:\Yukawa\Lab\Dataset\MTG-Jamendo-9mapping\9genre_music200_cqt\jazz\1102230\cqt.npy,C:\Yukawa\music-reco-Jamendo-2-public\audio\jazz\1102230\1102230.mp3,1102230.mp3,10,5.0,0,1lZoJBm-gMhcwtSWStRVfwgzWVKe1JWAw
1143,jazz,1102231,C:\Yukawa\Lab\Dataset\MTG-Jamendo-9mapping\9genre_music200_cqt\jazz\1102231\cqt.npy,C:\Yukawa\music-reco-Jamendo-2-public\audio\jazz\1102231\1102231.mp3,1102231.mp3,10,5.0,0,157E0vQxWI9qdNy91JHUqAD2PgLc548QG
1144,jazz,1102232,C:\Yukawa\Lab\Dataset\MTG-Jamendo-9mapping\9genre_music200_cqt\jazz\1102232\cqt.npy,C:\Yukawa\music-reco-Jamendo-2-public\audio\jazz\1102232\1102232.mp3,1102232.mp3,10,5.0,0,1kxNXLFpc25WIJWvLZD7lo8ZCn6lNX0Qj
1145,jazz,1102233,C:\Yukawa\Lab\Dataset\MTG-Jamendo-9mapping\9genre_music200_cqt\jazz\1102233\cqt.npy,C:\Yukawa\music-reco-Jamendo-2-public\audio\jazz\1102233\1102233.mp3,1102233.mp3,10,5.0,0,1KTpIZnzLYlqC-xB6dY5EVCMlsLhLedbR
1146,jazz,1115399,C:\Yukawa\Lab\Dataset\MTG-Jamendo-9mapping\9genre_music200_cqt\jazz\1115399\cqt.npy,C:\Yukawa\music-reco-Jamendo-2-public\audio\jazz\1115399\1115399.mp3,1115399.mp3,10,5.0,0,1aigtgY0OL7ijplOd7Hoktg7p6IYqNee4
1147,jazz,1116425,C:\Yukawa\Lab\Dataset\MTG-Jamendo-9mapping\9genre_music200_cqt\jazz\1116425\cqt.npy,C:\Yukawa\music-reco-Jamendo-2-public\audio\jazz\1116425\1116425.mp3,1116425.mp3,10,5.0,0,1agSAqzLjm7lzNlqmWzyh_Toj5RPnTaHt
1148,jazz,1117572,C:\Yukawa\Lab\Dataset\MTG-Jamendo-9mapping\9genre_music200_cqt\jazz\1117572\cqt.npy,C:\Yukawa\music-reco-Jamendo-2-public\audio\jazz\1117572\1117572.mp3,1117572.mp3,10,5.0,0,1d7ToO7QnvPVTYXh0HiLrrbkbGn5oHnbl
1149,jazz,1117577,C:\Yukawa\Lab\Dataset\MTG-Jamendo-9mapping\9genre_music200_cqt\jazz\1117577\cqt.npy,C:\Yukawa\music-reco-Jamendo-2-public\audio\jazz\1117577\1117577.mp3,1117577.mp3,10,5.0,0,1xmhzSGrzD4GenkOw4X68Pvlrfb-W2hLx
1150,jazz,1119590,C:\Yukawa\Lab\Dataset\MTG-Jamendo-9mapping\9genre_music200_cqt\jazz\1119590\cqt.npy,C:\Yukawa\music-reco-Jamendo-2-public\audio\jazz\1119590\1119590.mp3,1119590.mp3,10,5.0,0,1yuphQKG-baI6yRAI4K0OJTn5VUxfT9tp
1151,jazz,1121562,C:\Yukawa\Lab\Dataset\MTG-Jamendo-9mapping\9genre_music200_cqt\jazz\1121562\cqt.npy,C:\Yukawa\music-reco-Jamendo-2-public\audio\jazz\1121562\1121562.mp3,1121562.mp3,10,5.0,0,1ieZ-YquBjMoCBvV0GqwBUsNcx9b_FYRr
1152,jazz,1121891,C:\Yukawa\Lab\Dataset\MTG-Jamendo-9mapping\9genre_music200_cqt\jazz\1121891\cqt.npy,C:\Yukawa\music-reco-Jamendo-2-public\audio\jazz\1121891\1121891.mp3,1121891.mp3,10,5.0,0,13foXH5l9nrWAOuZwKdhQ8-JlJjj-ZA8L
1153,jazz,1121894,C:\Yukawa\Lab\Dataset\MTG-Jamendo-9mapping\9genre_music200_cqt\jazz\1121894\cqt.npy,C:\Yukawa\music-reco-Jamendo-2-public\audio\jazz\1121894\1121894.mp3,1121894.mp3,10,5.0,0,157xky371OPltfQmBSqQjLTRJodHPYooG
1154,jazz,1122913,C:\Yukawa\Lab\Dataset\MTG-Jamendo-9mapping\9genre_music200_cqt\jazz\1122913\cqt.npy,C:\Yukawa\music-reco-Jamendo-2-public\audio\jazz\1122913\1122913.mp3,1122913.mp3,10,5.0,0,1MSmd_g3qAnogmZkTmjZEL5eDtZ9ISYt2
1155,jazz,1122915,C:\Yukawa\Lab\Dataset\MTG-Jamendo-9mapping\9genre_music200_cqt\jazz\1122915\cqt.npy,C:\Yukawa\music-reco-Jamendo-2-public\audio\jazz\1122915\1122915.mp3,1122915.mp3,10,5.0,0,1fWH_YvIPzmaO7ObXZDAWpq2cONwEk-p8
1156,jazz,1124871,C:\Yukawa\Lab\Dataset\MTG-Jamendo-9mapping\9genre_music200_cqt\jazz\1124871\cqt.npy,C:\Yukawa\music-reco-Jamendo-2-public\audio\jazz\1124871\1124871.mp3,1124871.mp3,10,5.0,0,1OTeiF7N64TnealpQUt2sRaAfMxdYpWDl
1157,jazz,1126058,C:\Yukawa\Lab\Dataset\MTG-Jamendo-9mapping\9genre_music200_cqt\jazz\1126058\cqt.npy,C:\Yukawa\music-reco-Jamendo-2-public\audio\jazz\1126058\1126058.mp3,1126058.mp3,10,5.0,0,1w1P3IgxqJUydkO1L-Q-Y2cC0OEmX11J5
1158,jazz,1126060,C:\Yukawa\Lab\Dataset\MTG-Jamendo-9mapping\9genre_music200_cqt\jazz\1126060\cqt.npy,C:\Yukawa\music-reco-Jamendo-2-public\audio\jazz\1126060\1126060.mp3,1126060.mp3,10,5.0,0,17sjV3rb1wCGzug0LH43W-MvDrxZZz1Z2
1159,jazz,1126645,C:\Yukawa\Lab\Dataset\MTG-Jamendo-9mapping\9genre_music200_cqt\jazz\1126645\cqt.npy,C:\Yukawa\music-reco-Jamendo-2-public\audio\jazz\1126645\1126645.mp3,1126645.mp3,10,5.0,0,1mcDIdSJWI7ecADeuhBNGzthmrs8O2Qlk
1160,jazz,1126664,C:\Yukawa\Lab\Dataset\MTG-Jamendo-9mapping\9genre_music200_cqt\jazz\1126664\cqt.npy,C:\Yukawa\music-reco-Jamendo-2-public\audio\jazz\1126664\1126664.mp3,1126664.mp3,10,5.0,0,14Fapq2ZZahaBM7PM_stFIBuGijorUNXp
1161,jazz,1126670,C:\Yukawa\Lab\Dataset\MTG-Jamendo-9mapping\9genre_music200_cqt\jazz\1126670\cqt.npy,C:\Yukawa\music-reco-Jamendo-2-public\audio\jazz\1126670\1126670.mp3,1126670.mp3,10,5.0,0,1wCY_PCD3xywU6IkO3M3fk61L7kOS8A1w
1162,jazz,1126678,C:\Yukawa\Lab\Dataset\MTG-Jamendo-9mapping\9genre_music200_cqt\jazz\1126678\cqt.npy,C:\Yukawa\music-reco-Jamendo-2-public\audio\jazz\1126678\1126678.mp3,1126678.mp3,10,5.0,0,1qeQqKEaTEghHrTPRpPRExBu-cebrtdxX
1163,jazz,1126693,C:\Yukawa\Lab\Dataset\MTG-Jamendo-9mapping\9genre_music200_cqt\jazz\1126693\cqt.npy,C:\Yukawa\music-reco-Jamendo-2-public\audio\jazz\1126693\1126693.mp3,1126693.mp3,10,5.0,0,14BGFooOmuH5V-iRJQYCL21T5yMjW--PZ
1164,jazz,1126695,C:\Yukawa\Lab\Dataset\MTG-Jamendo-9mapping\9genre_music200_cqt\jazz\1126695\cqt.npy,C:\Yukawa\music-reco-Jamendo-2-public\audio\jazz\1126695\1126695.mp3,1126695.mp3,10,5.0,0,1eEtXUsM1cfAxej8JT52yUi4BPmRoN8d1
1165,jazz,1126697,C:\Yukawa\Lab\Dataset\MTG-Jamendo-9mapping\9genre_music200_cqt\jazz\1126697\cqt.npy,C:\Yukawa\music-reco-Jamendo-2-public\audio\jazz\1126697\1126697.mp3,1126697.mp3,10,5.0,0,1-cHZTddohLqeHiYgYIh2-pXw2gUQQ4pA
1166,jazz,1126698,C:\Yukawa\Lab\Dataset\MTG-Jamendo-9mapping\9genre_music200_cqt\jazz\1126698\cqt.npy,C:\Yukawa\music-reco-Jamendo-2-public\audio\jazz\1126698\1126698.mp3,1126698.mp3,10,5.0,0,1Tooer0Su9kG3PO09tmkNHWFDuV7nFv34
1167,jazz,1129034,C:\Yukawa\Lab\Dataset\MTG-Jamendo-9mapping\9genre_music200_cqt\jazz\1129034\cqt.npy,C:\Yukawa\music-reco-Jamendo-2-public\audio\jazz\1129034\1129034.mp3,1129034.mp3,10,5.0,0,1Mb6xrFnOKXKQTPbjmaR7vL_zTZkIObJC
1168,jazz,1129943,C:\Yukawa\Lab\Dataset\MTG-Jamendo-9mapping\9genre_music200_cqt\jazz\1129943\cqt.npy,C:\Yukawa\music-reco-Jamendo-2-public\audio\jazz\1129943\1129943.mp3,1129943.mp3,10,5.0,0,1u8mhcWfedh-pFD0ugyUUam9V6Zag_yBU
1169,jazz,1129981,C:\Yukawa\Lab\Dataset\MTG-Jamendo-9mapping\9genre_music200_cqt\jazz\1129981\cqt.npy,C:\Yukawa\music-reco-Jamendo-2-public\audio\jazz\1129981\1129981.mp3,1129981.mp3,10,5.0,0,1V5XzfKKnjqr1JoiEBFIBpB94J4I4RTE0
1170,jazz,1129988,C:\Yukawa\Lab\Dataset\MTG-Jamendo-9mapping\9genre_music200_cqt\jazz\1129988\cqt.npy,C:\Yukawa\music-reco-Jamendo-2-public\audio\jazz\1129988\1129988.mp3,1129988.mp3,10,5.0,0,1qdpP_SrqH5vlthPY0J2xzC9x9ZVj0I8S
1171,jazz,1129997,C:\Yukawa\Lab\Dataset\MTG-Jamendo-9mapping\9genre_music200_cqt\jazz\1129997\cqt.npy,C:\Yukawa\music-reco-Jamendo-2-public\audio\jazz\1129997\1129997.mp3,1129997.mp3,10,5.0,0,1jH03dN7KodfWo7wpXmAZjpriHBODbi2H
1172,jazz,1130010,C:\Yukawa\Lab\Dataset\MTG-Jamendo-9mapping\9genre_music200_cqt\jazz\1130010\cqt.npy,C:\Yukawa\music-reco-Jamendo-2-public\audio\jazz\1130010\1130010.mp3,1130010.mp3,10,5.0,0,1YaMu9-uHBfKYueydQmHj2CcAv5B74ygk
1173,jazz,1130017,C:\Yukawa\Lab\Dataset\MTG-Jamendo-9mapping\9genre_music200_cqt\jazz\1130017\cqt.npy,C:\Yukawa\music-reco-Jamendo-2-public\audio\jazz\1130017\1130017.mp3,1130017.mp3,10,5.0,0,1Eslsov5RJ_7vmS5Ww4v9RMB-o61NyNFg
1174,jazz,1130018,C:\Yukawa\Lab\Dataset\MTG-Jamendo-9mapping\9genre_music200_cqt\jazz\1130018\cqt.npy,C:\Yukawa\music-reco-Jamendo-2-public\audio\jazz\1130018\1130018.mp3,1130018.mp3,10,5.0,0,1UiyKzTaFgTmrcPkatFryzs_bFpLH0fYL
1175,jazz,1130020,C:\Yukawa\Lab\Dataset\MTG-Jamendo-9mapping\9genre_music200_cqt\jazz\1130020\cqt.npy,C:\Yukawa\music-reco-Jamendo-2-public\audio\jazz\1130020\1130020.mp3,1130020.mp3,10,5.0,0,1r_8WWT5OfXCfpE7FcAE8vn26D0h4rNxF
1176,jazz,1130022,C:\Yukawa\Lab\Dataset\MTG-Jamendo-9mapping\9genre_music200_cqt\jazz\1130022\cqt.npy,C:\Yukawa\music-reco-Jamendo-2-public\audio\jazz\1130022\1130022.mp3,1130022.mp3,10,5.0,0,1QLCqrlBzXfgcZOI4SizPCxpojNgs8CKg
1177,jazz,1130033,C:\Yukawa\Lab\Dataset\MTG-Jamendo-9mapping\9genre_music200_cqt\jazz\1130033\cqt.npy,C:\Yukawa\music-reco-Jamendo-2-public\audio\jazz\1130033\1130033.mp3,1130033.mp3,10,5.0,0,1uNlIkUzZJ0RXEqP3Haf5JEFkCtcZDETW
1178,jazz,1130046,C:\Yukawa\Lab\Dataset\MTG-Jamendo-9mapping\9genre_music200_cqt\jazz\1130046\cqt.npy,C:\Yukawa\music-reco-Jamendo-2-public\audio\jazz\1130046\1130046.mp3,1130046.mp3,10,5.0,0,1QuEgowVcvMzKznuG80c6TBOfd2fQWCg0
1179,jazz,1135064,C:\Yukawa\Lab\Dataset\MTG-Jamendo-9mapping\9genre_music200_cqt\jazz\1135064\cqt.npy,C:\Yukawa\music-reco-Jamendo-2-public\audio\jazz\1135064\1135064.mp3,1135064.mp3,10,5.0,0,1Asv8nekwZoy8l2NeczxHb90nb6PyqajA
1180,jazz,1144450,C:\Yukawa\Lab\Dataset\MTG-Jamendo-9mapping\9genre_music200_cqt\jazz\1144450\cqt.npy,C:\Yukawa\music-reco-Jamendo-2-public\audio\jazz\1144450\1144450.mp3,1144450.mp3,10,5.0,0,1Ajo7OG6ugKVjeypkrEATp7uFZ03uH1FV
1181,jazz,1144451,C:\Yukawa\Lab\Dataset\MTG-Jamendo-9mapping\9genre_music200_cqt\jazz\1144451\cqt.npy,C:\Yukawa\music-reco-Jamendo-2-public\audio\jazz\1144451\1144451.mp3,1144451.mp3,10,5.0,0,1Q7IL8-pWtSkysIhoggBfwVtqsS4GshXY
1182,jazz,1144454,C:\Yukawa\Lab\Dataset\MTG-Jamendo-9mapping\9genre_music200_cqt\jazz\1144454\cqt.npy,C:\Yukawa\music-reco-Jamendo-2-public\audio\jazz\1144454\1144454.mp3,1144454.mp3,10,5.0,0,1EcWeBGoX1kTXL9IZWIixHnTIOr0XdDq4
1183,jazz,1156093,C:\Yukawa\Lab\Dataset\MTG-Jamendo-9mapping\9genre_music200_cqt\jazz\1156093\cqt.npy,C:\Yukawa\music-reco-Jamendo-2-public\audio\jazz\1156093\1156093.mp3,1156093.mp3,10,5.0,0,1m3qGhKv8HeCXyVMxPaJEU0UJB9LE3tfQ
1184,jazz,1156094,C:\Yukawa\Lab\Dataset\MTG-Jamendo-9mapping\9genre_music200_cqt\jazz\1156094\cqt.npy,C:\Yukawa\music-reco-Jamendo-2-public\audio\jazz\1156094\1156094.mp3,1156094.mp3,10,5.0,0,1_-CQKGvDaB7z3DOA7W8VTd2uoChiLB6E
1185,jazz,1156096,C:\Yukawa\Lab\Dataset\MTG-Jamendo-9mapping\9genre_music200_cqt\jazz\1156096\cqt.npy,C:\Yukawa\music-reco-Jamendo-2-public\audio\jazz\1156096\1156096.mp3,1156096.mp3,10,5.0,0,1WCRt-tk_MNw5zWQ-nnu67v3TUyQfekho
1186,jazz,1156097,C:\Yukawa\Lab\Dataset\MTG-Jamendo-9mapping\9genre_music200_cqt\jazz\1156097\cqt.npy,C:\Yukawa\music-reco-Jamendo-2-public\audio\jazz\1156097\1156097.mp3,1156097.mp3,10,5.0,0,1ZRQ4AJIul2dRHHqpfcCGWFtJpIC04JRc
1187,jazz,1156098,C:\Yukawa\Lab\Dataset\MTG-Jamendo-9mapping\9genre_music200_cqt\jazz\1156098\cqt.npy,C:\Yukawa\music-reco-Jamendo-2-public\audio\jazz\1156098\1156098.mp3,1156098.mp3,10,5.0,0,1F9Wl_JJvYojzS2gkZxWS7cwg4xzGIMrT
1188,jazz,1156115,C:\Yukawa\Lab\Dataset\MTG-Jamendo-9mapping\9genre_music200_cqt\jazz\1156115\cqt.npy,C:\Yukawa\music-reco-Jamendo-2-public\audio\jazz\1156115\1156115.mp3,1156115.mp3,10,5.0,0,1P80B9wzdI8U4K8gGA8_WuGVfjfBHBlY1
1189,jazz,1156121,C:\Yukawa\Lab\Dataset\MTG-Jamendo-9mapping\9genre_music200_cqt\jazz\1156121\cqt.npy,C:\Yukawa\music-reco-Jamendo-2-public\audio\jazz\1156121\1156121.mp3,1156121.mp3,10,5.0,0,1aGDcl6dCz99UCrldZuAUZEFIdUHbE7T9
1190,jazz,1156128,C:\Yukawa\Lab\Dataset\MTG-Jamendo-9mapping\9genre_music200_cqt\jazz\1156128\cqt.npy,C:\Yukawa\music-reco-Jamendo-2-public\audio\jazz\1156128\1156128.mp3,1156128.mp3,10,5.0,0,1d68D4QWv_AThSl7UfEavM9B-a0OcZFAj
1191,jazz,1156129,C:\Yukawa\Lab\Dataset\MTG-Jamendo-9mapping\9genre_music200_cqt\jazz\1156129\cqt.npy,C:\Yukawa\music-reco-Jamendo-2-public\audio\jazz\1156129\1156129.mp3,1156129.mp3,10,5.0,0,1BeoMNjNk9KDquGX2orZkh93jx5XaKwMy
1192,jazz,1156130,C:\Yukawa\Lab\Dataset\MTG-Jamendo-9mapping\9genre_music200_cqt\jazz\1156130\cqt.npy,C:\Yukawa\music-reco-Jamendo-2-public\audio\jazz\1156130\1156130.mp3,1156130.mp3,10,5.0,0,1MIrB5KeTPwn8xVsB3oIkgOPgIkb0qBxm
1193,jazz,1156679,C:\Yukawa\Lab\Dataset\MTG-Jamendo-9mapping\9genre_music200_cqt\jazz\1156679\cqt.npy,C:\Yukawa\music-reco-Jamendo-2-public\audio\jazz\1156679\1156679.mp3,1156679.mp3,10,5.0,0,1QPsN2k3SVTOCs0FAH5-6iUUDnqKY3P3r
1194,jazz,1164414,C:\Yukawa\Lab\Dataset\MTG-Jamendo-9mapping\9genre_music200_cqt\jazz\1164414\cqt.npy,C:\Yukawa\music-reco-Jamendo-2-public\audio\jazz\1164414\1164414.mp3,1164414.mp3,10,5.0,0,1yPBzNs2y_hIKRWNXTW7wQ9LykajScfVU
1195,jazz,1166561,C:\Yukawa\Lab\Dataset\MTG-Jamendo-9mapping\9genre_music200_cqt\jazz\1166561\cqt.npy,C:\Yukawa\music-reco-Jamendo-2-public\audio\jazz\1166561\1166561.mp3,1166561.mp3,10,5.0,0,1eb0TRd-7qq6ZhRQfnYBH0CVUvEZe1JQw
1196,jazz,1166562,C:\Yukawa\Lab\Dataset\MTG-Jamendo-9mapping\9genre_music200_cqt\jazz\1166562\cqt.npy,C:\Yukawa\music-reco-Jamendo-2-public\audio\jazz\1166562\1166562.mp3,1166562.mp3,10,5.0,0,1GbDyolABreVZ9JK2yVX6HIC9XEE_kOaN
1197,jazz,1171560,C:\Yukawa\Lab\Dataset\MTG-Jamendo-9mapping\9genre_music200_cqt\jazz\1171560\cqt.npy,C:\Yukawa\music-reco-Jamendo-2-public\audio\jazz\1171560\1171560.mp3,1171560.mp3,10,5.0,0,1i9yj23O5h_6b6nC9q9oACUGbAEU1mZaC
1198,jazz,1171561,C:\Yukawa\Lab\Dataset\MTG-Jamendo-9mapping\9genre_music200_cqt\jazz\1171561\cqt.npy,C:\Yukawa\music-reco-Jamendo-2-public\audio\jazz\1171561\1171561.mp3,1171561.mp3,10,5.0,0,1OTO7pvKsWz60jKIQiWjerb5snw2zkJvj
1199,jazz,1171566,C:\Yukawa\Lab\Dataset\MTG-Jamendo-9mapping\9genre_music200_cqt\jazz\1171566\cqt.npy,C:\Yukawa\music-reco-Jamendo-2-public\audio\jazz\1171566\1171566.mp3,1171566.mp3,10,5.0,0,1LVk7C8EIcsyw1vhl5nV516Ky6hcSWGZ9
1200,metal,1003073,C:\Yukawa\Lab\Dataset\MTG-Jamendo-9mapping\9genre_music200_cqt\metal\1003073\cqt.npy,C:\Yukawa\music-reco-Jamendo-2-public\audio\metal\1003073\1003073.mp3,1003073.mp3,10,5.0,0,1nDC-ovTmbh3nVkEDets0JKMayii8IQlK
1201,metal,1029120,C:\Yukawa\Lab\Dataset\MTG-Jamendo-9mapping\9genre_music200_cqt\metal\1029120\cqt.npy,C:\Yukawa\music-reco-Jamendo-2-public\audio\metal\1029120\1029120.mp3,1029120.mp3,10,5.0,0,1jpgEGBvAl9fo4Qm21vtKCQNZIUrmqjt4
1202,metal,1029125,C:\Yukawa\Lab\Dataset\MTG-Jamendo-9mapping\9genre_music200_cqt\metal\1029125\cqt.npy,C:\Yukawa\music-reco-Jamendo-2-public\audio\metal\1029125\1029125.mp3,1029125.mp3,10,5.0,0,1mWIsQ-oKKWWPJ7XQV4PjC2qpbmLq4Sev
1203,metal,1029128,C:\Yukawa\Lab\Dataset\MTG-Jamendo-9mapping\9genre_music200_cqt\metal\1029128\cqt.npy,C:\Yukawa\music-reco-Jamendo-2-public\audio\metal\1029128\1029128.mp3,1029128.mp3,10,5.0,0,1DOUnA3pZ0cUk4O9oGo1JIoznTkgeF2gO
1204,metal,1036476,C:\Yukawa\Lab\Dataset\MTG-Jamendo-9mapping\9genre_music200_cqt\metal\1036476\cqt.npy,C:\Yukawa\music-reco-Jamendo-2-public\audio\metal\1036476\1036476.mp3,1036476.mp3,10,5.0,0,1MNOJ1hSI_ECcwsB487kgwOyiZ_gTjqCT
1205,metal,1040555,C:\Yukawa\Lab\Dataset\MTG-Jamendo-9mapping\9genre_music200_cqt\metal\1040555\cqt.npy,C:\Yukawa\music-reco-Jamendo-2-public\audio\metal\1040555\1040555.mp3,1040555.mp3,10,5.0,0,1CPjQbLP6H4c9xLwOGctY_WXfbzPL00d4
1206,metal,1040556,C:\Yukawa\Lab\Dataset\MTG-Jamendo-9mapping\9genre_music200_cqt\metal\1040556\cqt.npy,C:\Yukawa\music-reco-Jamendo-2-public\audio\metal\1040556\1040556.mp3,1040556.mp3,10,5.0,0,1mbanEJ23S4RRFxNQJtWyxt3qewzAHyJv
1207,metal,1040567,C:\Yukawa\Lab\Dataset\MTG-Jamendo-9mapping\9genre_music200_cqt\metal\1040567\cqt.npy,C:\Yukawa\music-reco-Jamendo-2-public\audio\metal\1040567\1040567.mp3,1040567.mp3,10,5.0,0,1henDqcPmHb3wuWQl_wCv7NO5a5qYstGK
1208,metal,1050996,C:\Yukawa\Lab\Dataset\MTG-Jamendo-9mapping\9genre_music200_cqt\metal\1050996\cqt.npy,C:\Yukawa\music-reco-Jamendo-2-public\audio\metal\1050996\1050996.mp3,1050996.mp3,10,5.0,0,1OoihOlFEV3ithyP2U1C6GzwTn3cjzgBp
1209,metal,1127041,C:\Yukawa\Lab\Dataset\MTG-Jamendo-9mapping\9genre_music200_cqt\metal\1127041\cqt.npy,C:\Yukawa\music-reco-Jamendo-2-public\audio\metal\1127041\1127041.mp3,1127041.mp3,10,5.0,0,1vHfMWRaaLHCcCbmXjDr5-im971iWbRAy
1210,metal,1127043,C:\Yukawa\Lab\Dataset\MTG-Jamendo-9mapping\9genre_music200_cqt\metal\1127043\cqt.npy,C:\Yukawa\music-reco-Jamendo-2-public\audio\metal\1127043\1127043.mp3,1127043.mp3,10,5.0,0,1t3Ys_aEUH9-67JvPSnv17hfoVWeXwv54
1211,metal,1127046,C:\Yukawa\Lab\Dataset\MTG-Jamendo-9mapping\9genre_music200_cqt\metal\1127046\cqt.npy,C:\Yukawa\music-reco-Jamendo-2-public\audio\metal\1127046\1127046.mp3,1127046.mp3,10,5.0,0,1pHT7mEMOJrFxbGSBP18y5aQvxGL6RBBP
1212,metal,1127048,C:\Yukawa\Lab\Dataset\MTG-Jamendo-9mapping\9genre_music200_cqt\metal\1127048\cqt.npy,C:\Yukawa\music-reco-Jamendo-2-public\audio\metal\1127048\1127048.mp3,1127048.mp3,10,5.0,0,1zRXp7QaphThB9uG_wx5QzBF9YRFWIH7-
1213,metal,1127051,C:\Yukawa\Lab\Dataset\MTG-Jamendo-9mapping\9genre_music200_cqt\metal\1127051\cqt.npy,C:\Yukawa\music-reco-Jamendo-2-public\audio\metal\1127051\1127051.mp3,1127051.mp3,10,5.0,0,1CFlH4qINBHpVtLD-K0-5jzyAP4O2Kwi9
1214,metal,1131524,C:\Yukawa\Lab\Dataset\MTG-Jamendo-9mapping\9genre_music200_cqt\metal\1131524\cqt.npy,C:\Yukawa\music-reco-Jamendo-2-public\audio\metal\1131524\1131524.mp3,1131524.mp3,10,5.0,0,10RCjiXpN5LfF4PVs2DimvyRYkX3FCBWx
1215,metal,1131525,C:\Yukawa\Lab\Dataset\MTG-Jamendo-9mapping\9genre_music200_cqt\metal\1131525\cqt.npy,C:\Yukawa\music-reco-Jamendo-2-public\audio\metal\1131525\1131525.mp3,1131525.mp3,10,5.0,0,1x_Ei5u1vZMCO-yXbSxfNrOK0qE9-LBye
1216,metal,1131526,C:\Yukawa\Lab\Dataset\MTG-Jamendo-9mapping\9genre_music200_cqt\metal\1131526\cqt.npy,C:\Yukawa\music-reco-Jamendo-2-public\audio\metal\1131526\1131526.mp3,1131526.mp3,10,5.0,0,13s6mmMVkQ7VoHUtkBoJ6U40AMLB9LNL3
1217,metal,1131527,C:\Yukawa\Lab\Dataset\MTG-Jamendo-9mapping\9genre_music200_cqt\metal\1131527\cqt.npy,C:\Yukawa\music-reco-Jamendo-2-public\audio\metal\1131527\1131527.mp3,1131527.mp3,10,5.0,0,1h1lDGvFzpY6fmlcObOED4QZQgdczNk97
1218,metal,1131528,C:\Yukawa\Lab\Dataset\MTG-Jamendo-9mapping\9genre_music200_cqt\metal\1131528\cqt.npy,C:\Yukawa\music-reco-Jamendo-2-public\audio\metal\1131528\1131528.mp3,1131528.mp3,10,5.0,0,1ghCnIqLzNR9kHzzgDGVFuyPKrakyfuC2
1219,metal,1134781,C:\Yukawa\Lab\Dataset\MTG-Jamendo-9mapping\9genre_music200_cqt\metal\1134781\cqt.npy,C:\Yukawa\music-reco-Jamendo-2-public\audio\metal\1134781\1134781.mp3,1134781.mp3,10,5.0,0,1OzyfyL5ONZfQQBHRIkiPuicXOai3W-5k
1220,metal,1134854,C:\Yukawa\Lab\Dataset\MTG-Jamendo-9mapping\9genre_music200_cqt\metal\1134854\cqt.npy,C:\Yukawa\music-reco-Jamendo-2-public\audio\metal\1134854\1134854.mp3,1134854.mp3,10,5.0,0,1lKg778pf1qmwJbfifi-XfYQ1a4PnSKtn
1221,metal,1134855,C:\Yukawa\Lab\Dataset\MTG-Jamendo-9mapping\9genre_music200_cqt\metal\1134855\cqt.npy,C:\Yukawa\music-reco-Jamendo-2-public\audio\metal\1134855\1134855.mp3,1134855.mp3,10,5.0,0,1OixhA846OXIUd1nDn8T_Dn6Ze05OLcYL
1222,metal,1134856,C:\Yukawa\Lab\Dataset\MTG-Jamendo-9mapping\9genre_music200_cqt\metal\1134856\cqt.npy,C:\Yukawa\music-reco-Jamendo-2-public\audio\metal\1134856\1134856.mp3,1134856.mp3,10,5.0,0,1B8yAqvmS24lZWy29nV6nFKtve8fVh-lx
1223,metal,1145441,C:\Yukawa\Lab\Dataset\MTG-Jamendo-9mapping\9genre_music200_cqt\metal\1145441\cqt.npy,C:\Yukawa\music-reco-Jamendo-2-public\audio\metal\1145441\1145441.mp3,1145441.mp3,10,5.0,0,1hzRe6vTOKJS5WwmZQsGDhadoXDp_595v
1224,metal,1148184,C:\Yukawa\Lab\Dataset\MTG-Jamendo-9mapping\9genre_music200_cqt\metal\1148184\cqt.npy,C:\Yukawa\music-reco-Jamendo-2-public\audio\metal\1148184\1148184.mp3,1148184.mp3,10,5.0,0,1oPl9eGCVWkp8xKGoXV8fiSyhtamF4qim
1225,metal,1163313,C:\Yukawa\Lab\Dataset\MTG-Jamendo-9mapping\9genre_music200_cqt\metal\1163313\cqt.npy,C:\Yukawa\music-reco-Jamendo-2-public\audio\metal\1163313\1163313.mp3,1163313.mp3,10,5.0,0,1yuODzkmLJqnbu3PQQhZxVPOF-oFGAnYr
1226,metal,1169151,C:\Yukawa\Lab\Dataset\MTG-Jamendo-9mapping\9genre_music200_cqt\metal\1169151\cqt.npy,C:\Yukawa\music-reco-Jamendo-2-public\audio\metal\1169151\1169151.mp3,1169151.mp3,10,5.0,0,1aiXAGcQH7WNO9-UWzGsSayyRbQ7BCMrJ
1227,metal,1170653,C:\Yukawa\Lab\Dataset\MTG-Jamendo-9mapping\9genre_music200_cqt\metal\1170653\cqt.npy,C:\Yukawa\music-reco-Jamendo-2-public\audio\metal\1170653\1170653.mp3,1170653.mp3,10,5.0,0,16ElDlFHOzy0KthxTxznvk2hP7_Cato1q
1228,metal,1183547,C:\Yukawa\Lab\Dataset\MTG-Jamendo-9mapping\9genre_music200_cqt\metal\1183547\cqt.npy,C:\Yukawa\music-reco-Jamendo-2-public\audio\metal\1183547\1183547.mp3,1183547.mp3,10,5.0,0,1TEokKp_77bPs3h0ZgmK1QRcDNRvC-cp_
1229,metal,1186853,C:\Yukawa\Lab\Dataset\MTG-Jamendo-9mapping\9genre_music200_cqt\metal\1186853\cqt.npy,C:\Yukawa\music-reco-Jamendo-2-public\audio\metal\1186853\1186853.mp3,1186853.mp3,10,5.0,0,1AILFinwnPtc9vhch5cLxbih4Yt8IAcA6
1230,metal,1188932,C:\Yukawa\Lab\Dataset\MTG-Jamendo-9mapping\9genre_music200_cqt\metal\1188932\cqt.npy,C:\Yukawa\music-reco-Jamendo-2-public\audio\metal\1188932\1188932.mp3,1188932.mp3,10,5.0,0,1L5HxCg_HhFE3wj916Bd3c3XzRxisyraM
1231,metal,1190784,C:\Yukawa\Lab\Dataset\MTG-Jamendo-9mapping\9genre_music200_cqt\metal\1190784\cqt.npy,C:\Yukawa\music-reco-Jamendo-2-public\audio\metal\1190784\1190784.mp3,1190784.mp3,10,5.0,0,1h6u0Gm9aBuIHdi1m9FJpz-jVRMEnPIvw
1232,metal,1192210,C:\Yukawa\Lab\Dataset\MTG-Jamendo-9mapping\9genre_music200_cqt\metal\1192210\cqt.npy,C:\Yukawa\music-reco-Jamendo-2-public\audio\metal\1192210\1192210.mp3,1192210.mp3,10,5.0,0,11u2703ltFxCW5FtP1CtEn4blrCCep88K
1233,metal,1192212,C:\Yukawa\Lab\Dataset\MTG-Jamendo-9mapping\9genre_music200_cqt\metal\1192212\cqt.npy,C:\Yukawa\music-reco-Jamendo-2-public\audio\metal\1192212\1192212.mp3,1192212.mp3,10,5.0,0,1sZ32MeBI5CnJD7yeL_MN2FgxwmTA_wLh
1234,metal,1196897,C:\Yukawa\Lab\Dataset\MTG-Jamendo-9mapping\9genre_music200_cqt\metal\1196897\cqt.npy,C:\Yukawa\music-reco-Jamendo-2-public\audio\metal\1196897\1196897.mp3,1196897.mp3,10,5.0,0,14RomXhRkIHFj94r_1qO4oUoxTzwoKvDQ
1235,metal,1196899,C:\Yukawa\Lab\Dataset\MTG-Jamendo-9mapping\9genre_music200_cqt\metal\1196899\cqt.npy,C:\Yukawa\music-reco-Jamendo-2-public\audio\metal\1196899\1196899.mp3,1196899.mp3,10,5.0,0,1cTltrVFhQcYyLqTTf-CI2htN_JIIiIhN
1236,metal,1197941,C:\Yukawa\Lab\Dataset\MTG-Jamendo-9mapping\9genre_music200_cqt\metal\1197941\cqt.npy,C:\Yukawa\music-reco-Jamendo-2-public\audio\metal\1197941\1197941.mp3,1197941.mp3,10,5.0,0,1uFXRhlfKR866vBz0rb1QSr4iJ8p7cyZW
1237,metal,1197942,C:\Yukawa\Lab\Dataset\MTG-Jamendo-9mapping\9genre_music200_cqt\metal\1197942\cqt.npy,C:\Yukawa\music-reco-Jamendo-2-public\audio\metal\1197942\1197942.mp3,1197942.mp3,10,5.0,0,1H7WcnPjAieD_HBWg109BSvremGr1zU5u
1238,metal,1197943,C:\Yukawa\Lab\Dataset\MTG-Jamendo-9mapping\9genre_music200_cqt\metal\1197943\cqt.npy,C:\Yukawa\music-reco-Jamendo-2-public\audio\metal\1197943\1197943.mp3,1197943.mp3,10,5.0,0,1aZccK8mZ4Rcyw96VmNv5dsO7OIW2rl4P
1239,metal,1197944,C:\Yukawa\Lab\Dataset\MTG-Jamendo-9mapping\9genre_music200_cqt\metal\1197944\cqt.npy,C:\Yukawa\music-reco-Jamendo-2-public\audio\metal\1197944\1197944.mp3,1197944.mp3,10,5.0,0,1jgsIozXZjT4cIr3bf4o6CGiv9Z2Voe4Z
1240,metal,1197945,C:\Yukawa\Lab\Dataset\MTG-Jamendo-9mapping\9genre_music200_cqt\metal\1197945\cqt.npy,C:\Yukawa\music-reco-Jamendo-2-public\audio\metal\1197945\1197945.mp3,1197945.mp3,10,5.0,0,1VC0aRI68OtudDinXfVaRU67LTOjEuM2f
1241,metal,1197946,C:\Yukawa\Lab\Dataset\MTG-Jamendo-9mapping\9genre_music200_cqt\metal\1197946\cqt.npy,C:\Yukawa\music-reco-Jamendo-2-public\audio\metal\1197946\1197946.mp3,1197946.mp3,10,5.0,0,1KTxDS1KZxbQ21hkjRt_0zQK0ztrn41Td
1242,metal,1197947,C:\Yukawa\Lab\Dataset\MTG-Jamendo-9mapping\9genre_music200_cqt\metal\1197947\cqt.npy,C:\Yukawa\music-reco-Jamendo-2-public\audio\metal\1197947\1197947.mp3,1197947.mp3,10,5.0,0,17ovM2J1Cq2mSEgPJdq_zlkpIqqeEMBG5
1243,metal,1197948,C:\Yukawa\Lab\Dataset\MTG-Jamendo-9mapping\9genre_music200_cqt\metal\1197948\cqt.npy,C:\Yukawa\music-reco-Jamendo-2-public\audio\metal\1197948\1197948.mp3,1197948.mp3,10,5.0,0,18BT446S0YRY9t2bavq9YfighMUd4XaKB
1244,metal,1213942,C:\Yukawa\Lab\Dataset\MTG-Jamendo-9mapping\9genre_music200_cqt\metal\1213942\cqt.npy,C:\Yukawa\music-reco-Jamendo-2-public\audio\metal\1213942\1213942.mp3,1213942.mp3,10,5.0,0,1eBR5_1eSy_Jfr2i2IrlrYbU3EOlK_WVD
1245,metal,1220097,C:\Yukawa\Lab\Dataset\MTG-Jamendo-9mapping\9genre_music200_cqt\metal\1220097\cqt.npy,C:\Yukawa\music-reco-Jamendo-2-public\audio\metal\1220097\1220097.mp3,1220097.mp3,10,5.0,0,10ZletQ-GK7cAlkuz6y1LEBC6mCK0LKKQ
1246,metal,1226098,C:\Yukawa\Lab\Dataset\MTG-Jamendo-9mapping\9genre_music200_cqt\metal\1226098\cqt.npy,C:\Yukawa\music-reco-Jamendo-2-public\audio\metal\1226098\1226098.mp3,1226098.mp3,10,5.0,0,1IGQnwR51ml7tl_JqY86KO_cKUSYnQ2F1
1247,metal,1228588,C:\Yukawa\Lab\Dataset\MTG-Jamendo-9mapping\9genre_music200_cqt\metal\1228588\cqt.npy,C:\Yukawa\music-reco-Jamendo-2-public\audio\metal\1228588\1228588.mp3,1228588.mp3,10,5.0,0,1yle73tfLkO_uNHxwdnk-KAHteJQUxWgg
1248,metal,1230839,C:\Yukawa\Lab\Dataset\MTG-Jamendo-9mapping\9genre_music200_cqt\metal\1230839\cqt.npy,C:\Yukawa\music-reco-Jamendo-2-public\audio\metal\1230839\1230839.mp3,1230839.mp3,10,5.0,0,1ff4fR42LfTBqQ_jGWHkoGZBRa-5exi8N
1249,metal,1230854,C:\Yukawa\Lab\Dataset\MTG-Jamendo-9mapping\9genre_music200_cqt\metal\1230854\cqt.npy,C:\Yukawa\music-reco-Jamendo-2-public\audio\metal\1230854\1230854.mp3,1230854.mp3,10,5.0,0,1TjsdqEb0Oh4JeEmoKkG68wypj0mc8SUu
1250,metal,1231294,C:\Yukawa\Lab\Dataset\MTG-Jamendo-9mapping\9genre_music200_cqt\metal\1231294\cqt.npy,C:\Yukawa\music-reco-Jamendo-2-public\audio\metal\1231294\1231294.mp3,1231294.mp3,10,5.0,0,1MSI2xKQAGO-Azv0LWIpuOGKiWURbG_4D
1251,metal,1231674,C:\Yukawa\Lab\Dataset\MTG-Jamendo-9mapping\9genre_music200_cqt\metal\1231674\cqt.npy,C:\Yukawa\music-reco-Jamendo-2-public\audio\metal\1231674\1231674.mp3,1231674.mp3,10,5.0,0,1DJ5B7LhBbWjkK2WldgUgI7GbSLX7-TlH
1252,metal,1231675,C:\Yukawa\Lab\Dataset\MTG-Jamendo-9mapping\9genre_music200_cqt\metal\1231675\cqt.npy,C:\Yukawa\music-reco-Jamendo-2-public\audio\metal\1231675\1231675.mp3,1231675.mp3,10,5.0,0,18840r5eIEHMFDHsPTFLQnzetYzpyAkQx
1253,metal,1235054,C:\Yukawa\Lab\Dataset\MTG-Jamendo-9mapping\9genre_music200_cqt\metal\1235054\cqt.npy,C:\Yukawa\music-reco-Jamendo-2-public\audio\metal\1235054\1235054.mp3,1235054.mp3,10,5.0,0,1Zt1SqzBRK5EuT5q-yWPHbU5tGtzPjSSH
1254,metal,1235055,C:\Yukawa\Lab\Dataset\MTG-Jamendo-9mapping\9genre_music200_cqt\metal\1235055\cqt.npy,C:\Yukawa\music-reco-Jamendo-2-public\audio\metal\1235055\1235055.mp3,1235055.mp3,10,5.0,0,1geoOeytcw_XBTyx2M2LzNNMv1Hq_nt-I
1255,metal,1235056,C:\Yukawa\Lab\Dataset\MTG-Jamendo-9mapping\9genre_music200_cqt\metal\1235056\cqt.npy,C:\Yukawa\music-reco-Jamendo-2-public\audio\metal\1235056\1235056.mp3,1235056.mp3,10,5.0,0,1LOJPdp51PhebsucP-ufU4Dqt1mL1zjdi
1256,metal,1235057,C:\Yukawa\Lab\Dataset\MTG-Jamendo-9mapping\9genre_music200_cqt\metal\1235057\cqt.npy,C:\Yukawa\music-reco-Jamendo-2-public\audio\metal\1235057\1235057.mp3,1235057.mp3,10,5.0,0,1E0Q6PrQBZQLBUsd08zwH7O3i2XLK1vd0
1257,metal,1235058,C:\Yukawa\Lab\Dataset\MTG-Jamendo-9mapping\9genre_music200_cqt\metal\1235058\cqt.npy,C:\Yukawa\music-reco-Jamendo-2-public\audio\metal\1235058\1235058.mp3,1235058.mp3,10,5.0,0,13x0k7pY8_V0GYDr5ltN-j0dpYFAmz4KP
1258,metal,1235059,C:\Yukawa\Lab\Dataset\MTG-Jamendo-9mapping\9genre_music200_cqt\metal\1235059\cqt.npy,C:\Yukawa\music-reco-Jamendo-2-public\audio\metal\1235059\1235059.mp3,1235059.mp3,10,5.0,0,119GocMCW6OFR4C38eavFo5ycFfcaINJX
1259,metal,1235060,C:\Yukawa\Lab\Dataset\MTG-Jamendo-9mapping\9genre_music200_cqt\metal\1235060\cqt.npy,C:\Yukawa\music-reco-Jamendo-2-public\audio\metal\1235060\1235060.mp3,1235060.mp3,10,5.0,0,1ZXY5pOe2ZXTDALPdbHev1fMogj_AVoZW
1260,metal,1235061,C:\Yukawa\Lab\Dataset\MTG-Jamendo-9mapping\9genre_music200_cqt\metal\1235061\cqt.npy,C:\Yukawa\music-reco-Jamendo-2-public\audio\metal\1235061\1235061.mp3,1235061.mp3,10,5.0,0,1WAvLp_0r2k3n0Zxzqk3qealOuGNtnfzX
1261,metal,1235062,C:\Yukawa\Lab\Dataset\MTG-Jamendo-9mapping\9genre_music200_cqt\metal\1235062\cqt.npy,C:\Yukawa\music-reco-Jamendo-2-public\audio\metal\1235062\1235062.mp3,1235062.mp3,10,5.0,0,1f_nJYQHwF2vdNR6k5dpYdIvPqK8v08BS
1262,metal,1247247,C:\Yukawa\Lab\Dataset\MTG-Jamendo-9mapping\9genre_music200_cqt\metal\1247247\cqt.npy,C:\Yukawa\music-reco-Jamendo-2-public\audio\metal\1247247\1247247.mp3,1247247.mp3,10,5.0,0,1xeVkmWJXcidctlSJTdLfjfOm4nHzdM53
1263,metal,1247248,C:\Yukawa\Lab\Dataset\MTG-Jamendo-9mapping\9genre_music200_cqt\metal\1247248\cqt.npy,C:\Yukawa\music-reco-Jamendo-2-public\audio\metal\1247248\1247248.mp3,1247248.mp3,10,5.0,0,1TNz6cUkYD7XaaQ_eM4SjXyxlJS_uwv5W
1264,metal,1247249,C:\Yukawa\Lab\Dataset\MTG-Jamendo-9mapping\9genre_music200_cqt\metal\1247249\cqt.npy,C:\Yukawa\music-reco-Jamendo-2-public\audio\metal\1247249\1247249.mp3,1247249.mp3,10,5.0,0,15Q0iLoWdMcGBdZebe-0Kw6jUuzK02bRi
1265,metal,1247250,C:\Yukawa\Lab\Dataset\MTG-Jamendo-9mapping\9genre_music200_cqt\metal\1247250\cqt.npy,C:\Yukawa\music-reco-Jamendo-2-public\audio\metal\1247250\1247250.mp3,1247250.mp3,10,5.0,0,1p_wUTusI4ePQgQoWYYPvVofM952S6cn4
1266,metal,1249567,C:\Yukawa\Lab\Dataset\MTG-Jamendo-9mapping\9genre_music200_cqt\metal\1249567\cqt.npy,C:\Yukawa\music-reco-Jamendo-2-public\audio\metal\1249567\1249567.mp3,1249567.mp3,10,5.0,0,1ZvaOdwPBVbQaeoULtg2VzSBKK4Zy0fh2
1267,metal,1249568,C:\Yukawa\Lab\Dataset\MTG-Jamendo-9mapping\9genre_music200_cqt\metal\1249568\cqt.npy,C:\Yukawa\music-reco-Jamendo-2-public\audio\metal\1249568\1249568.mp3,1249568.mp3,10,5.0,0,1GZMFvsYiwu0garR2tDqLMBdhy-2VdvRF
1268,metal,1249569,C:\Yukawa\Lab\Dataset\MTG-Jamendo-9mapping\9genre_music200_cqt\metal\1249569\cqt.npy,C:\Yukawa\music-reco-Jamendo-2-public\audio\metal\1249569\1249569.mp3,1249569.mp3,10,5.0,0,1x9p8YXNiLqmaU0LUIP3hRawbtQPEgVc7
1269,metal,1249570,C:\Yukawa\Lab\Dataset\MTG-Jamendo-9mapping\9genre_music200_cqt\metal\1249570\cqt.npy,C:\Yukawa\music-reco-Jamendo-2-public\audio\metal\1249570\1249570.mp3,1249570.mp3,10,5.0,0,1ZhYyJGQTMg2cAwY8qagV7IlzTUy8zjqD
1270,metal,1249571,C:\Yukawa\Lab\Dataset\MTG-Jamendo-9mapping\9genre_music200_cqt\metal\1249571\cqt.npy,C:\Yukawa\music-reco-Jamendo-2-public\audio\metal\1249571\1249571.mp3,1249571.mp3,10,5.0,0,1Y3R1lPchbMNrUjKqO4bP6IO9Pd0BTBDx
1271,metal,1249572,C:\Yukawa\Lab\Dataset\MTG-Jamendo-9mapping\9genre_music200_cqt\metal\1249572\cqt.npy,C:\Yukawa\music-reco-Jamendo-2-public\audio\metal\1249572\1249572.mp3,1249572.mp3,10,5.0,0,1e7Xh27BTTnMOn7-RMjs4JoHbs0_8eLyu
1272,metal,1260046,C:\Yukawa\Lab\Dataset\MTG-Jamendo-9mapping\9genre_music200_cqt\metal\1260046\cqt.npy,C:\Yukawa\music-reco-Jamendo-2-public\audio\metal\1260046\1260046.mp3,1260046.mp3,10,5.0,0,1aGnlFa-_77_YG4_nRHaSQCbf7PAJ-fBO
1273,metal,1260047,C:\Yukawa\Lab\Dataset\MTG-Jamendo-9mapping\9genre_music200_cqt\metal\1260047\cqt.npy,C:\Yukawa\music-reco-Jamendo-2-public\audio\metal\1260047\1260047.mp3,1260047.mp3,10,5.0,0,1YYseaX1QYuTaHPnEYCWICUQhbEH97FBe
1274,metal,1260048,C:\Yukawa\Lab\Dataset\MTG-Jamendo-9mapping\9genre_music200_cqt\metal\1260048\cqt.npy,C:\Yukawa\music-reco-Jamendo-2-public\audio\metal\1260048\1260048.mp3,1260048.mp3,10,5.0,0,19c-0vI4o4R_WJC6GsUIW7wbD9D84j12j
1275,metal,1260049,C:\Yukawa\Lab\Dataset\MTG-Jamendo-9mapping\9genre_music200_cqt\metal\1260049\cqt.npy,C:\Yukawa\music-reco-Jamendo-2-public\audio\metal\1260049\1260049.mp3,1260049.mp3,10,5.0,0,1JhpdqoiRQniV2DR9zz7hsjzLtC_eFVnZ
1276,metal,1269918,C:\Yukawa\Lab\Dataset\MTG-Jamendo-9mapping\9genre_music200_cqt\metal\1269918\cqt.npy,C:\Yukawa\music-reco-Jamendo-2-public\audio\metal\1269918\1269918.mp3,1269918.mp3,10,5.0,0,1TMmQI82uCuGIZPFYqQn2DZHgPHM-JcQw
1277,metal,1269919,C:\Yukawa\Lab\Dataset\MTG-Jamendo-9mapping\9genre_music200_cqt\metal\1269919\cqt.npy,C:\Yukawa\music-reco-Jamendo-2-public\audio\metal\1269919\1269919.mp3,1269919.mp3,10,5.0,0,1MyAV5DFV8cest6pL-l8ok4aKkPnnVCsn
1278,metal,1269921,C:\Yukawa\Lab\Dataset\MTG-Jamendo-9mapping\9genre_music200_cqt\metal\1269921\cqt.npy,C:\Yukawa\music-reco-Jamendo-2-public\audio\metal\1269921\1269921.mp3,1269921.mp3,10,5.0,0,1SXUK8fL6c7dRTUuwZWgc_5Qiy_qnNj6V
1279,metal,1269922,C:\Yukawa\Lab\Dataset\MTG-Jamendo-9mapping\9genre_music200_cqt\metal\1269922\cqt.npy,C:\Yukawa\music-reco-Jamendo-2-public\audio\metal\1269922\1269922.mp3,1269922.mp3,10,5.0,0,1SpPgSFISg10HPMEqSEuC3cnKscdYYrY0
1280,metal,1271864,C:\Yukawa\Lab\Dataset\MTG-Jamendo-9mapping\9genre_music200_cqt\metal\1271864\cqt.npy,C:\Yukawa\music-reco-Jamendo-2-public\audio\metal\1271864\1271864.mp3,1271864.mp3,10,5.0,0,1cibJENgUchOql1-Hvr6HNhoMzekPaMMQ
1281,metal,1271865,C:\Yukawa\Lab\Dataset\MTG-Jamendo-9mapping\9genre_music200_cqt\metal\1271865\cqt.npy,C:\Yukawa\music-reco-Jamendo-2-public\audio\metal\1271865\1271865.mp3,1271865.mp3,10,5.0,0,1EQr9jwGY-7WmV15UEMVnECa6pqFxDLT4
1282,metal,1271866,C:\Yukawa\Lab\Dataset\MTG-Jamendo-9mapping\9genre_music200_cqt\metal\1271866\cqt.npy,C:\Yukawa\music-reco-Jamendo-2-public\audio\metal\1271866\1271866.mp3,1271866.mp3,10,5.0,0,174pYDVLul3Qd9YLlaytGW7Iqx_3LB_oa
1283,metal,1271867,C:\Yukawa\Lab\Dataset\MTG-Jamendo-9mapping\9genre_music200_cqt\metal\1271867\cqt.npy,C:\Yukawa\music-reco-Jamendo-2-public\audio\metal\1271867\1271867.mp3,1271867.mp3,10,5.0,0,1yJ8ekD-5--uiu6OMgp6fvJEcQK3NNgNn
1284,metal,1271868,C:\Yukawa\Lab\Dataset\MTG-Jamendo-9mapping\9genre_music200_cqt\metal\1271868\cqt.npy,C:\Yukawa\music-reco-Jamendo-2-public\audio\metal\1271868\1271868.mp3,1271868.mp3,10,5.0,0,1IK4JW3hcLJi_MIjL2DGzDuBsyvEu556h
1285,metal,1271869,C:\Yukawa\Lab\Dataset\MTG-Jamendo-9mapping\9genre_music200_cqt\metal\1271869\cqt.npy,C:\Yukawa\music-reco-Jamendo-2-public\audio\metal\1271869\1271869.mp3,1271869.mp3,10,5.0,0,1763ufMLSUWAEtueqMYyzVSENpP7rwjyy
1286,metal,1279157,C:\Yukawa\Lab\Dataset\MTG-Jamendo-9mapping\9genre_music200_cqt\metal\1279157\cqt.npy,C:\Yukawa\music-reco-Jamendo-2-public\audio\metal\1279157\1279157.mp3,1279157.mp3,10,5.0,0,1KD-_XzCIwoA0-FY1Eka19kk2DPUQZu4S
1287,metal,1279158,C:\Yukawa\Lab\Dataset\MTG-Jamendo-9mapping\9genre_music200_cqt\metal\1279158\cqt.npy,C:\Yukawa\music-reco-Jamendo-2-public\audio\metal\1279158\1279158.mp3,1279158.mp3,10,5.0,0,12nWANTfx08rY5bjYasA1yOAsDzgCAlFr
1288,metal,1279159,C:\Yukawa\Lab\Dataset\MTG-Jamendo-9mapping\9genre_music200_cqt\metal\1279159\cqt.npy,C:\Yukawa\music-reco-Jamendo-2-public\audio\metal\1279159\1279159.mp3,1279159.mp3,10,5.0,0,1-w8WCZeQvYoKU0D2OgPe0tE0Kwnfa9Yv
1289,metal,1279160,C:\Yukawa\Lab\Dataset\MTG-Jamendo-9mapping\9genre_music200_cqt\metal\1279160\cqt.npy,C:\Yukawa\music-reco-Jamendo-2-public\audio\metal\1279160\1279160.mp3,1279160.mp3,10,5.0,0,1YoTKA_xijuKX2U99IjSu50bN592lIbEZ
1290,metal,1279161,C:\Yukawa\Lab\Dataset\MTG-Jamendo-9mapping\9genre_music200_cqt\metal\1279161\cqt.npy,C:\Yukawa\music-reco-Jamendo-2-public\audio\metal\1279161\1279161.mp3,1279161.mp3,10,5.0,0,1DSbq_uIzWocVfJbg0R6L6UgZQBTMjSrp
1291,metal,1283560,C:\Yukawa\Lab\Dataset\MTG-Jamendo-9mapping\9genre_music200_cqt\metal\1283560\cqt.npy,C:\Yukawa\music-reco-Jamendo-2-public\audio\metal\1283560\1283560.mp3,1283560.mp3,10,5.0,0,1AFLs_tqBfqNNHb5SMZalKwyJbrniLm0P
1292,metal,1287573,C:\Yukawa\Lab\Dataset\MTG-Jamendo-9mapping\9genre_music200_cqt\metal\1287573\cqt.npy,C:\Yukawa\music-reco-Jamendo-2-public\audio\metal\1287573\1287573.mp3,1287573.mp3,10,5.0,0,1qiUNNprKkP6ss-cDuyprhhJBD0-l2ce6
1293,metal,1287574,C:\Yukawa\Lab\Dataset\MTG-Jamendo-9mapping\9genre_music200_cqt\metal\1287574\cqt.npy,C:\Yukawa\music-reco-Jamendo-2-public\audio\metal\1287574\1287574.mp3,1287574.mp3,10,5.0,0,1le7WuWuxxP7MS7lXqhuOIvCxch4YklJE
1294,metal,1287575,C:\Yukawa\Lab\Dataset\MTG-Jamendo-9mapping\9genre_music200_cqt\metal\1287575\cqt.npy,C:\Yukawa\music-reco-Jamendo-2-public\audio\metal\1287575\1287575.mp3,1287575.mp3,10,5.0,0,1xOJ_UShkXD0DDrjnf0tUHEX6t2BM779w
1295,metal,1287576,C:\Yukawa\Lab\Dataset\MTG-Jamendo-9mapping\9genre_music200_cqt\metal\1287576\cqt.npy,C:\Yukawa\music-reco-Jamendo-2-public\audio\metal\1287576\1287576.mp3,1287576.mp3,10,5.0,0,1ev-eXwbrohjADuyRfsTnxOm0khSEuOgk
1296,metal,1299475,C:\Yukawa\Lab\Dataset\MTG-Jamendo-9mapping\9genre_music200_cqt\metal\1299475\cqt.npy,C:\Yukawa\music-reco-Jamendo-2-public\audio\metal\1299475\1299475.mp3,1299475.mp3,10,5.0,0,1rt8g6tEhbo73klzuErmuiwL03cC7RQqQ
1297,metal,1299476,C:\Yukawa\Lab\Dataset\MTG-Jamendo-9mapping\9genre_music200_cqt\metal\1299476\cqt.npy,C:\Yukawa\music-reco-Jamendo-2-public\audio\metal\1299476\1299476.mp3,1299476.mp3,10,5.0,0,1XPkq9oy36gq1j5XK1srqoYwj1N9T1LWo
1298,metal,1299477,C:\Yukawa\Lab\Dataset\MTG-Jamendo-9mapping\9genre_music200_cqt\metal\1299477\cqt.npy,C:\Yukawa\music-reco-Jamendo-2-public\audio\metal\1299477\1299477.mp3,1299477.mp3,10,5.0,0,19_13FihyacAbi1myCKawc8Wgu1E9j-PQ
1299,metal,1299478,C:\Yukawa\Lab\Dataset\MTG-Jamendo-9mapping\9genre_music200_cqt\metal\1299478\cqt.npy,C:\Yukawa\music-reco-Jamendo-2-public\audio\metal\1299478\1299478.mp3,1299478.mp3,10,5.0,0,1o29CBILBwebOCfkXhhI6Y8CRROtyZy2c
1300,metal,1299630,C:\Yukawa\Lab\Dataset\MTG-Jamendo-9mapping\9genre_music200_cqt\metal\1299630\cqt.npy,C:\Yukawa\music-reco-Jamendo-2-public\audio\metal\1299630\1299630.mp3,1299630.mp3,10,5.0,0,1OV-xD8H3BxSngJVkvEVZkMCsOkHBk0tc
1301,metal,1299636,C:\Yukawa\Lab\Dataset\MTG-Jamendo-9mapping\9genre_music200_cqt\metal\1299636\cqt.npy,C:\Yukawa\music-reco-Jamendo-2-public\audio\metal\1299636\1299636.mp3,1299636.mp3,10,5.0,0,1yqDFmsfREcORnJE0zYHhw452niiEYnrz
1302,metal,1319686,C:\Yukawa\Lab\Dataset\MTG-Jamendo-9mapping\9genre_music200_cqt\metal\1319686\cqt.npy,C:\Yukawa\music-reco-Jamendo-2-public\audio\metal\1319686\1319686.mp3,1319686.mp3,10,5.0,0,1aRgasCw1WndsirNr91ROuaVfHy1gHRFN
1303,metal,1321982,C:\Yukawa\Lab\Dataset\MTG-Jamendo-9mapping\9genre_music200_cqt\metal\1321982\cqt.npy,C:\Yukawa\music-reco-Jamendo-2-public\audio\metal\1321982\1321982.mp3,1321982.mp3,10,5.0,0,10_x2WUyxtNdq2MEKAd8cJnOGglJCOfnz
1304,metal,1321983,C:\Yukawa\Lab\Dataset\MTG-Jamendo-9mapping\9genre_music200_cqt\metal\1321983\cqt.npy,C:\Yukawa\music-reco-Jamendo-2-public\audio\metal\1321983\1321983.mp3,1321983.mp3,10,5.0,0,1RZQf83whXfTCj8IGph6eLkuBZrWKUbD-
1305,metal,1321985,C:\Yukawa\Lab\Dataset\MTG-Jamendo-9mapping\9genre_music200_cqt\metal\1321985\cqt.npy,C:\Yukawa\music-reco-Jamendo-2-public\audio\metal\1321985\1321985.mp3,1321985.mp3,10,5.0,0,1S0NX7eSe0gLPi6vNxXA-yRi8fqC2tN_c
1306,metal,1331574,C:\Yukawa\Lab\Dataset\MTG-Jamendo-9mapping\9genre_music200_cqt\metal\1331574\cqt.npy,C:\Yukawa\music-reco-Jamendo-2-public\audio\metal\1331574\1331574.mp3,1331574.mp3,10,5.0,0,1Mz9wsHAMBlNrWotKUe-1ARags6z2a8t1
1307,metal,1334745,C:\Yukawa\Lab\Dataset\MTG-Jamendo-9mapping\9genre_music200_cqt\metal\1334745\cqt.npy,C:\Yukawa\music-reco-Jamendo-2-public\audio\metal\1334745\1334745.mp3,1334745.mp3,10,5.0,0,1ic8qCd5fsIuzj8zrl1BYpZa0jlTJcewy
1308,metal,1334746,C:\Yukawa\Lab\Dataset\MTG-Jamendo-9mapping\9genre_music200_cqt\metal\1334746\cqt.npy,C:\Yukawa\music-reco-Jamendo-2-public\audio\metal\1334746\1334746.mp3,1334746.mp3,10,5.0,0,1Vwxv1tTqS-BP_uric9rqfn_MUCRkgeHO
1309,metal,1334748,C:\Yukawa\Lab\Dataset\MTG-Jamendo-9mapping\9genre_music200_cqt\metal\1334748\cqt.npy,C:\Yukawa\music-reco-Jamendo-2-public\audio\metal\1334748\1334748.mp3,1334748.mp3,10,5.0,0,15PckgBhetO-NOoJZc-7ws2YjhWJ-MuTF
1310,metal,1334752,C:\Yukawa\Lab\Dataset\MTG-Jamendo-9mapping\9genre_music200_cqt\metal\1334752\cqt.npy,C:\Yukawa\music-reco-Jamendo-2-public\audio\metal\1334752\1334752.mp3,1334752.mp3,10,5.0,0,18tNV1dffr5S8ZR4ye1h1Wyy6ee46V9EI
1311,metal,1334757,C:\Yukawa\Lab\Dataset\MTG-Jamendo-9mapping\9genre_music200_cqt\metal\1334757\cqt.npy,C:\Yukawa\music-reco-Jamendo-2-public\audio\metal\1334757\1334757.mp3,1334757.mp3,10,5.0,0,1ouc6R7ohZsFhqmIgDdlQ0iMt6xdyprQG
1312,metal,1334758,C:\Yukawa\Lab\Dataset\MTG-Jamendo-9mapping\9genre_music200_cqt\metal\1334758\cqt.npy,C:\Yukawa\music-reco-Jamendo-2-public\audio\metal\1334758\1334758.mp3,1334758.mp3,10,5.0,0,11rD3FFYQApcOfJa_yiHUKTDrhme4l3oD
1313,metal,1334759,C:\Yukawa\Lab\Dataset\MTG-Jamendo-9mapping\9genre_music200_cqt\metal\1334759\cqt.npy,C:\Yukawa\music-reco-Jamendo-2-public\audio\metal\1334759\1334759.mp3,1334759.mp3,10,5.0,0,1Ypw7BiA7YmHlfArIT15KlcLilSkV_08F
1314,metal,1334766,C:\Yukawa\Lab\Dataset\MTG-Jamendo-9mapping\9genre_music200_cqt\metal\1334766\cqt.npy,C:\Yukawa\music-reco-Jamendo-2-public\audio\metal\1334766\1334766.mp3,1334766.mp3,10,5.0,0,1bdx9X5cjWbemkDzBAwcgh8EqO_hCGNYf
1315,metal,1339471,C:\Yukawa\Lab\Dataset\MTG-Jamendo-9mapping\9genre_music200_cqt\metal\1339471\cqt.npy,C:\Yukawa\music-reco-Jamendo-2-public\audio\metal\1339471\1339471.mp3,1339471.mp3,10,5.0,0,1Bf_8UEGyxq733IM1AhFk-pB7uq4tNvzL
1316,metal,1339480,C:\Yukawa\Lab\Dataset\MTG-Jamendo-9mapping\9genre_music200_cqt\metal\1339480\cqt.npy,C:\Yukawa\music-reco-Jamendo-2-public\audio\metal\1339480\1339480.mp3,1339480.mp3,10,5.0,0,18XHha2sFHItXpVo8wfxPHr6j8KD_8HM1
1317,metal,1339481,C:\Yukawa\Lab\Dataset\MTG-Jamendo-9mapping\9genre_music200_cqt\metal\1339481\cqt.npy,C:\Yukawa\music-reco-Jamendo-2-public\audio\metal\1339481\1339481.mp3,1339481.mp3,10,5.0,0,1-ruZNpZ7StTcGOs8yvkvSqvTqWKPDjGh
1318,metal,1339596,C:\Yukawa\Lab\Dataset\MTG-Jamendo-9mapping\9genre_music200_cqt\metal\1339596\cqt.npy,C:\Yukawa\music-reco-Jamendo-2-public\audio\metal\1339596\1339596.mp3,1339596.mp3,10,5.0,0,1kJTziDdC7ugM6WRF8pUDHlnQtFjxh7qa
1319,metal,1339598,C:\Yukawa\Lab\Dataset\MTG-Jamendo-9mapping\9genre_music200_cqt\metal\1339598\cqt.npy,C:\Yukawa\music-reco-Jamendo-2-public\audio\metal\1339598\1339598.mp3,1339598.mp3,10,5.0,0,1Heneuye-OhJO97PnTa-4kdUwkM0pdxim
1320,metal,1339667,C:\Yukawa\Lab\Dataset\MTG-Jamendo-9mapping\9genre_music200_cqt\metal\1339667\cqt.npy,C:\Yukawa\music-reco-Jamendo-2-public\audio\metal\1339667\1339667.mp3,1339667.mp3,10,5.0,0,1wTIi1NCo77qNxSQiX89E8uLHHvUaD-Ls
1321,metal,1339668,C:\Yukawa\Lab\Dataset\MTG-Jamendo-9mapping\9genre_music200_cqt\metal\1339668\cqt.npy,C:\Yukawa\music-reco-Jamendo-2-public\audio\metal\1339668\1339668.mp3,1339668.mp3,10,5.0,0,12LCsz4G3BKvCw9FAQMXmXG5dHxAg-CSc
1322,metal,1339672,C:\Yukawa\Lab\Dataset\MTG-Jamendo-9mapping\9genre_music200_cqt\metal\1339672\cqt.npy,C:\Yukawa\music-reco-Jamendo-2-public\audio\metal\1339672\1339672.mp3,1339672.mp3,10,5.0,0,17FGOesxD8zdYQ9zO6JrTaH8eCCsiHa4s
1323,metal,1339673,C:\Yukawa\Lab\Dataset\MTG-Jamendo-9mapping\9genre_music200_cqt\metal\1339673\cqt.npy,C:\Yukawa\music-reco-Jamendo-2-public\audio\metal\1339673\1339673.mp3,1339673.mp3,10,5.0,0,1Ht_F8klW1HcSk5PnAlq0TaqLwd47jnYd
1324,metal,1339674,C:\Yukawa\Lab\Dataset\MTG-Jamendo-9mapping\9genre_music200_cqt\metal\1339674\cqt.npy,C:\Yukawa\music-reco-Jamendo-2-public\audio\metal\1339674\1339674.mp3,1339674.mp3,10,5.0,0,1tduaeqgrqbbg_P0qxuvjul4bXE-DK0fX
1325,metal,1339675,C:\Yukawa\Lab\Dataset\MTG-Jamendo-9mapping\9genre_music200_cqt\metal\1339675\cqt.npy,C:\Yukawa\music-reco-Jamendo-2-public\audio\metal\1339675\1339675.mp3,1339675.mp3,10,5.0,0,1mw7n_cKq5ru_wdYssIbcKg9UnGjTWpsR
1326,metal,1339683,C:\Yukawa\Lab\Dataset\MTG-Jamendo-9mapping\9genre_music200_cqt\metal\1339683\cqt.npy,C:\Yukawa\music-reco-Jamendo-2-public\audio\metal\1339683\1339683.mp3,1339683.mp3,10,5.0,0,1JyRflt7C0asDBsOvIIZh8kylgDWItpUc
1327,metal,1339873,C:\Yukawa\Lab\Dataset\MTG-Jamendo-9mapping\9genre_music200_cqt\metal\1339873\cqt.npy,C:\Yukawa\music-reco-Jamendo-2-public\audio\metal\1339873\1339873.mp3,1339873.mp3,10,5.0,0,1G3gfrKpGqoa15BXIiQ8CYV6brw16gFUp
1328,metal,1339875,C:\Yukawa\Lab\Dataset\MTG-Jamendo-9mapping\9genre_music200_cqt\metal\1339875\cqt.npy,C:\Yukawa\music-reco-Jamendo-2-public\audio\metal\1339875\1339875.mp3,1339875.mp3,10,5.0,0,1n8YDHoved-0Hnw58VTGenrUOIiykb6m_
1329,metal,1339876,C:\Yukawa\Lab\Dataset\MTG-Jamendo-9mapping\9genre_music200_cqt\metal\1339876\cqt.npy,C:\Yukawa\music-reco-Jamendo-2-public\audio\metal\1339876\1339876.mp3,1339876.mp3,10,5.0,0,12VEocesrxfVOfyqYmi5AV3EckiMULuv1
1330,metal,1340592,C:\Yukawa\Lab\Dataset\MTG-Jamendo-9mapping\9genre_music200_cqt\metal\1340592\cqt.npy,C:\Yukawa\music-reco-Jamendo-2-public\audio\metal\1340592\1340592.mp3,1340592.mp3,10,5.0,0,1v0ib17uM2Oe4BL9DKQquAL2FiKez50EX
1331,metal,1340593,C:\Yukawa\Lab\Dataset\MTG-Jamendo-9mapping\9genre_music200_cqt\metal\1340593\cqt.npy,C:\Yukawa\music-reco-Jamendo-2-public\audio\metal\1340593\1340593.mp3,1340593.mp3,10,5.0,0,1X8fYlG62oh17NMBdlRwJaVWdy9VauW2x
1332,metal,1340594,C:\Yukawa\Lab\Dataset\MTG-Jamendo-9mapping\9genre_music200_cqt\metal\1340594\cqt.npy,C:\Yukawa\music-reco-Jamendo-2-public\audio\metal\1340594\1340594.mp3,1340594.mp3,10,5.0,0,1sqgr640hCMhmHMl7_moHbW1DzCLaON05
1333,metal,1345952,C:\Yukawa\Lab\Dataset\MTG-Jamendo-9mapping\9genre_music200_cqt\metal\1345952\cqt.npy,C:\Yukawa\music-reco-Jamendo-2-public\audio\metal\1345952\1345952.mp3,1345952.mp3,10,5.0,0,1LrV4n7_9n-ewMoWP2vujVUc-pLEgrwOh
1334,metal,1345953,C:\Yukawa\Lab\Dataset\MTG-Jamendo-9mapping\9genre_music200_cqt\metal\1345953\cqt.npy,C:\Yukawa\music-reco-Jamendo-2-public\audio\metal\1345953\1345953.mp3,1345953.mp3,10,5.0,0,1BJtT2pyxr8AgdOf-fOsRIRAUT5-7Qd7Q
1335,metal,1345954,C:\Yukawa\Lab\Dataset\MTG-Jamendo-9mapping\9genre_music200_cqt\metal\1345954\cqt.npy,C:\Yukawa\music-reco-Jamendo-2-public\audio\metal\1345954\1345954.mp3,1345954.mp3,10,5.0,0,1iWo1PkIN-vHmXe9bmpcXoaqjKC2UvMu4
1336,metal,1345955,C:\Yukawa\Lab\Dataset\MTG-Jamendo-9mapping\9genre_music200_cqt\metal\1345955\cqt.npy,C:\Yukawa\music-reco-Jamendo-2-public\audio\metal\1345955\1345955.mp3,1345955.mp3,10,5.0,0,13D-aisgO-qaI4rT2luQul305PnumJ9m-
1337,metal,1345956,C:\Yukawa\Lab\Dataset\MTG-Jamendo-9mapping\9genre_music200_cqt\metal\1345956\cqt.npy,C:\Yukawa\music-reco-Jamendo-2-public\audio\metal\1345956\1345956.mp3,1345956.mp3,10,5.0,0,1T0yamN4m36Zhxo1_cZcWwe_hGW42W2QW
1338,metal,1350542,C:\Yukawa\Lab\Dataset\MTG-Jamendo-9mapping\9genre_music200_cqt\metal\1350542\cqt.npy,C:\Yukawa\music-reco-Jamendo-2-public\audio\metal\1350542\1350542.mp3,1350542.mp3,10,5.0,0,1ETEOD7wVlUaE_KVUafIXQW-9HOywjxJb
1339,metal,1350543,C:\Yukawa\Lab\Dataset\MTG-Jamendo-9mapping\9genre_music200_cqt\metal\1350543\cqt.npy,C:\Yukawa\music-reco-Jamendo-2-public\audio\metal\1350543\1350543.mp3,1350543.mp3,10,5.0,0,1VD8-LyLQ363DU3cYNL90yrFCyT7NDsb0
1340,metal,1350544,C:\Yukawa\Lab\Dataset\MTG-Jamendo-9mapping\9genre_music200_cqt\metal\1350544\cqt.npy,C:\Yukawa\music-reco-Jamendo-2-public\audio\metal\1350544\1350544.mp3,1350544.mp3,10,5.0,0,1rEAs8zMuMLmOmZfqp8Mcg5Hos3uRcIl9
1341,metal,1350547,C:\Yukawa\Lab\Dataset\MTG-Jamendo-9mapping\9genre_music200_cqt\metal\1350547\cqt.npy,C:\Yukawa\music-reco-Jamendo-2-public\audio\metal\1350547\1350547.mp3,1350547.mp3,10,5.0,0,1t7PGExpECEcUO9fFCkMXhoRXPrLNEbIy
1342,metal,1353822,C:\Yukawa\Lab\Dataset\MTG-Jamendo-9mapping\9genre_music200_cqt\metal\1353822\cqt.npy,C:\Yukawa\music-reco-Jamendo-2-public\audio\metal\1353822\1353822.mp3,1353822.mp3,10,5.0,0,1HOV-g_AGU47HiTTExBkhCwwKNeVE7yzn
1343,metal,1354717,C:\Yukawa\Lab\Dataset\MTG-Jamendo-9mapping\9genre_music200_cqt\metal\1354717\cqt.npy,C:\Yukawa\music-reco-Jamendo-2-public\audio\metal\1354717\1354717.mp3,1354717.mp3,10,5.0,0,11trqyWc7EV8fdYipS8DgSJMko9-0oqpP
1344,metal,1358446,C:\Yukawa\Lab\Dataset\MTG-Jamendo-9mapping\9genre_music200_cqt\metal\1358446\cqt.npy,C:\Yukawa\music-reco-Jamendo-2-public\audio\metal\1358446\1358446.mp3,1358446.mp3,10,5.0,0,1T-8p-dOHMoF8TZxKg124RuNqGAx_6erh
1345,metal,1358447,C:\Yukawa\Lab\Dataset\MTG-Jamendo-9mapping\9genre_music200_cqt\metal\1358447\cqt.npy,C:\Yukawa\music-reco-Jamendo-2-public\audio\metal\1358447\1358447.mp3,1358447.mp3,10,5.0,0,1hzBxg7AAqfwc1_elvg2JZIi0Si55cFdZ
1346,metal,1358448,C:\Yukawa\Lab\Dataset\MTG-Jamendo-9mapping\9genre_music200_cqt\metal\1358448\cqt.npy,C:\Yukawa\music-reco-Jamendo-2-public\audio\metal\1358448\1358448.mp3,1358448.mp3,10,5.0,0,1sTrHMUVVUTfks0GRqsFcW2nxPWnZ2B3U
1347,metal,1358450,C:\Yukawa\Lab\Dataset\MTG-Jamendo-9mapping\9genre_music200_cqt\metal\1358450\cqt.npy,C:\Yukawa\music-reco-Jamendo-2-public\audio\metal\1358450\1358450.mp3,1358450.mp3,10,5.0,0,1U4QGPTfMyU_vHKoM_B8dC6qIDRev99SX
1348,metal,1363579,C:\Yukawa\Lab\Dataset\MTG-Jamendo-9mapping\9genre_music200_cqt\metal\1363579\cqt.npy,C:\Yukawa\music-reco-Jamendo-2-public\audio\metal\1363579\1363579.mp3,1363579.mp3,10,5.0,0,1GKk5jzGs1InkfQnbhy14-kDJ87eE2Mqs
1349,metal,1363581,C:\Yukawa\Lab\Dataset\MTG-Jamendo-9mapping\9genre_music200_cqt\metal\1363581\cqt.npy,C:\Yukawa\music-reco-Jamendo-2-public\audio\metal\1363581\1363581.mp3,1363581.mp3,10,5.0,0,1elp70Mo1y8KVwvWRd9-DbZL51DS-qNAR
1350,metal,1364619,C:\Yukawa\Lab\Dataset\MTG-Jamendo-9mapping\9genre_music200_cqt\metal\1364619\cqt.npy,C:\Yukawa\music-reco-Jamendo-2-public\audio\metal\1364619\1364619.mp3,1364619.mp3,10,5.0,0,1vmyFTG20O0dBgcpO0zeVIuAmTCxwosVh
1351,metal,1364621,C:\Yukawa\Lab\Dataset\MTG-Jamendo-9mapping\9genre_music200_cqt\metal\1364621\cqt.npy,C:\Yukawa\music-reco-Jamendo-2-public\audio\metal\1364621\1364621.mp3,1364621.mp3,10,5.0,0,1BmVWvFjjfHjzo53oE_cuZoFxMWZ7dWvK
1352,metal,1364625,C:\Yukawa\Lab\Dataset\MTG-Jamendo-9mapping\9genre_music200_cqt\metal\1364625\cqt.npy,C:\Yukawa\music-reco-Jamendo-2-public\audio\metal\1364625\1364625.mp3,1364625.mp3,10,5.0,0,1EsiLnbg5ww-lHYIXaaxkwDl_NWCsUT-R
1353,metal,1364626,C:\Yukawa\Lab\Dataset\MTG-Jamendo-9mapping\9genre_music200_cqt\metal\1364626\cqt.npy,C:\Yukawa\music-reco-Jamendo-2-public\audio\metal\1364626\1364626.mp3,1364626.mp3,10,5.0,0,1bXUJm8KMQCxjEF29so7b3vSG4Y9QnBXW
1354,metal,1365049,C:\Yukawa\Lab\Dataset\MTG-Jamendo-9mapping\9genre_music200_cqt\metal\1365049\cqt.npy,C:\Yukawa\music-reco-Jamendo-2-public\audio\metal\1365049\1365049.mp3,1365049.mp3,10,5.0,0,1_zS_vVzG7WCy0jPQiVJAsr6fpscO0qB5
1355,metal,1365050,C:\Yukawa\Lab\Dataset\MTG-Jamendo-9mapping\9genre_music200_cqt\metal\1365050\cqt.npy,C:\Yukawa\music-reco-Jamendo-2-public\audio\metal\1365050\1365050.mp3,1365050.mp3,10,5.0,0,13jyQyYKGcw5TJI-ux_KmQfK90sJn6eYE
1356,metal,1365055,C:\Yukawa\Lab\Dataset\MTG-Jamendo-9mapping\9genre_music200_cqt\metal\1365055\cqt.npy,C:\Yukawa\music-reco-Jamendo-2-public\audio\metal\1365055\1365055.mp3,1365055.mp3,10,5.0,0,1S3qEJgi3jHEOMP6j32Cjv2q4CC2ydp2z
1357,metal,1365074,C:\Yukawa\Lab\Dataset\MTG-Jamendo-9mapping\9genre_music200_cqt\metal\1365074\cqt.npy,C:\Yukawa\music-reco-Jamendo-2-public\audio\metal\1365074\1365074.mp3,1365074.mp3,10,5.0,0,1W-kGN-cw0MYOtvOTNeb9qGN97gEWxsI-
1358,metal,1365077,C:\Yukawa\Lab\Dataset\MTG-Jamendo-9mapping\9genre_music200_cqt\metal\1365077\cqt.npy,C:\Yukawa\music-reco-Jamendo-2-public\audio\metal\1365077\1365077.mp3,1365077.mp3,10,5.0,0,17GaD3O2QJhT345bx1dkfr2JizYBPHKCn
1359,metal,1365119,C:\Yukawa\Lab\Dataset\MTG-Jamendo-9mapping\9genre_music200_cqt\metal\1365119\cqt.npy,C:\Yukawa\music-reco-Jamendo-2-public\audio\metal\1365119\1365119.mp3,1365119.mp3,10,5.0,0,1lM1iyQ5eGnKjocJSeARlFMV-rEYZjnNt
1360,metal,1365120,C:\Yukawa\Lab\Dataset\MTG-Jamendo-9mapping\9genre_music200_cqt\metal\1365120\cqt.npy,C:\Yukawa\music-reco-Jamendo-2-public\audio\metal\1365120\1365120.mp3,1365120.mp3,10,5.0,0,1lHA8dZrXhrzFqCwqRkfRkvs9IdF5A7oL
1361,metal,1365121,C:\Yukawa\Lab\Dataset\MTG-Jamendo-9mapping\9genre_music200_cqt\metal\1365121\cqt.npy,C:\Yukawa\music-reco-Jamendo-2-public\audio\metal\1365121\1365121.mp3,1365121.mp3,10,5.0,0,1v6gTQcCgug9ySSzWka1dwU-ExF-Kud-e
1362,metal,1365122,C:\Yukawa\Lab\Dataset\MTG-Jamendo-9mapping\9genre_music200_cqt\metal\1365122\cqt.npy,C:\Yukawa\music-reco-Jamendo-2-public\audio\metal\1365122\1365122.mp3,1365122.mp3,10,5.0,0,1JxswiK3RPR2FLCQw8fhzXSaAGaxOP5K_
1363,metal,1365123,C:\Yukawa\Lab\Dataset\MTG-Jamendo-9mapping\9genre_music200_cqt\metal\1365123\cqt.npy,C:\Yukawa\music-reco-Jamendo-2-public\audio\metal\1365123\1365123.mp3,1365123.mp3,10,5.0,0,1f2LKkGgCxVkBnh7Z27Sd_kY6g7qw7fol
1364,metal,1365124,C:\Yukawa\Lab\Dataset\MTG-Jamendo-9mapping\9genre_music200_cqt\metal\1365124\cqt.npy,C:\Yukawa\music-reco-Jamendo-2-public\audio\metal\1365124\1365124.mp3,1365124.mp3,10,5.0,0,1V9xRYFMhr-WYWvlX-mq6f9SVxgGpQyqp
1365,metal,1365125,C:\Yukawa\Lab\Dataset\MTG-Jamendo-9mapping\9genre_music200_cqt\metal\1365125\cqt.npy,C:\Yukawa\music-reco-Jamendo-2-public\audio\metal\1365125\1365125.mp3,1365125.mp3,10,5.0,0,1ICakwXZMWNntraSToRkcAyIRn3CtXpPf
1366,metal,1365126,C:\Yukawa\Lab\Dataset\MTG-Jamendo-9mapping\9genre_music200_cqt\metal\1365126\cqt.npy,C:\Yukawa\music-reco-Jamendo-2-public\audio\metal\1365126\1365126.mp3,1365126.mp3,10,5.0,0,1Q2glN9X8yGtAly5ZKiY5vpDRP6RPGBMf
1367,metal,1365127,C:\Yukawa\Lab\Dataset\MTG-Jamendo-9mapping\9genre_music200_cqt\metal\1365127\cqt.npy,C:\Yukawa\music-reco-Jamendo-2-public\audio\metal\1365127\1365127.mp3,1365127.mp3,10,5.0,0,1alw1_iTNx4dxaV0DRLCshE77GSwL1Ovw
1368,metal,1368399,C:\Yukawa\Lab\Dataset\MTG-Jamendo-9mapping\9genre_music200_cqt\metal\1368399\cqt.npy,C:\Yukawa\music-reco-Jamendo-2-public\audio\metal\1368399\1368399.mp3,1368399.mp3,10,5.0,0,1CCKaGufP8ow-GCP7F7Eq6C2ZuApgZLGv
1369,metal,1369410,C:\Yukawa\Lab\Dataset\MTG-Jamendo-9mapping\9genre_music200_cqt\metal\1369410\cqt.npy,C:\Yukawa\music-reco-Jamendo-2-public\audio\metal\1369410\1369410.mp3,1369410.mp3,10,5.0,0,1Ih9YukTopMSqJCDGBQuhC68xtCB85f-o
1370,metal,1369411,C:\Yukawa\Lab\Dataset\MTG-Jamendo-9mapping\9genre_music200_cqt\metal\1369411\cqt.npy,C:\Yukawa\music-reco-Jamendo-2-public\audio\metal\1369411\1369411.mp3,1369411.mp3,10,5.0,0,1NRPPXIUyKVLJoAKIDbKMDlZAp6VCdiux
1371,metal,1369412,C:\Yukawa\Lab\Dataset\MTG-Jamendo-9mapping\9genre_music200_cqt\metal\1369412\cqt.npy,C:\Yukawa\music-reco-Jamendo-2-public\audio\metal\1369412\1369412.mp3,1369412.mp3,10,5.0,0,1CckuTF_t2hzzUKfFG8i0Gd6Gi04vKBRb
1372,metal,1369413,C:\Yukawa\Lab\Dataset\MTG-Jamendo-9mapping\9genre_music200_cqt\metal\1369413\cqt.npy,C:\Yukawa\music-reco-Jamendo-2-public\audio\metal\1369413\1369413.mp3,1369413.mp3,10,5.0,0,1tyW9lRUB5tD8F5lthqpbeagu1WsyB1HK
1373,metal,1370483,C:\Yukawa\Lab\Dataset\MTG-Jamendo-9mapping\9genre_music200_cqt\metal\1370483\cqt.npy,C:\Yukawa\music-reco-Jamendo-2-public\audio\metal\1370483\1370483.mp3,1370483.mp3,10,5.0,0,1nshqex1XtE2qYmor_y6GSSt5lxhkxWDV
1374,metal,1370484,C:\Yukawa\Lab\Dataset\MTG-Jamendo-9mapping\9genre_music200_cqt\metal\1370484\cqt.npy,C:\Yukawa\music-reco-Jamendo-2-public\audio\metal\1370484\1370484.mp3,1370484.mp3,10,5.0,0,1LNH9915vK151y2cXKrExG4FdmkgOIgGQ
1375,metal,1370485,C:\Yukawa\Lab\Dataset\MTG-Jamendo-9mapping\9genre_music200_cqt\metal\1370485\cqt.npy,C:\Yukawa\music-reco-Jamendo-2-public\audio\metal\1370485\1370485.mp3,1370485.mp3,10,5.0,0,1pHSgeAFiOJ_sAKuTBjiYXR73VrHbEzVF
1376,metal,1370486,C:\Yukawa\Lab\Dataset\MTG-Jamendo-9mapping\9genre_music200_cqt\metal\1370486\cqt.npy,C:\Yukawa\music-reco-Jamendo-2-public\audio\metal\1370486\1370486.mp3,1370486.mp3,10,5.0,0,1YC0FP_L4oTj1dSvfB6BloHSCZsGpdl_W
1377,metal,1371745,C:\Yukawa\Lab\Dataset\MTG-Jamendo-9mapping\9genre_music200_cqt\metal\1371745\cqt.npy,C:\Yukawa\music-reco-Jamendo-2-public\audio\metal\1371745\1371745.mp3,1371745.mp3,10,5.0,0,1BuARCphxG8EcpzcuzLXmZY4IcA3HOzO_
1378,metal,1371746,C:\Yukawa\Lab\Dataset\MTG-Jamendo-9mapping\9genre_music200_cqt\metal\1371746\cqt.npy,C:\Yukawa\music-reco-Jamendo-2-public\audio\metal\1371746\1371746.mp3,1371746.mp3,10,5.0,0,1Ly-f4VttaQmEi28CuYcvVdLvJAoJIE2g
1379,metal,1371747,C:\Yukawa\Lab\Dataset\MTG-Jamendo-9mapping\9genre_music200_cqt\metal\1371747\cqt.npy,C:\Yukawa\music-reco-Jamendo-2-public\audio\metal\1371747\1371747.mp3,1371747.mp3,10,5.0,0,1Th3Ne6PIKvXr7M7PxTdJ7IMyJjbCKF46
1380,metal,1371748,C:\Yukawa\Lab\Dataset\MTG-Jamendo-9mapping\9genre_music200_cqt\metal\1371748\cqt.npy,C:\Yukawa\music-reco-Jamendo-2-public\audio\metal\1371748\1371748.mp3,1371748.mp3,10,5.0,0,10x3sPswkOD-dSwWXuX8daFA8hAO_ud8c
1381,metal,1374944,C:\Yukawa\Lab\Dataset\MTG-Jamendo-9mapping\9genre_music200_cqt\metal\1374944\cqt.npy,C:\Yukawa\music-reco-Jamendo-2-public\audio\metal\1374944\1374944.mp3,1374944.mp3,10,5.0,0,1T-dXsZm3AD4Hva5dOR3RlXoIMqvkj2vf
1382,metal,1374945,C:\Yukawa\Lab\Dataset\MTG-Jamendo-9mapping\9genre_music200_cqt\metal\1374945\cqt.npy,C:\Yukawa\music-reco-Jamendo-2-public\audio\metal\1374945\1374945.mp3,1374945.mp3,10,5.0,0,18_rVX_6ycgZO8-JTYAa67FTT546heW09
1383,metal,1374947,C:\Yukawa\Lab\Dataset\MTG-Jamendo-9mapping\9genre_music200_cqt\metal\1374947\cqt.npy,C:\Yukawa\music-reco-Jamendo-2-public\audio\metal\1374947\1374947.mp3,1374947.mp3,10,5.0,0,1SVDyHizh8OUsB2W-A0cuKNLJY4KHm0gp
1384,metal,1374950,C:\Yukawa\Lab\Dataset\MTG-Jamendo-9mapping\9genre_music200_cqt\metal\1374950\cqt.npy,C:\Yukawa\music-reco-Jamendo-2-public\audio\metal\1374950\1374950.mp3,1374950.mp3,10,5.0,0,1c7vunwrPyveoDkP7iGOwMjkg1MApduzE
1385,metal,1378519,C:\Yukawa\Lab\Dataset\MTG-Jamendo-9mapping\9genre_music200_cqt\metal\1378519\cqt.npy,C:\Yukawa\music-reco-Jamendo-2-public\audio\metal\1378519\1378519.mp3,1378519.mp3,10,5.0,0,1BZB3zJ5uZa-IxUacldN53t97Liowz9UN
1386,metal,1378520,C:\Yukawa\Lab\Dataset\MTG-Jamendo-9mapping\9genre_music200_cqt\metal\1378520\cqt.npy,C:\Yukawa\music-reco-Jamendo-2-public\audio\metal\1378520\1378520.mp3,1378520.mp3,10,5.0,0,1DM0iOXrrUuwoH4B9cJLDuzqJp_gcdrgh
1387,metal,1378521,C:\Yukawa\Lab\Dataset\MTG-Jamendo-9mapping\9genre_music200_cqt\metal\1378521\cqt.npy,C:\Yukawa\music-reco-Jamendo-2-public\audio\metal\1378521\1378521.mp3,1378521.mp3,10,5.0,0,1e_UcHiG23Rt1M4qKbp0wTyRAJh9_3N9-
1388,metal,1378522,C:\Yukawa\Lab\Dataset\MTG-Jamendo-9mapping\9genre_music200_cqt\metal\1378522\cqt.npy,C:\Yukawa\music-reco-Jamendo-2-public\audio\metal\1378522\1378522.mp3,1378522.mp3,10,5.0,0,1zN9giuVgvKCtdQsP9U8wLUBA8E7vswCx
1389,metal,1394416,C:\Yukawa\Lab\Dataset\MTG-Jamendo-9mapping\9genre_music200_cqt\metal\1394416\cqt.npy,C:\Yukawa\music-reco-Jamendo-2-public\audio\metal\1394416\1394416.mp3,1394416.mp3,10,5.0,0,1L8tQ5rIXrEaI2Nh0H_5Lgo6NiHJsLwDd
1390,metal,1394417,C:\Yukawa\Lab\Dataset\MTG-Jamendo-9mapping\9genre_music200_cqt\metal\1394417\cqt.npy,C:\Yukawa\music-reco-Jamendo-2-public\audio\metal\1394417\1394417.mp3,1394417.mp3,10,5.0,0,1S-N7-Kk3n8U5pF8uZ54jEIhXx0CaYrH3
1391,metal,1394418,C:\Yukawa\Lab\Dataset\MTG-Jamendo-9mapping\9genre_music200_cqt\metal\1394418\cqt.npy,C:\Yukawa\music-reco-Jamendo-2-public\audio\metal\1394418\1394418.mp3,1394418.mp3,10,5.0,0,1BcZZeLrdIa-KY_bva0EKKGBhi7blKyXb
1392,metal,1394419,C:\Yukawa\Lab\Dataset\MTG-Jamendo-9mapping\9genre_music200_cqt\metal\1394419\cqt.npy,C:\Yukawa\music-reco-Jamendo-2-public\audio\metal\1394419\1394419.mp3,1394419.mp3,10,5.0,0,1whGy0zSoPJDcPF8CoeEodxJE8zH26UHa
1393,metal,1394420,C:\Yukawa\Lab\Dataset\MTG-Jamendo-9mapping\9genre_music200_cqt\metal\1394420\cqt.npy,C:\Yukawa\music-reco-Jamendo-2-public\audio\metal\1394420\1394420.mp3,1394420.mp3,10,5.0,0,1woKXqQsm70tvu3qVa77AyUZ9t8C0gPNW
1394,metal,1394421,C:\Yukawa\Lab\Dataset\MTG-Jamendo-9mapping\9genre_music200_cqt\metal\1394421\cqt.npy,C:\Yukawa\music-reco-Jamendo-2-public\audio\metal\1394421\1394421.mp3,1394421.mp3,10,5.0,0,1-HyDLlnwx_4j0qoVP6zWCvVGRlxeZY4I
1395,metal,1394422,C:\Yukawa\Lab\Dataset\MTG-Jamendo-9mapping\9genre_music200_cqt\metal\1394422\cqt.npy,C:\Yukawa\music-reco-Jamendo-2-public\audio\metal\1394422\1394422.mp3,1394422.mp3,10,5.0,0,1ITQHOxG3TLW2mrW6GZsw6g9ROOEQpyRp
1396,metal,1394423,C:\Yukawa\Lab\Dataset\MTG-Jamendo-9mapping\9genre_music200_cqt\metal\1394423\cqt.npy,C:\Yukawa\music-reco-Jamendo-2-public\audio\metal\1394423\1394423.mp3,1394423.mp3,10,5.0,0,1OHrGh379nR-2opeI5ri7ehZBhtsuY0Ma
1397,metal,1394424,C:\Yukawa\Lab\Dataset\MTG-Jamendo-9mapping\9genre_music200_cqt\metal\1394424\cqt.npy,C:\Yukawa\music-reco-Jamendo-2-public\audio\metal\1394424\1394424.mp3,1394424.mp3,10,5.0,0,1tgaQS_whTRDpP2zlpEysnFJjiVoMw2TV
1398,metal,1394786,C:\Yukawa\Lab\Dataset\MTG-Jamendo-9mapping\9genre_music200_cqt\metal\1394786\cqt.npy,C:\Yukawa\music-reco-Jamendo-2-public\audio\metal\1394786\1394786.mp3,1394786.mp3,10,5.0,0,1OkehY8shFea3eGIRRDAT1in5FdVIeJY9
1399,metal,1394787,C:\Yukawa\Lab\Dataset\MTG-Jamendo-9mapping\9genre_music200_cqt\metal\1394787\cqt.npy,C:\Yukawa\music-reco-Jamendo-2-public\audio\metal\1394787\1394787.mp3,1394787.mp3,10,5.0,0,1zFuUoOrib50DSEzZ6NN1CYA31pEh5AvC
1400,pop,1001898,C:\Yukawa\Lab\Dataset\MTG-Jamendo-9mapping\9genre_music200_cqt\pop\1001898\cqt.npy,C:\Yukawa\music-reco-Jamendo-2-public\audio\pop\1001898\1001898.mp3,1001898.mp3,10,5.0,0,1NgKsVQ7xImmgqEUj8o0PkM1p8HvvrF7U
1401,pop,1001911,C:\Yukawa\Lab\Dataset\MTG-Jamendo-9mapping\9genre_music200_cqt\pop\1001911\cqt.npy,C:\Yukawa\music-reco-Jamendo-2-public\audio\pop\1001911\1001911.mp3,1001911.mp3,10,5.0,0,16_YbLUgeuYRJcOXg73XSE0JFMsfKokyi
1402,pop,1001917,C:\Yukawa\Lab\Dataset\MTG-Jamendo-9mapping\9genre_music200_cqt\pop\1001917\cqt.npy,C:\Yukawa\music-reco-Jamendo-2-public\audio\pop\1001917\1001917.mp3,1001917.mp3,10,5.0,0,1dXMtGNNKlRhEeWcft1PQ_gciwRHXM5kH
1403,pop,1001918,C:\Yukawa\Lab\Dataset\MTG-Jamendo-9mapping\9genre_music200_cqt\pop\1001918\cqt.npy,C:\Yukawa\music-reco-Jamendo-2-public\audio\pop\1001918\1001918.mp3,1001918.mp3,10,5.0,0,1uqNP7lsSggI_cdsAXUNnCgJ47yZZ6OmK
1404,pop,1001919,C:\Yukawa\Lab\Dataset\MTG-Jamendo-9mapping\9genre_music200_cqt\pop\1001919\cqt.npy,C:\Yukawa\music-reco-Jamendo-2-public\audio\pop\1001919\1001919.mp3,1001919.mp3,10,5.0,0,1oE2uB5jHxHzAH3aKnFuk8hRmVAcs8OkF
1405,pop,1001921,C:\Yukawa\Lab\Dataset\MTG-Jamendo-9mapping\9genre_music200_cqt\pop\1001921\cqt.npy,C:\Yukawa\music-reco-Jamendo-2-public\audio\pop\1001921\1001921.mp3,1001921.mp3,10,5.0,0,1MF3ZCjniqqqvGS1FjniTyMWOWWhS_WH0
1406,pop,1002010,C:\Yukawa\Lab\Dataset\MTG-Jamendo-9mapping\9genre_music200_cqt\pop\1002010\cqt.npy,C:\Yukawa\music-reco-Jamendo-2-public\audio\pop\1002010\1002010.mp3,1002010.mp3,10,5.0,0,1YwnJTX1I9i8rIB9QxOoq3asYzE8O9eai
1407,pop,1002014,C:\Yukawa\Lab\Dataset\MTG-Jamendo-9mapping\9genre_music200_cqt\pop\1002014\cqt.npy,C:\Yukawa\music-reco-Jamendo-2-public\audio\pop\1002014\1002014.mp3,1002014.mp3,10,5.0,0,1GSVysl6UJmIdixj0prcuKFPN4mw0ZzhG
1408,pop,1005214,C:\Yukawa\Lab\Dataset\MTG-Jamendo-9mapping\9genre_music200_cqt\pop\1005214\cqt.npy,C:\Yukawa\music-reco-Jamendo-2-public\audio\pop\1005214\1005214.mp3,1005214.mp3,10,5.0,0,19vSVRfb0_AjWTyrKTKnj0nrqb9Yp8hu7
1409,pop,1027698,C:\Yukawa\Lab\Dataset\MTG-Jamendo-9mapping\9genre_music200_cqt\pop\1027698\cqt.npy,C:\Yukawa\music-reco-Jamendo-2-public\audio\pop\1027698\1027698.mp3,1027698.mp3,10,5.0,0,1Lder6lFINMjqLxYYjFJn1S6AdVt5BS_S
1410,pop,1028843,C:\Yukawa\Lab\Dataset\MTG-Jamendo-9mapping\9genre_music200_cqt\pop\1028843\cqt.npy,C:\Yukawa\music-reco-Jamendo-2-public\audio\pop\1028843\1028843.mp3,1028843.mp3,10,5.0,0,1P6iT0veG9vkefXrdcOC0JoBWQ45m6kyB
1411,pop,1028847,C:\Yukawa\Lab\Dataset\MTG-Jamendo-9mapping\9genre_music200_cqt\pop\1028847\cqt.npy,C:\Yukawa\music-reco-Jamendo-2-public\audio\pop\1028847\1028847.mp3,1028847.mp3,10,5.0,0,1oSOWmQuKVEZQ55fGSQnTYilOeq61Kr7n
1412,pop,1030922,C:\Yukawa\Lab\Dataset\MTG-Jamendo-9mapping\9genre_music200_cqt\pop\1030922\cqt.npy,C:\Yukawa\music-reco-Jamendo-2-public\audio\pop\1030922\1030922.mp3,1030922.mp3,10,5.0,0,1qm_Vc5P-QJazLp7ysu2_VCEuFpuRK9qW
1413,pop,1030923,C:\Yukawa\Lab\Dataset\MTG-Jamendo-9mapping\9genre_music200_cqt\pop\1030923\cqt.npy,C:\Yukawa\music-reco-Jamendo-2-public\audio\pop\1030923\1030923.mp3,1030923.mp3,10,5.0,0,1oZ7ixY-kDzU3UnpypmW8ogYXjWTEL41n
1414,pop,1039971,C:\Yukawa\Lab\Dataset\MTG-Jamendo-9mapping\9genre_music200_cqt\pop\1039971\cqt.npy,C:\Yukawa\music-reco-Jamendo-2-public\audio\pop\1039971\1039971.mp3,1039971.mp3,10,5.0,0,1vwBphTV-a1R5UDsok6QYGpV8DLIBHOwU
1415,pop,1049542,C:\Yukawa\Lab\Dataset\MTG-Jamendo-9mapping\9genre_music200_cqt\pop\1049542\cqt.npy,C:\Yukawa\music-reco-Jamendo-2-public\audio\pop\1049542\1049542.mp3,1049542.mp3,10,5.0,0,1w72afFYtIZLB-plV4QwYe3K3cGfZCRcb
1416,pop,1049543,C:\Yukawa\Lab\Dataset\MTG-Jamendo-9mapping\9genre_music200_cqt\pop\1049543\cqt.npy,C:\Yukawa\music-reco-Jamendo-2-public\audio\pop\1049543\1049543.mp3,1049543.mp3,10,5.0,0,1u9TDDKXk68s9iQp-EGifQQMEtlMofhT6
1417,pop,1049544,C:\Yukawa\Lab\Dataset\MTG-Jamendo-9mapping\9genre_music200_cqt\pop\1049544\cqt.npy,C:\Yukawa\music-reco-Jamendo-2-public\audio\pop\1049544\1049544.mp3,1049544.mp3,10,5.0,0,14SZ3_3eZkE7cICDBR_uoUGnof-L0gV_0
1418,pop,1049548,C:\Yukawa\Lab\Dataset\MTG-Jamendo-9mapping\9genre_music200_cqt\pop\1049548\cqt.npy,C:\Yukawa\music-reco-Jamendo-2-public\audio\pop\1049548\1049548.mp3,1049548.mp3,10,5.0,0,1uphglGOH5vOBngZi3My7c_v7flzeuOZW
1419,pop,1049550,C:\Yukawa\Lab\Dataset\MTG-Jamendo-9mapping\9genre_music200_cqt\pop\1049550\cqt.npy,C:\Yukawa\music-reco-Jamendo-2-public\audio\pop\1049550\1049550.mp3,1049550.mp3,10,5.0,0,1gjic1s-vBvaEEEURWCG0OY9Yo8l79kH-
1420,pop,1050551,C:\Yukawa\Lab\Dataset\MTG-Jamendo-9mapping\9genre_music200_cqt\pop\1050551\cqt.npy,C:\Yukawa\music-reco-Jamendo-2-public\audio\pop\1050551\1050551.mp3,1050551.mp3,10,5.0,0,15JwXhgcT6oU_IAjkH4o1SEM36DID2jby
1421,pop,1059814,C:\Yukawa\Lab\Dataset\MTG-Jamendo-9mapping\9genre_music200_cqt\pop\1059814\cqt.npy,C:\Yukawa\music-reco-Jamendo-2-public\audio\pop\1059814\1059814.mp3,1059814.mp3,10,5.0,0,199wx1Hw2OY9tcNDqXXR8zBQDRK-1_Eti
1422,pop,1059815,C:\Yukawa\Lab\Dataset\MTG-Jamendo-9mapping\9genre_music200_cqt\pop\1059815\cqt.npy,C:\Yukawa\music-reco-Jamendo-2-public\audio\pop\1059815\1059815.mp3,1059815.mp3,10,5.0,0,1drjAgUSvYKt_vMLd5DPyD_Dij0nRcD5v
1423,pop,1059816,C:\Yukawa\Lab\Dataset\MTG-Jamendo-9mapping\9genre_music200_cqt\pop\1059816\cqt.npy,C:\Yukawa\music-reco-Jamendo-2-public\audio\pop\1059816\1059816.mp3,1059816.mp3,10,5.0,0,1naSTqeVMX0Xy_GD1U4QEmksW8UZvT1pa
1424,pop,1059819,C:\Yukawa\Lab\Dataset\MTG-Jamendo-9mapping\9genre_music200_cqt\pop\1059819\cqt.npy,C:\Yukawa\music-reco-Jamendo-2-public\audio\pop\1059819\1059819.mp3,1059819.mp3,10,5.0,0,1XmQvZdQU1E0NH3vMCrZAiaosEfZ_ElNU
1425,pop,1065756,C:\Yukawa\Lab\Dataset\MTG-Jamendo-9mapping\9genre_music200_cqt\pop\1065756\cqt.npy,C:\Yukawa\music-reco-Jamendo-2-public\audio\pop\1065756\1065756.mp3,1065756.mp3,10,5.0,0,16QJoLOtkV3AQXP0NmYLl2l0ATSL_k4fW
1426,pop,1065758,C:\Yukawa\Lab\Dataset\MTG-Jamendo-9mapping\9genre_music200_cqt\pop\1065758\cqt.npy,C:\Yukawa\music-reco-Jamendo-2-public\audio\pop\1065758\1065758.mp3,1065758.mp3,10,5.0,0,144rr2ixmZT10Q-rAEDm6P6D6CqK319ME
1427,pop,1065759,C:\Yukawa\Lab\Dataset\MTG-Jamendo-9mapping\9genre_music200_cqt\pop\1065759\cqt.npy,C:\Yukawa\music-reco-Jamendo-2-public\audio\pop\1065759\1065759.mp3,1065759.mp3,10,5.0,0,12CtyaxnaJRZ7KqII2COZZEdU79gooY4N
1428,pop,1065760,C:\Yukawa\Lab\Dataset\MTG-Jamendo-9mapping\9genre_music200_cqt\pop\1065760\cqt.npy,C:\Yukawa\music-reco-Jamendo-2-public\audio\pop\1065760\1065760.mp3,1065760.mp3,10,5.0,0,1E1oIsPuzx1qNe38LoLej8L9fT47K1Nnk
1429,pop,1065761,C:\Yukawa\Lab\Dataset\MTG-Jamendo-9mapping\9genre_music200_cqt\pop\1065761\cqt.npy,C:\Yukawa\music-reco-Jamendo-2-public\audio\pop\1065761\1065761.mp3,1065761.mp3,10,5.0,0,1UAyy4gmBRDARJycPVXLLd6zz3RqSxmbh
1430,pop,1065762,C:\Yukawa\Lab\Dataset\MTG-Jamendo-9mapping\9genre_music200_cqt\pop\1065762\cqt.npy,C:\Yukawa\music-reco-Jamendo-2-public\audio\pop\1065762\1065762.mp3,1065762.mp3,10,5.0,0,1wcMbSiXS0JPAz-_z4_H9j7MMqKPwqt4u
1431,pop,1065763,C:\Yukawa\Lab\Dataset\MTG-Jamendo-9mapping\9genre_music200_cqt\pop\1065763\cqt.npy,C:\Yukawa\music-reco-Jamendo-2-public\audio\pop\1065763\1065763.mp3,1065763.mp3,10,5.0,0,1J498oK7KkYvs_XlMyMosXAVth5d8x38t
1432,pop,1065764,C:\Yukawa\Lab\Dataset\MTG-Jamendo-9mapping\9genre_music200_cqt\pop\1065764\cqt.npy,C:\Yukawa\music-reco-Jamendo-2-public\audio\pop\1065764\1065764.mp3,1065764.mp3,10,5.0,0,10wVP9DBb6cFvmZlEdXOZlGHA-reZLfGM
1433,pop,1069328,C:\Yukawa\Lab\Dataset\MTG-Jamendo-9mapping\9genre_music200_cqt\pop\1069328\cqt.npy,C:\Yukawa\music-reco-Jamendo-2-public\audio\pop\1069328\1069328.mp3,1069328.mp3,10,5.0,0,1VKFRVL8K36MDk8dID6sguJUF7B5x3IFP
1434,pop,1069329,C:\Yukawa\Lab\Dataset\MTG-Jamendo-9mapping\9genre_music200_cqt\pop\1069329\cqt.npy,C:\Yukawa\music-reco-Jamendo-2-public\audio\pop\1069329\1069329.mp3,1069329.mp3,10,5.0,0,11siBDZRh6_m5Z-uZLwP6tMtla48I2hYI
1435,pop,1069339,C:\Yukawa\Lab\Dataset\MTG-Jamendo-9mapping\9genre_music200_cqt\pop\1069339\cqt.npy,C:\Yukawa\music-reco-Jamendo-2-public\audio\pop\1069339\1069339.mp3,1069339.mp3,10,5.0,0,1jUtBa6AQltrF7bG2RFXI8_Xy5qpnSuBW
1436,pop,1069340,C:\Yukawa\Lab\Dataset\MTG-Jamendo-9mapping\9genre_music200_cqt\pop\1069340\cqt.npy,C:\Yukawa\music-reco-Jamendo-2-public\audio\pop\1069340\1069340.mp3,1069340.mp3,10,5.0,0,1eCLTYH0GezR7V4bCZZXZEM1H6jGBFzX2
1437,pop,1069341,C:\Yukawa\Lab\Dataset\MTG-Jamendo-9mapping\9genre_music200_cqt\pop\1069341\cqt.npy,C:\Yukawa\music-reco-Jamendo-2-public\audio\pop\1069341\1069341.mp3,1069341.mp3,10,5.0,0,1bOp6ukl-h8q7SnsP-jJgGU3MR1Cn0RO9
1438,pop,1081519,C:\Yukawa\Lab\Dataset\MTG-Jamendo-9mapping\9genre_music200_cqt\pop\1081519\cqt.npy,C:\Yukawa\music-reco-Jamendo-2-public\audio\pop\1081519\1081519.mp3,1081519.mp3,10,5.0,0,1rgU3dJdP9HnuPxoQl5_OzBBfQ00bQEx3
1439,pop,1081520,C:\Yukawa\Lab\Dataset\MTG-Jamendo-9mapping\9genre_music200_cqt\pop\1081520\cqt.npy,C:\Yukawa\music-reco-Jamendo-2-public\audio\pop\1081520\1081520.mp3,1081520.mp3,10,5.0,0,1nMHkkMVQ_ETwFe8CgFiNTlWvrb-C4fK9
1440,pop,1081521,C:\Yukawa\Lab\Dataset\MTG-Jamendo-9mapping\9genre_music200_cqt\pop\1081521\cqt.npy,C:\Yukawa\music-reco-Jamendo-2-public\audio\pop\1081521\1081521.mp3,1081521.mp3,10,5.0,0,1umfTrdTioaP2FNh362srYnsdZ_4UBKPq
1441,pop,1081522,C:\Yukawa\Lab\Dataset\MTG-Jamendo-9mapping\9genre_music200_cqt\pop\1081522\cqt.npy,C:\Yukawa\music-reco-Jamendo-2-public\audio\pop\1081522\1081522.mp3,1081522.mp3,10,5.0,0,19n8qQ7xfIRL2Aiv_Muhl0YEVjWzfYaO1
1442,pop,1081523,C:\Yukawa\Lab\Dataset\MTG-Jamendo-9mapping\9genre_music200_cqt\pop\1081523\cqt.npy,C:\Yukawa\music-reco-Jamendo-2-public\audio\pop\1081523\1081523.mp3,1081523.mp3,10,5.0,0,1dxHxnBrffYG5jTlRmqISI5Wznb9Fjrsp
1443,pop,1084522,C:\Yukawa\Lab\Dataset\MTG-Jamendo-9mapping\9genre_music200_cqt\pop\1084522\cqt.npy,C:\Yukawa\music-reco-Jamendo-2-public\audio\pop\1084522\1084522.mp3,1084522.mp3,10,5.0,0,1RB5tJPhVfWoy-G9pzKLNa1UssZ_gAtPn
1444,pop,1084524,C:\Yukawa\Lab\Dataset\MTG-Jamendo-9mapping\9genre_music200_cqt\pop\1084524\cqt.npy,C:\Yukawa\music-reco-Jamendo-2-public\audio\pop\1084524\1084524.mp3,1084524.mp3,10,5.0,0,1ojfdvwDohqtQhCsyAropkV0MooJpbL2o
1445,pop,1084525,C:\Yukawa\Lab\Dataset\MTG-Jamendo-9mapping\9genre_music200_cqt\pop\1084525\cqt.npy,C:\Yukawa\music-reco-Jamendo-2-public\audio\pop\1084525\1084525.mp3,1084525.mp3,10,5.0,0,1gbvgFueo0jU5EcYnvQS8p33gMhnB2kbP
1446,pop,1084554,C:\Yukawa\Lab\Dataset\MTG-Jamendo-9mapping\9genre_music200_cqt\pop\1084554\cqt.npy,C:\Yukawa\music-reco-Jamendo-2-public\audio\pop\1084554\1084554.mp3,1084554.mp3,10,5.0,0,1z3ncWulsx1j6Tq42lqHDnAQw22kLNAR4
1447,pop,1084563,C:\Yukawa\Lab\Dataset\MTG-Jamendo-9mapping\9genre_music200_cqt\pop\1084563\cqt.npy,C:\Yukawa\music-reco-Jamendo-2-public\audio\pop\1084563\1084563.mp3,1084563.mp3,10,5.0,0,1eZX3SvPSkMzM2GbroLLjKxCz9qJA2V7w
1448,pop,1084591,C:\Yukawa\Lab\Dataset\MTG-Jamendo-9mapping\9genre_music200_cqt\pop\1084591\cqt.npy,C:\Yukawa\music-reco-Jamendo-2-public\audio\pop\1084591\1084591.mp3,1084591.mp3,10,5.0,0,1y2266i0dgY8SvdRpF2CxxPf2yHZABvLB
1449,pop,1085465,C:\Yukawa\Lab\Dataset\MTG-Jamendo-9mapping\9genre_music200_cqt\pop\1085465\cqt.npy,C:\Yukawa\music-reco-Jamendo-2-public\audio\pop\1085465\1085465.mp3,1085465.mp3,10,5.0,0,1k8hoC-1Ahs2TnVM0P7FcTmX-guwWm27m
1450,pop,1089922,C:\Yukawa\Lab\Dataset\MTG-Jamendo-9mapping\9genre_music200_cqt\pop\1089922\cqt.npy,C:\Yukawa\music-reco-Jamendo-2-public\audio\pop\1089922\1089922.mp3,1089922.mp3,10,5.0,0,1xXWn8crqFIdjaW4IRPai-uw88oE9pED1
1451,pop,1092585,C:\Yukawa\Lab\Dataset\MTG-Jamendo-9mapping\9genre_music200_cqt\pop\1092585\cqt.npy,C:\Yukawa\music-reco-Jamendo-2-public\audio\pop\1092585\1092585.mp3,1092585.mp3,10,5.0,0,11k4HvcerJUKTzn3FNM0hyDkIhH9yRup7
1452,pop,1092586,C:\Yukawa\Lab\Dataset\MTG-Jamendo-9mapping\9genre_music200_cqt\pop\1092586\cqt.npy,C:\Yukawa\music-reco-Jamendo-2-public\audio\pop\1092586\1092586.mp3,1092586.mp3,10,5.0,0,1hETNf7CmEFUc7829wsLsatZbx3uud1zW
1453,pop,1092587,C:\Yukawa\Lab\Dataset\MTG-Jamendo-9mapping\9genre_music200_cqt\pop\1092587\cqt.npy,C:\Yukawa\music-reco-Jamendo-2-public\audio\pop\1092587\1092587.mp3,1092587.mp3,10,5.0,0,1GSAdiyHFbKrQ7lzg9_sIkf8sQZl4WM19
1454,pop,1092588,C:\Yukawa\Lab\Dataset\MTG-Jamendo-9mapping\9genre_music200_cqt\pop\1092588\cqt.npy,C:\Yukawa\music-reco-Jamendo-2-public\audio\pop\1092588\1092588.mp3,1092588.mp3,10,5.0,0,1uyso87XYQNOF94pIdcV2eczyS6rzgVi0
1455,pop,1092589,C:\Yukawa\Lab\Dataset\MTG-Jamendo-9mapping\9genre_music200_cqt\pop\1092589\cqt.npy,C:\Yukawa\music-reco-Jamendo-2-public\audio\pop\1092589\1092589.mp3,1092589.mp3,10,5.0,0,1KM2ZWzubhMJQxVsYOiot-us6kE2xZ83c
1456,pop,1092590,C:\Yukawa\Lab\Dataset\MTG-Jamendo-9mapping\9genre_music200_cqt\pop\1092590\cqt.npy,C:\Yukawa\music-reco-Jamendo-2-public\audio\pop\1092590\1092590.mp3,1092590.mp3,10,5.0,0,15ci_oX-_y_bwG4rEzBQRCIkWvbs8QLXY
1457,pop,1092591,C:\Yukawa\Lab\Dataset\MTG-Jamendo-9mapping\9genre_music200_cqt\pop\1092591\cqt.npy,C:\Yukawa\music-reco-Jamendo-2-public\audio\pop\1092591\1092591.mp3,1092591.mp3,10,5.0,0,1aaciD8WENPYOXhmJ18P-ivn1rtGPQD5b
1458,pop,1092592,C:\Yukawa\Lab\Dataset\MTG-Jamendo-9mapping\9genre_music200_cqt\pop\1092592\cqt.npy,C:\Yukawa\music-reco-Jamendo-2-public\audio\pop\1092592\1092592.mp3,1092592.mp3,10,5.0,0,1bCRT6MP_CRN3S3SAerVnWXTAGAeeIuCe
1459,pop,1092593,C:\Yukawa\Lab\Dataset\MTG-Jamendo-9mapping\9genre_music200_cqt\pop\1092593\cqt.npy,C:\Yukawa\music-reco-Jamendo-2-public\audio\pop\1092593\1092593.mp3,1092593.mp3,10,5.0,0,1iuOG_64pDBi28LSyDuBLCi4JA9DrzLZQ
1460,pop,1092594,C:\Yukawa\Lab\Dataset\MTG-Jamendo-9mapping\9genre_music200_cqt\pop\1092594\cqt.npy,C:\Yukawa\music-reco-Jamendo-2-public\audio\pop\1092594\1092594.mp3,1092594.mp3,10,5.0,0,1FWPHA2r49p0OzI42wF1RWx2THqyiazRg
1461,pop,1092595,C:\Yukawa\Lab\Dataset\MTG-Jamendo-9mapping\9genre_music200_cqt\pop\1092595\cqt.npy,C:\Yukawa\music-reco-Jamendo-2-public\audio\pop\1092595\1092595.mp3,1092595.mp3,10,5.0,0,17ob_lCgCtkfnw3_JGV9jqZxFzG2YDbHe
1462,pop,1101133,C:\Yukawa\Lab\Dataset\MTG-Jamendo-9mapping\9genre_music200_cqt\pop\1101133\cqt.npy,C:\Yukawa\music-reco-Jamendo-2-public\audio\pop\1101133\1101133.mp3,1101133.mp3,10,5.0,0,1KtJ4heDGko08kMDVHvX0w4wETTDwy6WH
1463,pop,1114490,C:\Yukawa\Lab\Dataset\MTG-Jamendo-9mapping\9genre_music200_cqt\pop\1114490\cqt.npy,C:\Yukawa\music-reco-Jamendo-2-public\audio\pop\1114490\1114490.mp3,1114490.mp3,10,5.0,0,14pLYWVKp1rWvs9ueLBTY9qJdGEP3YdKx
1464,pop,1114491,C:\Yukawa\Lab\Dataset\MTG-Jamendo-9mapping\9genre_music200_cqt\pop\1114491\cqt.npy,C:\Yukawa\music-reco-Jamendo-2-public\audio\pop\1114491\1114491.mp3,1114491.mp3,10,5.0,0,1jvAvvYWrrRPgr10wFkQyRibTdsw09yZY
1465,pop,1114492,C:\Yukawa\Lab\Dataset\MTG-Jamendo-9mapping\9genre_music200_cqt\pop\1114492\cqt.npy,C:\Yukawa\music-reco-Jamendo-2-public\audio\pop\1114492\1114492.mp3,1114492.mp3,10,5.0,0,1xgiyj9hfdzOUaSeANfKUK5hcEhrcm85Y
1466,pop,1114493,C:\Yukawa\Lab\Dataset\MTG-Jamendo-9mapping\9genre_music200_cqt\pop\1114493\cqt.npy,C:\Yukawa\music-reco-Jamendo-2-public\audio\pop\1114493\1114493.mp3,1114493.mp3,10,5.0,0,1LDIiraeyfnOu4l_hohkWCF2S6wEO8eW4
1467,pop,1118840,C:\Yukawa\Lab\Dataset\MTG-Jamendo-9mapping\9genre_music200_cqt\pop\1118840\cqt.npy,C:\Yukawa\music-reco-Jamendo-2-public\audio\pop\1118840\1118840.mp3,1118840.mp3,10,5.0,0,17Z4wjPuN1gE7ti4TU2LI2V_AWais3ux1
1468,pop,1118841,C:\Yukawa\Lab\Dataset\MTG-Jamendo-9mapping\9genre_music200_cqt\pop\1118841\cqt.npy,C:\Yukawa\music-reco-Jamendo-2-public\audio\pop\1118841\1118841.mp3,1118841.mp3,10,5.0,0,1I4u2qpSf1TTrja6eajctu30pZS_yk8h3
1469,pop,1119469,C:\Yukawa\Lab\Dataset\MTG-Jamendo-9mapping\9genre_music200_cqt\pop\1119469\cqt.npy,C:\Yukawa\music-reco-Jamendo-2-public\audio\pop\1119469\1119469.mp3,1119469.mp3,10,5.0,0,1uEnX82LU6TRHNjR-bPKJJOga11ZPf0c0
1470,pop,1119470,C:\Yukawa\Lab\Dataset\MTG-Jamendo-9mapping\9genre_music200_cqt\pop\1119470\cqt.npy,C:\Yukawa\music-reco-Jamendo-2-public\audio\pop\1119470\1119470.mp3,1119470.mp3,10,5.0,0,14KbNTt3WSfevDRjh0QEfs2UrQrulGsPE
1471,pop,1119471,C:\Yukawa\Lab\Dataset\MTG-Jamendo-9mapping\9genre_music200_cqt\pop\1119471\cqt.npy,C:\Yukawa\music-reco-Jamendo-2-public\audio\pop\1119471\1119471.mp3,1119471.mp3,10,5.0,0,1_MD-OvudWXZhVaxZX3o9TL8-Bgu3_kVs
1472,pop,1119472,C:\Yukawa\Lab\Dataset\MTG-Jamendo-9mapping\9genre_music200_cqt\pop\1119472\cqt.npy,C:\Yukawa\music-reco-Jamendo-2-public\audio\pop\1119472\1119472.mp3,1119472.mp3,10,5.0,0,1cETz_dppjWff0qwY_TcZIkGs_AVgao_3
1473,pop,1119473,C:\Yukawa\Lab\Dataset\MTG-Jamendo-9mapping\9genre_music200_cqt\pop\1119473\cqt.npy,C:\Yukawa\music-reco-Jamendo-2-public\audio\pop\1119473\1119473.mp3,1119473.mp3,10,5.0,0,171M6R8vnwH_aORFF-COU9vPwRWwF7Cq_
1474,pop,1119474,C:\Yukawa\Lab\Dataset\MTG-Jamendo-9mapping\9genre_music200_cqt\pop\1119474\cqt.npy,C:\Yukawa\music-reco-Jamendo-2-public\audio\pop\1119474\1119474.mp3,1119474.mp3,10,5.0,0,1_nUb-tykMprv9mFhY2trN2O82PkNp7XW
1475,pop,1119475,C:\Yukawa\Lab\Dataset\MTG-Jamendo-9mapping\9genre_music200_cqt\pop\1119475\cqt.npy,C:\Yukawa\music-reco-Jamendo-2-public\audio\pop\1119475\1119475.mp3,1119475.mp3,10,5.0,0,15zeyFGfN2AD_DFGS8CyNlVE-5S9wDfOK
1476,pop,1119476,C:\Yukawa\Lab\Dataset\MTG-Jamendo-9mapping\9genre_music200_cqt\pop\1119476\cqt.npy,C:\Yukawa\music-reco-Jamendo-2-public\audio\pop\1119476\1119476.mp3,1119476.mp3,10,5.0,0,1pQxv8SKzq9zDjAKCFvV06fsBKHyKOusm
1477,pop,1119477,C:\Yukawa\Lab\Dataset\MTG-Jamendo-9mapping\9genre_music200_cqt\pop\1119477\cqt.npy,C:\Yukawa\music-reco-Jamendo-2-public\audio\pop\1119477\1119477.mp3,1119477.mp3,10,5.0,0,1aVXwfmV7MLcjlu5yrv_Gi-qWBolk7234
1478,pop,1121438,C:\Yukawa\Lab\Dataset\MTG-Jamendo-9mapping\9genre_music200_cqt\pop\1121438\cqt.npy,C:\Yukawa\music-reco-Jamendo-2-public\audio\pop\1121438\1121438.mp3,1121438.mp3,10,5.0,0,12mXm2Rn3aeR_6An8p6r-bFeF9sFRdhSe
1479,pop,1151548,C:\Yukawa\Lab\Dataset\MTG-Jamendo-9mapping\9genre_music200_cqt\pop\1151548\cqt.npy,C:\Yukawa\music-reco-Jamendo-2-public\audio\pop\1151548\1151548.mp3,1151548.mp3,10,5.0,0,1d6jk8imETbjX797vTXbkvKCZutnj2bRt
1480,pop,1152086,C:\Yukawa\Lab\Dataset\MTG-Jamendo-9mapping\9genre_music200_cqt\pop\1152086\cqt.npy,C:\Yukawa\music-reco-Jamendo-2-public\audio\pop\1152086\1152086.mp3,1152086.mp3,10,5.0,0,13tYWHLclLhNTlFQjDeQkgc_k60cvjlcI
1481,pop,1155066,C:\Yukawa\Lab\Dataset\MTG-Jamendo-9mapping\9genre_music200_cqt\pop\1155066\cqt.npy,C:\Yukawa\music-reco-Jamendo-2-public\audio\pop\1155066\1155066.mp3,1155066.mp3,10,5.0,0,1JJ2-F5e18FeDai1RvCmrdJfrobrUbc_f
1482,pop,1157123,C:\Yukawa\Lab\Dataset\MTG-Jamendo-9mapping\9genre_music200_cqt\pop\1157123\cqt.npy,C:\Yukawa\music-reco-Jamendo-2-public\audio\pop\1157123\1157123.mp3,1157123.mp3,10,5.0,0,1fmECi2hrxK9qiWGtCdzZBpsLoVPZ5AP-
1483,pop,1160860,C:\Yukawa\Lab\Dataset\MTG-Jamendo-9mapping\9genre_music200_cqt\pop\1160860\cqt.npy,C:\Yukawa\music-reco-Jamendo-2-public\audio\pop\1160860\1160860.mp3,1160860.mp3,10,5.0,0,1bGFALCQa0-Ljm-U_0yjcQYwxe_gFeSLe
1484,pop,1161940,C:\Yukawa\Lab\Dataset\MTG-Jamendo-9mapping\9genre_music200_cqt\pop\1161940\cqt.npy,C:\Yukawa\music-reco-Jamendo-2-public\audio\pop\1161940\1161940.mp3,1161940.mp3,10,5.0,0,1eosbxjUXBYIJe6u1q4dad8nO8tAMTkkd
1485,pop,1168875,C:\Yukawa\Lab\Dataset\MTG-Jamendo-9mapping\9genre_music200_cqt\pop\1168875\cqt.npy,C:\Yukawa\music-reco-Jamendo-2-public\audio\pop\1168875\1168875.mp3,1168875.mp3,10,5.0,0,1Tq3k3Q-OaO5uZZDPOUamrDAX0VlZ5Xwu
1486,pop,1179716,C:\Yukawa\Lab\Dataset\MTG-Jamendo-9mapping\9genre_music200_cqt\pop\1179716\cqt.npy,C:\Yukawa\music-reco-Jamendo-2-public\audio\pop\1179716\1179716.mp3,1179716.mp3,10,5.0,0,1TCg4Mq8Io6NB3o5IYz-rsrTMu6Mr14k5
1487,pop,1180327,C:\Yukawa\Lab\Dataset\MTG-Jamendo-9mapping\9genre_music200_cqt\pop\1180327\cqt.npy,C:\Yukawa\music-reco-Jamendo-2-public\audio\pop\1180327\1180327.mp3,1180327.mp3,10,5.0,0,1qbZW7CiUyaEIJSSLpe_CZq3ZDcrKCF3-
1488,pop,1180352,C:\Yukawa\Lab\Dataset\MTG-Jamendo-9mapping\9genre_music200_cqt\pop\1180352\cqt.npy,C:\Yukawa\music-reco-Jamendo-2-public\audio\pop\1180352\1180352.mp3,1180352.mp3,10,5.0,0,1wtrM4pY2ArHPRzNnl7gKQKVtCLsYHBH6
1489,pop,1184374,C:\Yukawa\Lab\Dataset\MTG-Jamendo-9mapping\9genre_music200_cqt\pop\1184374\cqt.npy,C:\Yukawa\music-reco-Jamendo-2-public\audio\pop\1184374\1184374.mp3,1184374.mp3,10,5.0,0,1q0gJsuZYGaP7FGiR3JhuRuxGEmNBkkA1
1490,pop,1189971,C:\Yukawa\Lab\Dataset\MTG-Jamendo-9mapping\9genre_music200_cqt\pop\1189971\cqt.npy,C:\Yukawa\music-reco-Jamendo-2-public\audio\pop\1189971\1189971.mp3,1189971.mp3,10,5.0,0,17Y2AEUaMDzDP6_W5eh5KSTXwL-L9CDtJ
1491,pop,1191442,C:\Yukawa\Lab\Dataset\MTG-Jamendo-9mapping\9genre_music200_cqt\pop\1191442\cqt.npy,C:\Yukawa\music-reco-Jamendo-2-public\audio\pop\1191442\1191442.mp3,1191442.mp3,10,5.0,0,1RxD_fSPHDc_5YtIBeYZBn2ILaNzMbZVW
1492,pop,1194595,C:\Yukawa\Lab\Dataset\MTG-Jamendo-9mapping\9genre_music200_cqt\pop\1194595\cqt.npy,C:\Yukawa\music-reco-Jamendo-2-public\audio\pop\1194595\1194595.mp3,1194595.mp3,10,5.0,0,1J0xu8agB3H3iwtpv2VIn77rs9pX-kJrg
1493,pop,1206639,C:\Yukawa\Lab\Dataset\MTG-Jamendo-9mapping\9genre_music200_cqt\pop\1206639\cqt.npy,C:\Yukawa\music-reco-Jamendo-2-public\audio\pop\1206639\1206639.mp3,1206639.mp3,10,5.0,0,1x8PDE6Eneayap64Ne9gdH-RuXakYlZNL
1494,pop,1210689,C:\Yukawa\Lab\Dataset\MTG-Jamendo-9mapping\9genre_music200_cqt\pop\1210689\cqt.npy,C:\Yukawa\music-reco-Jamendo-2-public\audio\pop\1210689\1210689.mp3,1210689.mp3,10,5.0,0,1pqECCUkJQnTZ1aiC1bcoLT2P3pKKVBBS
1495,pop,1210691,C:\Yukawa\Lab\Dataset\MTG-Jamendo-9mapping\9genre_music200_cqt\pop\1210691\cqt.npy,C:\Yukawa\music-reco-Jamendo-2-public\audio\pop\1210691\1210691.mp3,1210691.mp3,10,5.0,0,1-njCMmu3cEem0NZj-oR9jDzuvwCBa1tR
1496,pop,1210694,C:\Yukawa\Lab\Dataset\MTG-Jamendo-9mapping\9genre_music200_cqt\pop\1210694\cqt.npy,C:\Yukawa\music-reco-Jamendo-2-public\audio\pop\1210694\1210694.mp3,1210694.mp3,10,5.0,0,1NWHM82eiYn2M7orQy7mMQixfZS2LtIwV
1497,pop,1210695,C:\Yukawa\Lab\Dataset\MTG-Jamendo-9mapping\9genre_music200_cqt\pop\1210695\cqt.npy,C:\Yukawa\music-reco-Jamendo-2-public\audio\pop\1210695\1210695.mp3,1210695.mp3,10,5.0,0,11T7yMUcSUFk1Dvzh5DvCKC_HWMVRRWlR
1498,pop,1210696,C:\Yukawa\Lab\Dataset\MTG-Jamendo-9mapping\9genre_music200_cqt\pop\1210696\cqt.npy,C:\Yukawa\music-reco-Jamendo-2-public\audio\pop\1210696\1210696.mp3,1210696.mp3,10,5.0,0,1qkGiNosf67e2n4tTm4kyeYbhpb6Rf7pl
1499,pop,1210698,C:\Yukawa\Lab\Dataset\MTG-Jamendo-9mapping\9genre_music200_cqt\pop\1210698\cqt.npy,C:\Yukawa\music-reco-Jamendo-2-public\audio\pop\1210698\1210698.mp3,1210698.mp3,10,5.0,0,1l1F2zxkWbJZHJp4ZpQCX7c4082SNQhZQ
1500,pop,1210699,C:\Yukawa\Lab\Dataset\MTG-Jamendo-9mapping\9genre_music200_cqt\pop\1210699\cqt.npy,C:\Yukawa\music-reco-Jamendo-2-public\audio\pop\1210699\1210699.mp3,1210699.mp3,10,5.0,0,1d-W2Vbtwjo3nYMUduNKCd_eMLFTI3faF
1501,pop,1210714,C:\Yukawa\Lab\Dataset\MTG-Jamendo-9mapping\9genre_music200_cqt\pop\1210714\cqt.npy,C:\Yukawa\music-reco-Jamendo-2-public\audio\pop\1210714\1210714.mp3,1210714.mp3,10,5.0,0,1Z7FI6VJq26odsT94mq7t-WUY3u0QtcCr
1502,pop,1210716,C:\Yukawa\Lab\Dataset\MTG-Jamendo-9mapping\9genre_music200_cqt\pop\1210716\cqt.npy,C:\Yukawa\music-reco-Jamendo-2-public\audio\pop\1210716\1210716.mp3,1210716.mp3,10,5.0,0,1CjrCfI51_3gCqvfkK2hQNlySL5sblCt5
1503,pop,1216210,C:\Yukawa\Lab\Dataset\MTG-Jamendo-9mapping\9genre_music200_cqt\pop\1216210\cqt.npy,C:\Yukawa\music-reco-Jamendo-2-public\audio\pop\1216210\1216210.mp3,1216210.mp3,10,5.0,0,1Q1Vys80WUfgV5mOVEk6qUW6PPGJhpKtB
1504,pop,1216211,C:\Yukawa\Lab\Dataset\MTG-Jamendo-9mapping\9genre_music200_cqt\pop\1216211\cqt.npy,C:\Yukawa\music-reco-Jamendo-2-public\audio\pop\1216211\1216211.mp3,1216211.mp3,10,5.0,0,10mbKC-fId7Bsk0o_huJcocwjIxyZ033E
1505,pop,1216213,C:\Yukawa\Lab\Dataset\MTG-Jamendo-9mapping\9genre_music200_cqt\pop\1216213\cqt.npy,C:\Yukawa\music-reco-Jamendo-2-public\audio\pop\1216213\1216213.mp3,1216213.mp3,10,5.0,0,15PaOtoSyavScdRErvkNyABeU01_VI6w8
1506,pop,1228713,C:\Yukawa\Lab\Dataset\MTG-Jamendo-9mapping\9genre_music200_cqt\pop\1228713\cqt.npy,C:\Yukawa\music-reco-Jamendo-2-public\audio\pop\1228713\1228713.mp3,1228713.mp3,10,5.0,0,1-3NZ5CxwE3ewFtCFiyD0U7js3tp1v6Jo
1507,pop,1234247,C:\Yukawa\Lab\Dataset\MTG-Jamendo-9mapping\9genre_music200_cqt\pop\1234247\cqt.npy,C:\Yukawa\music-reco-Jamendo-2-public\audio\pop\1234247\1234247.mp3,1234247.mp3,10,5.0,0,1vQAQjwuaGJDjacnswIK2FCK81Yj6GvCp
1508,pop,1235070,C:\Yukawa\Lab\Dataset\MTG-Jamendo-9mapping\9genre_music200_cqt\pop\1235070\cqt.npy,C:\Yukawa\music-reco-Jamendo-2-public\audio\pop\1235070\1235070.mp3,1235070.mp3,10,5.0,0,1SEPdNZ2enfnI4LyUGDChMegVQSdaSjh7
1509,pop,1235362,C:\Yukawa\Lab\Dataset\MTG-Jamendo-9mapping\9genre_music200_cqt\pop\1235362\cqt.npy,C:\Yukawa\music-reco-Jamendo-2-public\audio\pop\1235362\1235362.mp3,1235362.mp3,10,5.0,0,13Ac5TNzNHNbxnyMWfNjj9AbjP-NbDKtN
1510,pop,1236865,C:\Yukawa\Lab\Dataset\MTG-Jamendo-9mapping\9genre_music200_cqt\pop\1236865\cqt.npy,C:\Yukawa\music-reco-Jamendo-2-public\audio\pop\1236865\1236865.mp3,1236865.mp3,10,5.0,0,16yk-BIuW73SeLJbEj_dclcVurQV8JqST
1511,pop,1236866,C:\Yukawa\Lab\Dataset\MTG-Jamendo-9mapping\9genre_music200_cqt\pop\1236866\cqt.npy,C:\Yukawa\music-reco-Jamendo-2-public\audio\pop\1236866\1236866.mp3,1236866.mp3,10,5.0,0,1ITdWqp6Ald6cpg17B1fBpr3mQocf3tiH
1512,pop,1237149,C:\Yukawa\Lab\Dataset\MTG-Jamendo-9mapping\9genre_music200_cqt\pop\1237149\cqt.npy,C:\Yukawa\music-reco-Jamendo-2-public\audio\pop\1237149\1237149.mp3,1237149.mp3,10,5.0,0,1zWgMOLxL87cpfV-aY6o2MZFq6JivBOm1
1513,pop,1237150,C:\Yukawa\Lab\Dataset\MTG-Jamendo-9mapping\9genre_music200_cqt\pop\1237150\cqt.npy,C:\Yukawa\music-reco-Jamendo-2-public\audio\pop\1237150\1237150.mp3,1237150.mp3,10,5.0,0,1WgP_i5pmRg32q08HKVF-QhJD1MTnkLeB
1514,pop,1239312,C:\Yukawa\Lab\Dataset\MTG-Jamendo-9mapping\9genre_music200_cqt\pop\1239312\cqt.npy,C:\Yukawa\music-reco-Jamendo-2-public\audio\pop\1239312\1239312.mp3,1239312.mp3,10,5.0,0,1YzsERBWZkaXDJFO7gjzel5Day8IY9m5Q
1515,pop,1239315,C:\Yukawa\Lab\Dataset\MTG-Jamendo-9mapping\9genre_music200_cqt\pop\1239315\cqt.npy,C:\Yukawa\music-reco-Jamendo-2-public\audio\pop\1239315\1239315.mp3,1239315.mp3,10,5.0,0,1koZHEyVoiYyK7PaiEc-baENe2VcVxFtV
1516,pop,1245432,C:\Yukawa\Lab\Dataset\MTG-Jamendo-9mapping\9genre_music200_cqt\pop\1245432\cqt.npy,C:\Yukawa\music-reco-Jamendo-2-public\audio\pop\1245432\1245432.mp3,1245432.mp3,10,5.0,0,1x4orKmYtBexHh5cEckHYYJ5utnMyTB4t
1517,pop,1250031,C:\Yukawa\Lab\Dataset\MTG-Jamendo-9mapping\9genre_music200_cqt\pop\1250031\cqt.npy,C:\Yukawa\music-reco-Jamendo-2-public\audio\pop\1250031\1250031.mp3,1250031.mp3,10,5.0,0,1frleGnFxoRMb2x8x7RyoPyyFQ4XnmA3D
1518,pop,1250032,C:\Yukawa\Lab\Dataset\MTG-Jamendo-9mapping\9genre_music200_cqt\pop\1250032\cqt.npy,C:\Yukawa\music-reco-Jamendo-2-public\audio\pop\1250032\1250032.mp3,1250032.mp3,10,5.0,0,1nkzx2sTgZPQZBga4ogKdmQrAbFn5e8CO
1519,pop,1250033,C:\Yukawa\Lab\Dataset\MTG-Jamendo-9mapping\9genre_music200_cqt\pop\1250033\cqt.npy,C:\Yukawa\music-reco-Jamendo-2-public\audio\pop\1250033\1250033.mp3,1250033.mp3,10,5.0,0,1KrrBXT5WSQ_NfHj4brthCDCmVdbfUqEs
1520,pop,1250034,C:\Yukawa\Lab\Dataset\MTG-Jamendo-9mapping\9genre_music200_cqt\pop\1250034\cqt.npy,C:\Yukawa\music-reco-Jamendo-2-public\audio\pop\1250034\1250034.mp3,1250034.mp3,10,5.0,0,1ajDy3HsWSC5H9t12zVGgDOkQmgBjLBom
1521,pop,1250035,C:\Yukawa\Lab\Dataset\MTG-Jamendo-9mapping\9genre_music200_cqt\pop\1250035\cqt.npy,C:\Yukawa\music-reco-Jamendo-2-public\audio\pop\1250035\1250035.mp3,1250035.mp3,10,5.0,0,1UdhFteqFFvUTKDeitwfSDaJJk5vcWz_J
1522,pop,1250036,C:\Yukawa\Lab\Dataset\MTG-Jamendo-9mapping\9genre_music200_cqt\pop\1250036\cqt.npy,C:\Yukawa\music-reco-Jamendo-2-public\audio\pop\1250036\1250036.mp3,1250036.mp3,10,5.0,0,1Dk_9_vEuabkbB6ttw0deX6cBzMlV1uBn
1523,pop,1250037,C:\Yukawa\Lab\Dataset\MTG-Jamendo-9mapping\9genre_music200_cqt\pop\1250037\cqt.npy,C:\Yukawa\music-reco-Jamendo-2-public\audio\pop\1250037\1250037.mp3,1250037.mp3,10,5.0,0,1FAG99J9vJwe0L5Wzsun8d1jROB9lNVSJ
1524,pop,1250038,C:\Yukawa\Lab\Dataset\MTG-Jamendo-9mapping\9genre_music200_cqt\pop\1250038\cqt.npy,C:\Yukawa\music-reco-Jamendo-2-public\audio\pop\1250038\1250038.mp3,1250038.mp3,10,5.0,0,1dQh4Y6e6a8iNQY18WYj7Nvutuf7OIgwK
1525,pop,1250039,C:\Yukawa\Lab\Dataset\MTG-Jamendo-9mapping\9genre_music200_cqt\pop\1250039\cqt.npy,C:\Yukawa\music-reco-Jamendo-2-public\audio\pop\1250039\1250039.mp3,1250039.mp3,10,5.0,0,1gOF-s4gYoCuWPoWkVqCyuUYmSGKCWRHp
1526,pop,1250040,C:\Yukawa\Lab\Dataset\MTG-Jamendo-9mapping\9genre_music200_cqt\pop\1250040\cqt.npy,C:\Yukawa\music-reco-Jamendo-2-public\audio\pop\1250040\1250040.mp3,1250040.mp3,10,5.0,0,11j5Wn9oOxgUrfGH2DEJnxpFNQzF9IiCs
1527,pop,1250041,C:\Yukawa\Lab\Dataset\MTG-Jamendo-9mapping\9genre_music200_cqt\pop\1250041\cqt.npy,C:\Yukawa\music-reco-Jamendo-2-public\audio\pop\1250041\1250041.mp3,1250041.mp3,10,5.0,0,1Y1DEmmUk8t3qSxRGwNjmhg1tIohzXFJ8
1528,pop,1250042,C:\Yukawa\Lab\Dataset\MTG-Jamendo-9mapping\9genre_music200_cqt\pop\1250042\cqt.npy,C:\Yukawa\music-reco-Jamendo-2-public\audio\pop\1250042\1250042.mp3,1250042.mp3,10,5.0,0,1QxHP8ZzpmSQ7F1tYbZKZj4zQ3I6dTiU4
1529,pop,1250043,C:\Yukawa\Lab\Dataset\MTG-Jamendo-9mapping\9genre_music200_cqt\pop\1250043\cqt.npy,C:\Yukawa\music-reco-Jamendo-2-public\audio\pop\1250043\1250043.mp3,1250043.mp3,10,5.0,0,1RyhC08DxCNT1Sx1bnvpmyAe0hfq4tVlh
1530,pop,1250044,C:\Yukawa\Lab\Dataset\MTG-Jamendo-9mapping\9genre_music200_cqt\pop\1250044\cqt.npy,C:\Yukawa\music-reco-Jamendo-2-public\audio\pop\1250044\1250044.mp3,1250044.mp3,10,5.0,0,1lYUaIkPaH-mnT4Hby_7MjOWs7NFzg9Nr
1531,pop,1250045,C:\Yukawa\Lab\Dataset\MTG-Jamendo-9mapping\9genre_music200_cqt\pop\1250045\cqt.npy,C:\Yukawa\music-reco-Jamendo-2-public\audio\pop\1250045\1250045.mp3,1250045.mp3,10,5.0,0,1W9BlZpc7mhf5yeiqc2L2185yiw7Uprsa
1532,pop,1250046,C:\Yukawa\Lab\Dataset\MTG-Jamendo-9mapping\9genre_music200_cqt\pop\1250046\cqt.npy,C:\Yukawa\music-reco-Jamendo-2-public\audio\pop\1250046\1250046.mp3,1250046.mp3,10,5.0,0,17ugnS-JB-SI-Lux7VMiaK2W-xdS7l-HJ
1533,pop,1250047,C:\Yukawa\Lab\Dataset\MTG-Jamendo-9mapping\9genre_music200_cqt\pop\1250047\cqt.npy,C:\Yukawa\music-reco-Jamendo-2-public\audio\pop\1250047\1250047.mp3,1250047.mp3,10,5.0,0,19ngU8Dc9NkdTrN172yvxHZPsPqV_sbxT
1534,pop,1250048,C:\Yukawa\Lab\Dataset\MTG-Jamendo-9mapping\9genre_music200_cqt\pop\1250048\cqt.npy,C:\Yukawa\music-reco-Jamendo-2-public\audio\pop\1250048\1250048.mp3,1250048.mp3,10,5.0,0,1RwnXabCs5wOlbkcGolgiDsmht3pl4fuW
1535,pop,1250049,C:\Yukawa\Lab\Dataset\MTG-Jamendo-9mapping\9genre_music200_cqt\pop\1250049\cqt.npy,C:\Yukawa\music-reco-Jamendo-2-public\audio\pop\1250049\1250049.mp3,1250049.mp3,10,5.0,0,1jsjGtJfdoAy2cCAa6An-mmnoeOsq7s3M
1536,pop,1250050,C:\Yukawa\Lab\Dataset\MTG-Jamendo-9mapping\9genre_music200_cqt\pop\1250050\cqt.npy,C:\Yukawa\music-reco-Jamendo-2-public\audio\pop\1250050\1250050.mp3,1250050.mp3,10,5.0,0,1awr1ceM66i6dAO-3Nd_W0CuIe3J-Fwdu
1537,pop,1250051,C:\Yukawa\Lab\Dataset\MTG-Jamendo-9mapping\9genre_music200_cqt\pop\1250051\cqt.npy,C:\Yukawa\music-reco-Jamendo-2-public\audio\pop\1250051\1250051.mp3,1250051.mp3,10,5.0,0,1Y-nARX_WNSyH95ODjTFqtKZw1JzjRFOO
1538,pop,1250052,C:\Yukawa\Lab\Dataset\MTG-Jamendo-9mapping\9genre_music200_cqt\pop\1250052\cqt.npy,C:\Yukawa\music-reco-Jamendo-2-public\audio\pop\1250052\1250052.mp3,1250052.mp3,10,5.0,0,1FkgWDbHwKFSMNzODlMzRgV9-RKDvf4I5
1539,pop,1250054,C:\Yukawa\Lab\Dataset\MTG-Jamendo-9mapping\9genre_music200_cqt\pop\1250054\cqt.npy,C:\Yukawa\music-reco-Jamendo-2-public\audio\pop\1250054\1250054.mp3,1250054.mp3,10,5.0,0,1PpKlobNMfWlwtT3CsbwJ0FNK8TA5MKQp
1540,pop,1250055,C:\Yukawa\Lab\Dataset\MTG-Jamendo-9mapping\9genre_music200_cqt\pop\1250055\cqt.npy,C:\Yukawa\music-reco-Jamendo-2-public\audio\pop\1250055\1250055.mp3,1250055.mp3,10,5.0,0,1brKHbGX49GPwGypEJbsYPHh-3hpNaZ7W
1541,pop,1250056,C:\Yukawa\Lab\Dataset\MTG-Jamendo-9mapping\9genre_music200_cqt\pop\1250056\cqt.npy,C:\Yukawa\music-reco-Jamendo-2-public\audio\pop\1250056\1250056.mp3,1250056.mp3,10,5.0,0,1U2Z0_fMD297aAlvgz5hF-XLuUUhLlZmH
1542,pop,1250057,C:\Yukawa\Lab\Dataset\MTG-Jamendo-9mapping\9genre_music200_cqt\pop\1250057\cqt.npy,C:\Yukawa\music-reco-Jamendo-2-public\audio\pop\1250057\1250057.mp3,1250057.mp3,10,5.0,0,1FqqzU3fv4a6zq6Bp9cvS6DVKy6d42_wm
1543,pop,1250149,C:\Yukawa\Lab\Dataset\MTG-Jamendo-9mapping\9genre_music200_cqt\pop\1250149\cqt.npy,C:\Yukawa\music-reco-Jamendo-2-public\audio\pop\1250149\1250149.mp3,1250149.mp3,10,5.0,0,1pYY35AioF2iUBCxJ0XT6n8BzWxCpQSqE
1544,pop,1250221,C:\Yukawa\Lab\Dataset\MTG-Jamendo-9mapping\9genre_music200_cqt\pop\1250221\cqt.npy,C:\Yukawa\music-reco-Jamendo-2-public\audio\pop\1250221\1250221.mp3,1250221.mp3,10,5.0,0,1JcCROxCpv4uS4uHn45b8b90l84hTCFgL
1545,pop,1250240,C:\Yukawa\Lab\Dataset\MTG-Jamendo-9mapping\9genre_music200_cqt\pop\1250240\cqt.npy,C:\Yukawa\music-reco-Jamendo-2-public\audio\pop\1250240\1250240.mp3,1250240.mp3,10,5.0,0,1WA2eiOYuLvslScBxw7gb1rFHJzY87B3K
1546,pop,1271850,C:\Yukawa\Lab\Dataset\MTG-Jamendo-9mapping\9genre_music200_cqt\pop\1271850\cqt.npy,C:\Yukawa\music-reco-Jamendo-2-public\audio\pop\1271850\1271850.mp3,1271850.mp3,10,5.0,0,1RzhlzURGV5PaFNlfFJwfHymv31NU__vi
1547,pop,1271851,C:\Yukawa\Lab\Dataset\MTG-Jamendo-9mapping\9genre_music200_cqt\pop\1271851\cqt.npy,C:\Yukawa\music-reco-Jamendo-2-public\audio\pop\1271851\1271851.mp3,1271851.mp3,10,5.0,0,1Mwlk9gaKTVHkhrTFbg-WcSgzeOoZ4lWC
1548,pop,1273392,C:\Yukawa\Lab\Dataset\MTG-Jamendo-9mapping\9genre_music200_cqt\pop\1273392\cqt.npy,C:\Yukawa\music-reco-Jamendo-2-public\audio\pop\1273392\1273392.mp3,1273392.mp3,10,5.0,0,1K6Zyq38K_H5kee-DcX1xCl4vSqbmNcWx
1549,pop,1273971,C:\Yukawa\Lab\Dataset\MTG-Jamendo-9mapping\9genre_music200_cqt\pop\1273971\cqt.npy,C:\Yukawa\music-reco-Jamendo-2-public\audio\pop\1273971\1273971.mp3,1273971.mp3,10,5.0,0,12XoML2s_BWh60FDmVukIKzevNp_QXW-M
1550,pop,1278178,C:\Yukawa\Lab\Dataset\MTG-Jamendo-9mapping\9genre_music200_cqt\pop\1278178\cqt.npy,C:\Yukawa\music-reco-Jamendo-2-public\audio\pop\1278178\1278178.mp3,1278178.mp3,10,5.0,0,1htQsIbNixr9gH53sn6xb3Y2LyHZNblfq
1551,pop,1279492,C:\Yukawa\Lab\Dataset\MTG-Jamendo-9mapping\9genre_music200_cqt\pop\1279492\cqt.npy,C:\Yukawa\music-reco-Jamendo-2-public\audio\pop\1279492\1279492.mp3,1279492.mp3,10,5.0,0,1W-o5bPuGctouUNZAGakE_NGsgGwimQSN
1552,pop,1281239,C:\Yukawa\Lab\Dataset\MTG-Jamendo-9mapping\9genre_music200_cqt\pop\1281239\cqt.npy,C:\Yukawa\music-reco-Jamendo-2-public\audio\pop\1281239\1281239.mp3,1281239.mp3,10,5.0,0,1y8mMaenI_HZ-f_rkLRcK1otRe4Wbpoe9
1553,pop,1290434,C:\Yukawa\Lab\Dataset\MTG-Jamendo-9mapping\9genre_music200_cqt\pop\1290434\cqt.npy,C:\Yukawa\music-reco-Jamendo-2-public\audio\pop\1290434\1290434.mp3,1290434.mp3,10,5.0,0,1v7B__rWmR_BHUe0320RAHnAgk_wuC5HR
1554,pop,1292558,C:\Yukawa\Lab\Dataset\MTG-Jamendo-9mapping\9genre_music200_cqt\pop\1292558\cqt.npy,C:\Yukawa\music-reco-Jamendo-2-public\audio\pop\1292558\1292558.mp3,1292558.mp3,10,5.0,0,1ytHuLnyrZeRYTTZxy3qaVk-HJNNTpaBe
1555,pop,1294221,C:\Yukawa\Lab\Dataset\MTG-Jamendo-9mapping\9genre_music200_cqt\pop\1294221\cqt.npy,C:\Yukawa\music-reco-Jamendo-2-public\audio\pop\1294221\1294221.mp3,1294221.mp3,10,5.0,0,1drXtwWh7a2etTUZTLTrkOE3x1v92QZ5F
1556,pop,1303073,C:\Yukawa\Lab\Dataset\MTG-Jamendo-9mapping\9genre_music200_cqt\pop\1303073\cqt.npy,C:\Yukawa\music-reco-Jamendo-2-public\audio\pop\1303073\1303073.mp3,1303073.mp3,10,5.0,0,1-cDGjvHZKA8TqgCSwrOc-50LQUVcAWEZ
1557,pop,1303080,C:\Yukawa\Lab\Dataset\MTG-Jamendo-9mapping\9genre_music200_cqt\pop\1303080\cqt.npy,C:\Yukawa\music-reco-Jamendo-2-public\audio\pop\1303080\1303080.mp3,1303080.mp3,10,5.0,0,1RzlQu5Rb-Xrtki_iYxqn85sDX9TonBUi
1558,pop,1303082,C:\Yukawa\Lab\Dataset\MTG-Jamendo-9mapping\9genre_music200_cqt\pop\1303082\cqt.npy,C:\Yukawa\music-reco-Jamendo-2-public\audio\pop\1303082\1303082.mp3,1303082.mp3,10,5.0,0,1U5iyc1uB08nhhFs-BcT0Dt-urBp5ttIC
1559,pop,1304475,C:\Yukawa\Lab\Dataset\MTG-Jamendo-9mapping\9genre_music200_cqt\pop\1304475\cqt.npy,C:\Yukawa\music-reco-Jamendo-2-public\audio\pop\1304475\1304475.mp3,1304475.mp3,10,5.0,0,190wHy9M-Pco_vk7EgAOr0vRReqa9sdki
1560,pop,1316221,C:\Yukawa\Lab\Dataset\MTG-Jamendo-9mapping\9genre_music200_cqt\pop\1316221\cqt.npy,C:\Yukawa\music-reco-Jamendo-2-public\audio\pop\1316221\1316221.mp3,1316221.mp3,10,5.0,0,1B39u92-GcmU_YlZc1imcGL8bS2Shk5Yx
1561,pop,1324956,C:\Yukawa\Lab\Dataset\MTG-Jamendo-9mapping\9genre_music200_cqt\pop\1324956\cqt.npy,C:\Yukawa\music-reco-Jamendo-2-public\audio\pop\1324956\1324956.mp3,1324956.mp3,10,5.0,0,1CDCNFtUsxraL1s0MZFLL73eTELuDN9hs
1562,pop,1331482,C:\Yukawa\Lab\Dataset\MTG-Jamendo-9mapping\9genre_music200_cqt\pop\1331482\cqt.npy,C:\Yukawa\music-reco-Jamendo-2-public\audio\pop\1331482\1331482.mp3,1331482.mp3,10,5.0,0,1BHXMPPAL5fl39fOmU8tfdn4B1dadveZs
1563,pop,1333686,C:\Yukawa\Lab\Dataset\MTG-Jamendo-9mapping\9genre_music200_cqt\pop\1333686\cqt.npy,C:\Yukawa\music-reco-Jamendo-2-public\audio\pop\1333686\1333686.mp3,1333686.mp3,10,5.0,0,1Ypa26XCpJKtCqKVGdgWzXrNxHJ1sR8HL
1564,pop,1338456,C:\Yukawa\Lab\Dataset\MTG-Jamendo-9mapping\9genre_music200_cqt\pop\1338456\cqt.npy,C:\Yukawa\music-reco-Jamendo-2-public\audio\pop\1338456\1338456.mp3,1338456.mp3,10,5.0,0,1PHrfA8Zmdzq2znSSTReKXUNJ5uf-EcxO
1565,pop,1341061,C:\Yukawa\Lab\Dataset\MTG-Jamendo-9mapping\9genre_music200_cqt\pop\1341061\cqt.npy,C:\Yukawa\music-reco-Jamendo-2-public\audio\pop\1341061\1341061.mp3,1341061.mp3,10,5.0,0,1zsvX1IqUXrD84qsHuwcuBGBLGmZXbmu5
1566,pop,1352594,C:\Yukawa\Lab\Dataset\MTG-Jamendo-9mapping\9genre_music200_cqt\pop\1352594\cqt.npy,C:\Yukawa\music-reco-Jamendo-2-public\audio\pop\1352594\1352594.mp3,1352594.mp3,10,5.0,0,1rcSvfGGZFR_Tp3avrM_nBf9jMF5WzKZx
1567,pop,1358689,C:\Yukawa\Lab\Dataset\MTG-Jamendo-9mapping\9genre_music200_cqt\pop\1358689\cqt.npy,C:\Yukawa\music-reco-Jamendo-2-public\audio\pop\1358689\1358689.mp3,1358689.mp3,10,5.0,0,1CB5Yf1NEZzHzTrXc39Q-CbTZAEv0Edcu
1568,pop,1362243,C:\Yukawa\Lab\Dataset\MTG-Jamendo-9mapping\9genre_music200_cqt\pop\1362243\cqt.npy,C:\Yukawa\music-reco-Jamendo-2-public\audio\pop\1362243\1362243.mp3,1362243.mp3,10,5.0,0,1tdXRxoNHbmtzXXyYvuHgkIZpoNlXkk9q
1569,pop,1372093,C:\Yukawa\Lab\Dataset\MTG-Jamendo-9mapping\9genre_music200_cqt\pop\1372093\cqt.npy,C:\Yukawa\music-reco-Jamendo-2-public\audio\pop\1372093\1372093.mp3,1372093.mp3,10,5.0,0,1PlkUGk4DJIZ8LfOrSsqrmE5uGpnxyjPc
1570,pop,1372186,C:\Yukawa\Lab\Dataset\MTG-Jamendo-9mapping\9genre_music200_cqt\pop\1372186\cqt.npy,C:\Yukawa\music-reco-Jamendo-2-public\audio\pop\1372186\1372186.mp3,1372186.mp3,10,5.0,0,1aq4MSO2NtQ30xI7qahMybQo_Q-ozRpD9
1571,pop,1372188,C:\Yukawa\Lab\Dataset\MTG-Jamendo-9mapping\9genre_music200_cqt\pop\1372188\cqt.npy,C:\Yukawa\music-reco-Jamendo-2-public\audio\pop\1372188\1372188.mp3,1372188.mp3,10,5.0,0,1WBhIsXbMrG7Z49nMR04WAAmznh8v08NF
1572,pop,1372190,C:\Yukawa\Lab\Dataset\MTG-Jamendo-9mapping\9genre_music200_cqt\pop\1372190\cqt.npy,C:\Yukawa\music-reco-Jamendo-2-public\audio\pop\1372190\1372190.mp3,1372190.mp3,10,5.0,0,1somYlVsfzAfEOueuqpme0LFOF4CI3uYm
1573,pop,1372191,C:\Yukawa\Lab\Dataset\MTG-Jamendo-9mapping\9genre_music200_cqt\pop\1372191\cqt.npy,C:\Yukawa\music-reco-Jamendo-2-public\audio\pop\1372191\1372191.mp3,1372191.mp3,10,5.0,0,1A938mUXfHq106dodRN9umLD8ZhNND8q3
1574,pop,1372193,C:\Yukawa\Lab\Dataset\MTG-Jamendo-9mapping\9genre_music200_cqt\pop\1372193\cqt.npy,C:\Yukawa\music-reco-Jamendo-2-public\audio\pop\1372193\1372193.mp3,1372193.mp3,10,5.0,0,1AguHSfasro6k4yl56BS4n4QKhwT_mH0P
1575,pop,1372198,C:\Yukawa\Lab\Dataset\MTG-Jamendo-9mapping\9genre_music200_cqt\pop\1372198\cqt.npy,C:\Yukawa\music-reco-Jamendo-2-public\audio\pop\1372198\1372198.mp3,1372198.mp3,10,5.0,0,1WH1VfUbsuffROi3fZ6Tx9wWKJnmT1csv
1576,pop,1372199,C:\Yukawa\Lab\Dataset\MTG-Jamendo-9mapping\9genre_music200_cqt\pop\1372199\cqt.npy,C:\Yukawa\music-reco-Jamendo-2-public\audio\pop\1372199\1372199.mp3,1372199.mp3,10,5.0,0,1iTmT6hi5QkTCaP9lt-VXY1BRx9UEXG3i
1577,pop,1374258,C:\Yukawa\Lab\Dataset\MTG-Jamendo-9mapping\9genre_music200_cqt\pop\1374258\cqt.npy,C:\Yukawa\music-reco-Jamendo-2-public\audio\pop\1374258\1374258.mp3,1374258.mp3,10,5.0,0,1W_eJ9rGbMYxZClGqc70YlnOHxn3HIaq8
1578,pop,1374259,C:\Yukawa\Lab\Dataset\MTG-Jamendo-9mapping\9genre_music200_cqt\pop\1374259\cqt.npy,C:\Yukawa\music-reco-Jamendo-2-public\audio\pop\1374259\1374259.mp3,1374259.mp3,10,5.0,0,1C10P7hm1cR-ukDkAe8yUIjlYqerrXqu0
1579,pop,1388885,C:\Yukawa\Lab\Dataset\MTG-Jamendo-9mapping\9genre_music200_cqt\pop\1388885\cqt.npy,C:\Yukawa\music-reco-Jamendo-2-public\audio\pop\1388885\1388885.mp3,1388885.mp3,10,5.0,0,1PKYf8NLQ-dsWshTJvBjSTWlqjhEMGjoq
1580,pop,1389293,C:\Yukawa\Lab\Dataset\MTG-Jamendo-9mapping\9genre_music200_cqt\pop\1389293\cqt.npy,C:\Yukawa\music-reco-Jamendo-2-public\audio\pop\1389293\1389293.mp3,1389293.mp3,10,5.0,0,1f8GPLFThABf2X6_zer6oGIdOYZJC54AJ
1581,pop,1389294,C:\Yukawa\Lab\Dataset\MTG-Jamendo-9mapping\9genre_music200_cqt\pop\1389294\cqt.npy,C:\Yukawa\music-reco-Jamendo-2-public\audio\pop\1389294\1389294.mp3,1389294.mp3,10,5.0,0,1Rym-TYPv8B8oW4e42xn7L21oSOUgcDWJ
1582,pop,1389296,C:\Yukawa\Lab\Dataset\MTG-Jamendo-9mapping\9genre_music200_cqt\pop\1389296\cqt.npy,C:\Yukawa\music-reco-Jamendo-2-public\audio\pop\1389296\1389296.mp3,1389296.mp3,10,5.0,0,13e3PgLCcgLyr-mWyvDIoQW8BgcvQuOca
1583,pop,1390275,C:\Yukawa\Lab\Dataset\MTG-Jamendo-9mapping\9genre_music200_cqt\pop\1390275\cqt.npy,C:\Yukawa\music-reco-Jamendo-2-public\audio\pop\1390275\1390275.mp3,1390275.mp3,10,5.0,0,1Bih-r3oD3S0O8wahgNrPqcPAJHc54eyH
1584,pop,1392970,C:\Yukawa\Lab\Dataset\MTG-Jamendo-9mapping\9genre_music200_cqt\pop\1392970\cqt.npy,C:\Yukawa\music-reco-Jamendo-2-public\audio\pop\1392970\1392970.mp3,1392970.mp3,10,5.0,0,17jEaq6c1zyaT9FP3k21kOVPNQNGCQZtW
1585,pop,1393248,C:\Yukawa\Lab\Dataset\MTG-Jamendo-9mapping\9genre_music200_cqt\pop\1393248\cqt.npy,C:\Yukawa\music-reco-Jamendo-2-public\audio\pop\1393248\1393248.mp3,1393248.mp3,10,5.0,0,1ZUNqdyz6N1VYNmuIS6vMusLOzk-Wq4CW
1586,pop,1398147,C:\Yukawa\Lab\Dataset\MTG-Jamendo-9mapping\9genre_music200_cqt\pop\1398147\cqt.npy,C:\Yukawa\music-reco-Jamendo-2-public\audio\pop\1398147\1398147.mp3,1398147.mp3,10,5.0,0,1k5qrvFUc59ZKc5gdlN3-ns1j9wkTXSBS
1587,pop,1399525,C:\Yukawa\Lab\Dataset\MTG-Jamendo-9mapping\9genre_music200_cqt\pop\1399525\cqt.npy,C:\Yukawa\music-reco-Jamendo-2-public\audio\pop\1399525\1399525.mp3,1399525.mp3,10,5.0,0,1jAtC2L_AT8H-dCuCVU6gIcg5jD6n1j_M
1588,pop,1399526,C:\Yukawa\Lab\Dataset\MTG-Jamendo-9mapping\9genre_music200_cqt\pop\1399526\cqt.npy,C:\Yukawa\music-reco-Jamendo-2-public\audio\pop\1399526\1399526.mp3,1399526.mp3,10,5.0,0,1uSUl6exFk364idLSPl8ru9SwoRhx_ULu
1589,pop,1399530,C:\Yukawa\Lab\Dataset\MTG-Jamendo-9mapping\9genre_music200_cqt\pop\1399530\cqt.npy,C:\Yukawa\music-reco-Jamendo-2-public\audio\pop\1399530\1399530.mp3,1399530.mp3,10,5.0,0,1yVwEsYvcLChDF8dquHw903xPABAih2ht
1590,pop,1405038,C:\Yukawa\Lab\Dataset\MTG-Jamendo-9mapping\9genre_music200_cqt\pop\1405038\cqt.npy,C:\Yukawa\music-reco-Jamendo-2-public\audio\pop\1405038\1405038.mp3,1405038.mp3,10,5.0,0,1O4sWuBLOk7j7b7ugeojbv_reSPWOu0Ta
1591,pop,1405041,C:\Yukawa\Lab\Dataset\MTG-Jamendo-9mapping\9genre_music200_cqt\pop\1405041\cqt.npy,C:\Yukawa\music-reco-Jamendo-2-public\audio\pop\1405041\1405041.mp3,1405041.mp3,10,5.0,0,1-9pL9MOyjn7kkBYJulC7ETjfiDI77cF5
1592,pop,1405471,C:\Yukawa\Lab\Dataset\MTG-Jamendo-9mapping\9genre_music200_cqt\pop\1405471\cqt.npy,C:\Yukawa\music-reco-Jamendo-2-public\audio\pop\1405471\1405471.mp3,1405471.mp3,10,5.0,0,16bQGFWHa4fSAyt5KFXOlNieqcNaS1iX1
1593,pop,1413879,C:\Yukawa\Lab\Dataset\MTG-Jamendo-9mapping\9genre_music200_cqt\pop\1413879\cqt.npy,C:\Yukawa\music-reco-Jamendo-2-public\audio\pop\1413879\1413879.mp3,1413879.mp3,10,5.0,0,1q3kJf-Vu5NB5lp-bT1-rkzuXTU4c0SL7
1594,pop,1413890,C:\Yukawa\Lab\Dataset\MTG-Jamendo-9mapping\9genre_music200_cqt\pop\1413890\cqt.npy,C:\Yukawa\music-reco-Jamendo-2-public\audio\pop\1413890\1413890.mp3,1413890.mp3,10,5.0,0,1-qdQu55KGVygJ6lnwBW-MgxYkgni7n4p
1595,pop,1414984,C:\Yukawa\Lab\Dataset\MTG-Jamendo-9mapping\9genre_music200_cqt\pop\1414984\cqt.npy,C:\Yukawa\music-reco-Jamendo-2-public\audio\pop\1414984\1414984.mp3,1414984.mp3,10,5.0,0,1F0kiz5ovCCSpu-Cw5ZduE18wpOqtf2Pu
1596,pop,1414985,C:\Yukawa\Lab\Dataset\MTG-Jamendo-9mapping\9genre_music200_cqt\pop\1414985\cqt.npy,C:\Yukawa\music-reco-Jamendo-2-public\audio\pop\1414985\1414985.mp3,1414985.mp3,10,5.0,0,1A5eXzqPDYIRgi9CpGXudRp-N8GOJicyQ
1597,pop,1416190,C:\Yukawa\Lab\Dataset\MTG-Jamendo-9mapping\9genre_music200_cqt\pop\1416190\cqt.npy,C:\Yukawa\music-reco-Jamendo-2-public\audio\pop\1416190\1416190.mp3,1416190.mp3,10,5.0,0,1LM_ftCgrcLe7NtiKf-E8Kqxqw5RrOUzD
1598,pop,1420922,C:\Yukawa\Lab\Dataset\MTG-Jamendo-9mapping\9genre_music200_cqt\pop\1420922\cqt.npy,C:\Yukawa\music-reco-Jamendo-2-public\audio\pop\1420922\1420922.mp3,1420922.mp3,10,5.0,0,1qjtbr44pzAmfChZgZUwMFyACUb_Xe2US
1599,pop,1420933,C:\Yukawa\Lab\Dataset\MTG-Jamendo-9mapping\9genre_music200_cqt\pop\1420933\cqt.npy,C:\Yukawa\music-reco-Jamendo-2-public\audio\pop\1420933\1420933.mp3,1420933.mp3,10,5.0,0,11cG10ZG-Tsxs0sJX95hrl6KVjoh7J-0G
1600,rock,1027723,C:\Yukawa\Lab\Dataset\MTG-Jamendo-9mapping\9genre_music200_cqt\rock\1027723\cqt.npy,C:\Yukawa\music-reco-Jamendo-2-public\audio\rock\1027723\1027723.mp3,1027723.mp3,10,5.0,0,1BgI19zPwpvA0P5veqTY1P48OE1baB2OD
1601,rock,1031569,C:\Yukawa\Lab\Dataset\MTG-Jamendo-9mapping\9genre_music200_cqt\rock\1031569\cqt.npy,C:\Yukawa\music-reco-Jamendo-2-public\audio\rock\1031569\1031569.mp3,1031569.mp3,10,5.0,0,1eI-DzMpEixX4T-JWRYVQjbtWDHoQPwu3
1602,rock,1032923,C:\Yukawa\Lab\Dataset\MTG-Jamendo-9mapping\9genre_music200_cqt\rock\1032923\cqt.npy,C:\Yukawa\music-reco-Jamendo-2-public\audio\rock\1032923\1032923.mp3,1032923.mp3,10,5.0,0,1xGPmRFNri8-dKAqKKz64tQmuDSMlWNBY
1603,rock,1035343,C:\Yukawa\Lab\Dataset\MTG-Jamendo-9mapping\9genre_music200_cqt\rock\1035343\cqt.npy,C:\Yukawa\music-reco-Jamendo-2-public\audio\rock\1035343\1035343.mp3,1035343.mp3,10,5.0,0,1B8oD9lOVFPn70eNSILMbfb9XSLT1VEBp
1604,rock,1035344,C:\Yukawa\Lab\Dataset\MTG-Jamendo-9mapping\9genre_music200_cqt\rock\1035344\cqt.npy,C:\Yukawa\music-reco-Jamendo-2-public\audio\rock\1035344\1035344.mp3,1035344.mp3,10,5.0,0,1om1ODCfeOGtEJpUAVe6cWaYQaXXMxRBV
1605,rock,1035345,C:\Yukawa\Lab\Dataset\MTG-Jamendo-9mapping\9genre_music200_cqt\rock\1035345\cqt.npy,C:\Yukawa\music-reco-Jamendo-2-public\audio\rock\1035345\1035345.mp3,1035345.mp3,10,5.0,0,1sTPMqj6JzcML6SipMsCMd3JT0Oq3c140
1606,rock,1042998,C:\Yukawa\Lab\Dataset\MTG-Jamendo-9mapping\9genre_music200_cqt\rock\1042998\cqt.npy,C:\Yukawa\music-reco-Jamendo-2-public\audio\rock\1042998\1042998.mp3,1042998.mp3,10,5.0,0,1FxlCMZQIgsVXAlE1E7RONLG6eVpVK0a7
1607,rock,1046853,C:\Yukawa\Lab\Dataset\MTG-Jamendo-9mapping\9genre_music200_cqt\rock\1046853\cqt.npy,C:\Yukawa\music-reco-Jamendo-2-public\audio\rock\1046853\1046853.mp3,1046853.mp3,10,5.0,0,1YjnhXV9CFjW32_TqBYJr0w7kMoZTglbf
1608,rock,1056125,C:\Yukawa\Lab\Dataset\MTG-Jamendo-9mapping\9genre_music200_cqt\rock\1056125\cqt.npy,C:\Yukawa\music-reco-Jamendo-2-public\audio\rock\1056125\1056125.mp3,1056125.mp3,10,5.0,0,1HbD1aMXKIC54GPiPHgkTJP15_FE55nO3
1609,rock,1056126,C:\Yukawa\Lab\Dataset\MTG-Jamendo-9mapping\9genre_music200_cqt\rock\1056126\cqt.npy,C:\Yukawa\music-reco-Jamendo-2-public\audio\rock\1056126\1056126.mp3,1056126.mp3,10,5.0,0,1SfClFzM64ntlW5Z5iqmOSJDdNq7ATz9C
1610,rock,1056127,C:\Yukawa\Lab\Dataset\MTG-Jamendo-9mapping\9genre_music200_cqt\rock\1056127\cqt.npy,C:\Yukawa\music-reco-Jamendo-2-public\audio\rock\1056127\1056127.mp3,1056127.mp3,10,5.0,0,1YP7QhiPi68VTaV_ZxlZBKnxLNoFoJjxo
1611,rock,1056128,C:\Yukawa\Lab\Dataset\MTG-Jamendo-9mapping\9genre_music200_cqt\rock\1056128\cqt.npy,C:\Yukawa\music-reco-Jamendo-2-public\audio\rock\1056128\1056128.mp3,1056128.mp3,10,5.0,0,1qNkGYb1UN9YSSUyIMrculZKw9z5871A0
1612,rock,1056811,C:\Yukawa\Lab\Dataset\MTG-Jamendo-9mapping\9genre_music200_cqt\rock\1056811\cqt.npy,C:\Yukawa\music-reco-Jamendo-2-public\audio\rock\1056811\1056811.mp3,1056811.mp3,10,5.0,0,1E5OLJN4nQ11t_6Uoo17FD94EkKR3mSga
1613,rock,1056812,C:\Yukawa\Lab\Dataset\MTG-Jamendo-9mapping\9genre_music200_cqt\rock\1056812\cqt.npy,C:\Yukawa\music-reco-Jamendo-2-public\audio\rock\1056812\1056812.mp3,1056812.mp3,10,5.0,0,1WPucBWRhhw_9fJSAeFYNPbeUxki6s9r2
1614,rock,1056813,C:\Yukawa\Lab\Dataset\MTG-Jamendo-9mapping\9genre_music200_cqt\rock\1056813\cqt.npy,C:\Yukawa\music-reco-Jamendo-2-public\audio\rock\1056813\1056813.mp3,1056813.mp3,10,5.0,0,1H6oG42NFRQzbZSPyAtTxbT8gni0BRYmC
1615,rock,1056814,C:\Yukawa\Lab\Dataset\MTG-Jamendo-9mapping\9genre_music200_cqt\rock\1056814\cqt.npy,C:\Yukawa\music-reco-Jamendo-2-public\audio\rock\1056814\1056814.mp3,1056814.mp3,10,5.0,0,1fNIqhHzeX8qn5KR_Qu3PbFygF_yKk0i8
1616,rock,1056815,C:\Yukawa\Lab\Dataset\MTG-Jamendo-9mapping\9genre_music200_cqt\rock\1056815\cqt.npy,C:\Yukawa\music-reco-Jamendo-2-public\audio\rock\1056815\1056815.mp3,1056815.mp3,10,5.0,0,18kgWpNPNNZrna9jbNvqlUu79vddOFtCn
1617,rock,1056816,C:\Yukawa\Lab\Dataset\MTG-Jamendo-9mapping\9genre_music200_cqt\rock\1056816\cqt.npy,C:\Yukawa\music-reco-Jamendo-2-public\audio\rock\1056816\1056816.mp3,1056816.mp3,10,5.0,0,1XwfrmGQUrBjmEKpiT4H10n_P2_4wKsow
1618,rock,1056817,C:\Yukawa\Lab\Dataset\MTG-Jamendo-9mapping\9genre_music200_cqt\rock\1056817\cqt.npy,C:\Yukawa\music-reco-Jamendo-2-public\audio\rock\1056817\1056817.mp3,1056817.mp3,10,5.0,0,1XaNDQDSHBjxvz19FuJ-U0Xp0XTMhJm50
1619,rock,1056818,C:\Yukawa\Lab\Dataset\MTG-Jamendo-9mapping\9genre_music200_cqt\rock\1056818\cqt.npy,C:\Yukawa\music-reco-Jamendo-2-public\audio\rock\1056818\1056818.mp3,1056818.mp3,10,5.0,0,1HALfMO9qL0fDQmSEDa7DKE2ox0a2CWB-
1620,rock,1056819,C:\Yukawa\Lab\Dataset\MTG-Jamendo-9mapping\9genre_music200_cqt\rock\1056819\cqt.npy,C:\Yukawa\music-reco-Jamendo-2-public\audio\rock\1056819\1056819.mp3,1056819.mp3,10,5.0,0,1vN7lzpxY961No-ll1iSH9BZbVCr85lcJ
1621,rock,1056820,C:\Yukawa\Lab\Dataset\MTG-Jamendo-9mapping\9genre_music200_cqt\rock\1056820\cqt.npy,C:\Yukawa\music-reco-Jamendo-2-public\audio\rock\1056820\1056820.mp3,1056820.mp3,10,5.0,0,1RxuZIJL2dSGe9tGFbcb_mxJDTptQKrFF
1622,rock,1056821,C:\Yukawa\Lab\Dataset\MTG-Jamendo-9mapping\9genre_music200_cqt\rock\1056821\cqt.npy,C:\Yukawa\music-reco-Jamendo-2-public\audio\rock\1056821\1056821.mp3,1056821.mp3,10,5.0,0,16PBm39vYLwGpbDrO2aOw77CW35vjuKZS
1623,rock,1056822,C:\Yukawa\Lab\Dataset\MTG-Jamendo-9mapping\9genre_music200_cqt\rock\1056822\cqt.npy,C:\Yukawa\music-reco-Jamendo-2-public\audio\rock\1056822\1056822.mp3,1056822.mp3,10,5.0,0,1rhXt5PHeXlgSxGeQihCVAstIxrV72dpQ
1624,rock,1056823,C:\Yukawa\Lab\Dataset\MTG-Jamendo-9mapping\9genre_music200_cqt\rock\1056823\cqt.npy,C:\Yukawa\music-reco-Jamendo-2-public\audio\rock\1056823\1056823.mp3,1056823.mp3,10,5.0,0,1O9JRAUAcr4lPiaB7nAekMQhrw5FQox-T
1625,rock,1056824,C:\Yukawa\Lab\Dataset\MTG-Jamendo-9mapping\9genre_music200_cqt\rock\1056824\cqt.npy,C:\Yukawa\music-reco-Jamendo-2-public\audio\rock\1056824\1056824.mp3,1056824.mp3,10,5.0,0,1zPDrjMrFqoemi_LYEURnTsMGyUDuoFUK
1626,rock,1065654,C:\Yukawa\Lab\Dataset\MTG-Jamendo-9mapping\9genre_music200_cqt\rock\1065654\cqt.npy,C:\Yukawa\music-reco-Jamendo-2-public\audio\rock\1065654\1065654.mp3,1065654.mp3,10,5.0,0,1tEOkhwfvpi7RWtBirwkVrXB6DhwuuFy4
1627,rock,1065655,C:\Yukawa\Lab\Dataset\MTG-Jamendo-9mapping\9genre_music200_cqt\rock\1065655\cqt.npy,C:\Yukawa\music-reco-Jamendo-2-public\audio\rock\1065655\1065655.mp3,1065655.mp3,10,5.0,0,1iU2T4csDI8IblGJw1roCZQt2kwxRx9l9
1628,rock,1067290,C:\Yukawa\Lab\Dataset\MTG-Jamendo-9mapping\9genre_music200_cqt\rock\1067290\cqt.npy,C:\Yukawa\music-reco-Jamendo-2-public\audio\rock\1067290\1067290.mp3,1067290.mp3,10,5.0,0,1x5cFKOJPmSen_Q8nuXAc4uPMHdpi8J_u
1629,rock,1067291,C:\Yukawa\Lab\Dataset\MTG-Jamendo-9mapping\9genre_music200_cqt\rock\1067291\cqt.npy,C:\Yukawa\music-reco-Jamendo-2-public\audio\rock\1067291\1067291.mp3,1067291.mp3,10,5.0,0,1xNK73VSyy14AQjDbGrRUew02NaPelBhi
1630,rock,1067297,C:\Yukawa\Lab\Dataset\MTG-Jamendo-9mapping\9genre_music200_cqt\rock\1067297\cqt.npy,C:\Yukawa\music-reco-Jamendo-2-public\audio\rock\1067297\1067297.mp3,1067297.mp3,10,5.0,0,1MOeB4Xvhnsw0PQwMieXoMU2Gb8z-wScl
1631,rock,1067298,C:\Yukawa\Lab\Dataset\MTG-Jamendo-9mapping\9genre_music200_cqt\rock\1067298\cqt.npy,C:\Yukawa\music-reco-Jamendo-2-public\audio\rock\1067298\1067298.mp3,1067298.mp3,10,5.0,0,14THP0056atcr9WxLn0ijLXy86Lg_KMns
1632,rock,1077360,C:\Yukawa\Lab\Dataset\MTG-Jamendo-9mapping\9genre_music200_cqt\rock\1077360\cqt.npy,C:\Yukawa\music-reco-Jamendo-2-public\audio\rock\1077360\1077360.mp3,1077360.mp3,10,5.0,0,14ee7zmTCjboxSY94VX7TNxMpE8aTrgNj
1633,rock,1078437,C:\Yukawa\Lab\Dataset\MTG-Jamendo-9mapping\9genre_music200_cqt\rock\1078437\cqt.npy,C:\Yukawa\music-reco-Jamendo-2-public\audio\rock\1078437\1078437.mp3,1078437.mp3,10,5.0,0,1Q_QlW5IW1bvPrD_jDGFvgXOHjUq2Shjc
1634,rock,1078440,C:\Yukawa\Lab\Dataset\MTG-Jamendo-9mapping\9genre_music200_cqt\rock\1078440\cqt.npy,C:\Yukawa\music-reco-Jamendo-2-public\audio\rock\1078440\1078440.mp3,1078440.mp3,10,5.0,0,1Cia1TME7BiMHbnZ4VtNQWhcwSqALArFE
1635,rock,1078441,C:\Yukawa\Lab\Dataset\MTG-Jamendo-9mapping\9genre_music200_cqt\rock\1078441\cqt.npy,C:\Yukawa\music-reco-Jamendo-2-public\audio\rock\1078441\1078441.mp3,1078441.mp3,10,5.0,0,1fsQtOEoRgyxTmcDdQMGUAbzA7uW6I9vG
1636,rock,1078442,C:\Yukawa\Lab\Dataset\MTG-Jamendo-9mapping\9genre_music200_cqt\rock\1078442\cqt.npy,C:\Yukawa\music-reco-Jamendo-2-public\audio\rock\1078442\1078442.mp3,1078442.mp3,10,5.0,0,1r0Nq8aMZMSiBwl6czUEOaTLy-G9b3rHJ
1637,rock,1078444,C:\Yukawa\Lab\Dataset\MTG-Jamendo-9mapping\9genre_music200_cqt\rock\1078444\cqt.npy,C:\Yukawa\music-reco-Jamendo-2-public\audio\rock\1078444\1078444.mp3,1078444.mp3,10,5.0,0,1AzqDjI7gqZRcwwnOt2t7T7EZa16N-Ke5
1638,rock,1078445,C:\Yukawa\Lab\Dataset\MTG-Jamendo-9mapping\9genre_music200_cqt\rock\1078445\cqt.npy,C:\Yukawa\music-reco-Jamendo-2-public\audio\rock\1078445\1078445.mp3,1078445.mp3,10,5.0,0,1BerxModNQ6qOoCRNhsdYqOwBQPSvRZdD
1639,rock,1078447,C:\Yukawa\Lab\Dataset\MTG-Jamendo-9mapping\9genre_music200_cqt\rock\1078447\cqt.npy,C:\Yukawa\music-reco-Jamendo-2-public\audio\rock\1078447\1078447.mp3,1078447.mp3,10,5.0,0,1Z86FeTW7jeDXk1O4lukCx0DK4VInzYwS
1640,rock,1078448,C:\Yukawa\Lab\Dataset\MTG-Jamendo-9mapping\9genre_music200_cqt\rock\1078448\cqt.npy,C:\Yukawa\music-reco-Jamendo-2-public\audio\rock\1078448\1078448.mp3,1078448.mp3,10,5.0,0,1ZXpP1ev4pBarY4HydPTe8hjN8LPB6fah
1641,rock,1090977,C:\Yukawa\Lab\Dataset\MTG-Jamendo-9mapping\9genre_music200_cqt\rock\1090977\cqt.npy,C:\Yukawa\music-reco-Jamendo-2-public\audio\rock\1090977\1090977.mp3,1090977.mp3,10,5.0,0,1N8HL7_w6yqY5Dych5wKmhwuMmIMDY22q
1642,rock,1090978,C:\Yukawa\Lab\Dataset\MTG-Jamendo-9mapping\9genre_music200_cqt\rock\1090978\cqt.npy,C:\Yukawa\music-reco-Jamendo-2-public\audio\rock\1090978\1090978.mp3,1090978.mp3,10,5.0,0,1sIf0YwDWXVlIzauoNa61cbPIk_ZWyRpg
1643,rock,1090979,C:\Yukawa\Lab\Dataset\MTG-Jamendo-9mapping\9genre_music200_cqt\rock\1090979\cqt.npy,C:\Yukawa\music-reco-Jamendo-2-public\audio\rock\1090979\1090979.mp3,1090979.mp3,10,5.0,0,1_xBqh2kWdfgeq5aXehSobXG0k6kNWfYi
1644,rock,1090980,C:\Yukawa\Lab\Dataset\MTG-Jamendo-9mapping\9genre_music200_cqt\rock\1090980\cqt.npy,C:\Yukawa\music-reco-Jamendo-2-public\audio\rock\1090980\1090980.mp3,1090980.mp3,10,5.0,0,1RRXJ9mgOh_CFU0lAxt4LJXCHXA5B02oH
1645,rock,1090981,C:\Yukawa\Lab\Dataset\MTG-Jamendo-9mapping\9genre_music200_cqt\rock\1090981\cqt.npy,C:\Yukawa\music-reco-Jamendo-2-public\audio\rock\1090981\1090981.mp3,1090981.mp3,10,5.0,0,1KVZGXLQSPEOajWsReb-mOO_iRIJN9nIz
1646,rock,1090982,C:\Yukawa\Lab\Dataset\MTG-Jamendo-9mapping\9genre_music200_cqt\rock\1090982\cqt.npy,C:\Yukawa\music-reco-Jamendo-2-public\audio\rock\1090982\1090982.mp3,1090982.mp3,10,5.0,0,1-2oViElPi676_aIbc3QuodwP3a7Q4yol
1647,rock,1090984,C:\Yukawa\Lab\Dataset\MTG-Jamendo-9mapping\9genre_music200_cqt\rock\1090984\cqt.npy,C:\Yukawa\music-reco-Jamendo-2-public\audio\rock\1090984\1090984.mp3,1090984.mp3,10,5.0,0,1YQ0tTBtQ9nvtpVd281jfojguYtLy_QC8
1648,rock,1090985,C:\Yukawa\Lab\Dataset\MTG-Jamendo-9mapping\9genre_music200_cqt\rock\1090985\cqt.npy,C:\Yukawa\music-reco-Jamendo-2-public\audio\rock\1090985\1090985.mp3,1090985.mp3,10,5.0,0,1x3slqBJ2CseEqTBJI4t5RIjovVibzm_z
1649,rock,1090986,C:\Yukawa\Lab\Dataset\MTG-Jamendo-9mapping\9genre_music200_cqt\rock\1090986\cqt.npy,C:\Yukawa\music-reco-Jamendo-2-public\audio\rock\1090986\1090986.mp3,1090986.mp3,10,5.0,0,15Ygqeg9swsHXy5ZMObFsa2Jbhe19ubai
1650,rock,1090987,C:\Yukawa\Lab\Dataset\MTG-Jamendo-9mapping\9genre_music200_cqt\rock\1090987\cqt.npy,C:\Yukawa\music-reco-Jamendo-2-public\audio\rock\1090987\1090987.mp3,1090987.mp3,10,5.0,0,1vphYEKPrUVY9_H8Kg_2gQNIU513XmKPl
1651,rock,1090988,C:\Yukawa\Lab\Dataset\MTG-Jamendo-9mapping\9genre_music200_cqt\rock\1090988\cqt.npy,C:\Yukawa\music-reco-Jamendo-2-public\audio\rock\1090988\1090988.mp3,1090988.mp3,10,5.0,0,16xLXjRMs6aDVAZZ58GyFWez9pc-ywxsq
1652,rock,1113513,C:\Yukawa\Lab\Dataset\MTG-Jamendo-9mapping\9genre_music200_cqt\rock\1113513\cqt.npy,C:\Yukawa\music-reco-Jamendo-2-public\audio\rock\1113513\1113513.mp3,1113513.mp3,10,5.0,0,1uMATSoIyHXQrVrXJdAe1-D_VjUN-jAPg
1653,rock,1115076,C:\Yukawa\Lab\Dataset\MTG-Jamendo-9mapping\9genre_music200_cqt\rock\1115076\cqt.npy,C:\Yukawa\music-reco-Jamendo-2-public\audio\rock\1115076\1115076.mp3,1115076.mp3,10,5.0,0,1j3xKCNy1iy-8w5PCQKesEIxF6FBPHv8J
1654,rock,1115077,C:\Yukawa\Lab\Dataset\MTG-Jamendo-9mapping\9genre_music200_cqt\rock\1115077\cqt.npy,C:\Yukawa\music-reco-Jamendo-2-public\audio\rock\1115077\1115077.mp3,1115077.mp3,10,5.0,0,1FTTm4dktTg8J8J6yehgQtC7lplNJkmBh
1655,rock,1115078,C:\Yukawa\Lab\Dataset\MTG-Jamendo-9mapping\9genre_music200_cqt\rock\1115078\cqt.npy,C:\Yukawa\music-reco-Jamendo-2-public\audio\rock\1115078\1115078.mp3,1115078.mp3,10,5.0,0,1kHmYqURB-NKfzUHnYmBjXNn55yuydUDY
1656,rock,1115079,C:\Yukawa\Lab\Dataset\MTG-Jamendo-9mapping\9genre_music200_cqt\rock\1115079\cqt.npy,C:\Yukawa\music-reco-Jamendo-2-public\audio\rock\1115079\1115079.mp3,1115079.mp3,10,5.0,0,10gXJOxFKCAGyIlNaVkGDkdgFcC6D76zA
1657,rock,1119016,C:\Yukawa\Lab\Dataset\MTG-Jamendo-9mapping\9genre_music200_cqt\rock\1119016\cqt.npy,C:\Yukawa\music-reco-Jamendo-2-public\audio\rock\1119016\1119016.mp3,1119016.mp3,10,5.0,0,14cXKNWAYljyq4eieaJsE90HnqbA5MeWf
1658,rock,1119023,C:\Yukawa\Lab\Dataset\MTG-Jamendo-9mapping\9genre_music200_cqt\rock\1119023\cqt.npy,C:\Yukawa\music-reco-Jamendo-2-public\audio\rock\1119023\1119023.mp3,1119023.mp3,10,5.0,0,1gp5JDHg1CcemKnAPnn8JiefNey8FVmzG
1659,rock,1124079,C:\Yukawa\Lab\Dataset\MTG-Jamendo-9mapping\9genre_music200_cqt\rock\1124079\cqt.npy,C:\Yukawa\music-reco-Jamendo-2-public\audio\rock\1124079\1124079.mp3,1124079.mp3,10,5.0,0,1PqtaTyQ_GmrdkPvL1QxS9YdfebuadDwf
1660,rock,1127145,C:\Yukawa\Lab\Dataset\MTG-Jamendo-9mapping\9genre_music200_cqt\rock\1127145\cqt.npy,C:\Yukawa\music-reco-Jamendo-2-public\audio\rock\1127145\1127145.mp3,1127145.mp3,10,5.0,0,1RCdn_H0_Trx7mzzn2lpXhFr1vi4r3yqx
1661,rock,1127146,C:\Yukawa\Lab\Dataset\MTG-Jamendo-9mapping\9genre_music200_cqt\rock\1127146\cqt.npy,C:\Yukawa\music-reco-Jamendo-2-public\audio\rock\1127146\1127146.mp3,1127146.mp3,10,5.0,0,1LXSiGodluzJKaZFZb-BCWz-PsU2G3l6G
1662,rock,1127147,C:\Yukawa\Lab\Dataset\MTG-Jamendo-9mapping\9genre_music200_cqt\rock\1127147\cqt.npy,C:\Yukawa\music-reco-Jamendo-2-public\audio\rock\1127147\1127147.mp3,1127147.mp3,10,5.0,0,18lUsnCOl7WdkQSanHHtjU4NN484hvwP2
1663,rock,1127148,C:\Yukawa\Lab\Dataset\MTG-Jamendo-9mapping\9genre_music200_cqt\rock\1127148\cqt.npy,C:\Yukawa\music-reco-Jamendo-2-public\audio\rock\1127148\1127148.mp3,1127148.mp3,10,5.0,0,1FWFuKigQ2f7r8aLa2bF59V7XSpst1J1r
1664,rock,1127150,C:\Yukawa\Lab\Dataset\MTG-Jamendo-9mapping\9genre_music200_cqt\rock\1127150\cqt.npy,C:\Yukawa\music-reco-Jamendo-2-public\audio\rock\1127150\1127150.mp3,1127150.mp3,10,5.0,0,1fnEXRZfvi8KF-Sc30cjEwZHIlrhwKwRA
1665,rock,1127151,C:\Yukawa\Lab\Dataset\MTG-Jamendo-9mapping\9genre_music200_cqt\rock\1127151\cqt.npy,C:\Yukawa\music-reco-Jamendo-2-public\audio\rock\1127151\1127151.mp3,1127151.mp3,10,5.0,0,1qBj7ljH99UaI-Ke7wKE9681Sd8dshB66
1666,rock,1127152,C:\Yukawa\Lab\Dataset\MTG-Jamendo-9mapping\9genre_music200_cqt\rock\1127152\cqt.npy,C:\Yukawa\music-reco-Jamendo-2-public\audio\rock\1127152\1127152.mp3,1127152.mp3,10,5.0,0,1XmP-aXDgmR8k01-xZ9i1RhGU1JFVlLre
1667,rock,1127153,C:\Yukawa\Lab\Dataset\MTG-Jamendo-9mapping\9genre_music200_cqt\rock\1127153\cqt.npy,C:\Yukawa\music-reco-Jamendo-2-public\audio\rock\1127153\1127153.mp3,1127153.mp3,10,5.0,0,1k2xU5Kcm8ubBrNoq2xD7CJ7vykQ3rAed
1668,rock,1127154,C:\Yukawa\Lab\Dataset\MTG-Jamendo-9mapping\9genre_music200_cqt\rock\1127154\cqt.npy,C:\Yukawa\music-reco-Jamendo-2-public\audio\rock\1127154\1127154.mp3,1127154.mp3,10,5.0,0,1uyhDTupMS3nRNJdvMmbW8K1wj1pPSwRG
1669,rock,1131098,C:\Yukawa\Lab\Dataset\MTG-Jamendo-9mapping\9genre_music200_cqt\rock\1131098\cqt.npy,C:\Yukawa\music-reco-Jamendo-2-public\audio\rock\1131098\1131098.mp3,1131098.mp3,10,5.0,0,14-Movk8FKKMjYXLQQwMerzFDDtBtUd1D
1670,rock,1131953,C:\Yukawa\Lab\Dataset\MTG-Jamendo-9mapping\9genre_music200_cqt\rock\1131953\cqt.npy,C:\Yukawa\music-reco-Jamendo-2-public\audio\rock\1131953\1131953.mp3,1131953.mp3,10,5.0,0,1o1FfkK5l4QMI6sZrQqfp6JfQvIhUsFBB
1671,rock,1131955,C:\Yukawa\Lab\Dataset\MTG-Jamendo-9mapping\9genre_music200_cqt\rock\1131955\cqt.npy,C:\Yukawa\music-reco-Jamendo-2-public\audio\rock\1131955\1131955.mp3,1131955.mp3,10,5.0,0,1O_iJFaG798HRFs6gNAk-ZxyGDK_3MfB-
1672,rock,1131958,C:\Yukawa\Lab\Dataset\MTG-Jamendo-9mapping\9genre_music200_cqt\rock\1131958\cqt.npy,C:\Yukawa\music-reco-Jamendo-2-public\audio\rock\1131958\1131958.mp3,1131958.mp3,10,5.0,0,1WAv_fLXymzdwzq6lWA6EHM7kWdkng22c
1673,rock,1133475,C:\Yukawa\Lab\Dataset\MTG-Jamendo-9mapping\9genre_music200_cqt\rock\1133475\cqt.npy,C:\Yukawa\music-reco-Jamendo-2-public\audio\rock\1133475\1133475.mp3,1133475.mp3,10,5.0,0,1tTqjqTWARbhyMYh1sxqmxWJJeeYy_vAz
1674,rock,1133476,C:\Yukawa\Lab\Dataset\MTG-Jamendo-9mapping\9genre_music200_cqt\rock\1133476\cqt.npy,C:\Yukawa\music-reco-Jamendo-2-public\audio\rock\1133476\1133476.mp3,1133476.mp3,10,5.0,0,1ZqbZkD_6cJW4wliYrk1U1PUmvu0UZx86
1675,rock,1133477,C:\Yukawa\Lab\Dataset\MTG-Jamendo-9mapping\9genre_music200_cqt\rock\1133477\cqt.npy,C:\Yukawa\music-reco-Jamendo-2-public\audio\rock\1133477\1133477.mp3,1133477.mp3,10,5.0,0,1hL_S9yY8TaEJXx3MtvYoixnYQ1XUd4-x
1676,rock,1133478,C:\Yukawa\Lab\Dataset\MTG-Jamendo-9mapping\9genre_music200_cqt\rock\1133478\cqt.npy,C:\Yukawa\music-reco-Jamendo-2-public\audio\rock\1133478\1133478.mp3,1133478.mp3,10,5.0,0,14ds16iPxxO9_zouooQ6JD04rVDs-7Aox
1677,rock,1133479,C:\Yukawa\Lab\Dataset\MTG-Jamendo-9mapping\9genre_music200_cqt\rock\1133479\cqt.npy,C:\Yukawa\music-reco-Jamendo-2-public\audio\rock\1133479\1133479.mp3,1133479.mp3,10,5.0,0,1ms6S6E49nLtxYzo7hPUW0tlmSAdr9IT0
1678,rock,1133480,C:\Yukawa\Lab\Dataset\MTG-Jamendo-9mapping\9genre_music200_cqt\rock\1133480\cqt.npy,C:\Yukawa\music-reco-Jamendo-2-public\audio\rock\1133480\1133480.mp3,1133480.mp3,10,5.0,0,1uAHariBy5xYUmEG3le-qIvMkpZFYMk2y
1679,rock,1133483,C:\Yukawa\Lab\Dataset\MTG-Jamendo-9mapping\9genre_music200_cqt\rock\1133483\cqt.npy,C:\Yukawa\music-reco-Jamendo-2-public\audio\rock\1133483\1133483.mp3,1133483.mp3,10,5.0,0,1rufOjKhkGPvXramlIZgWSGf32gyd8JcH
1680,rock,1133992,C:\Yukawa\Lab\Dataset\MTG-Jamendo-9mapping\9genre_music200_cqt\rock\1133992\cqt.npy,C:\Yukawa\music-reco-Jamendo-2-public\audio\rock\1133992\1133992.mp3,1133992.mp3,10,5.0,0,1J-Y4zPslCFWchEk1y1ibcq_T1W9kpkL1
1681,rock,1133993,C:\Yukawa\Lab\Dataset\MTG-Jamendo-9mapping\9genre_music200_cqt\rock\1133993\cqt.npy,C:\Yukawa\music-reco-Jamendo-2-public\audio\rock\1133993\1133993.mp3,1133993.mp3,10,5.0,0,1aNl94UYDGLZYFUns4P-IOCcmrV602bR4
1682,rock,1133994,C:\Yukawa\Lab\Dataset\MTG-Jamendo-9mapping\9genre_music200_cqt\rock\1133994\cqt.npy,C:\Yukawa\music-reco-Jamendo-2-public\audio\rock\1133994\1133994.mp3,1133994.mp3,10,5.0,0,1JLAynRgTcVm5hkhXH_df3HhmB_soDrKk
1683,rock,1133995,C:\Yukawa\Lab\Dataset\MTG-Jamendo-9mapping\9genre_music200_cqt\rock\1133995\cqt.npy,C:\Yukawa\music-reco-Jamendo-2-public\audio\rock\1133995\1133995.mp3,1133995.mp3,10,5.0,0,1oEPlji8ndabnBFuCJ9EdzRbZ5CLZ1BjP
1684,rock,1133998,C:\Yukawa\Lab\Dataset\MTG-Jamendo-9mapping\9genre_music200_cqt\rock\1133998\cqt.npy,C:\Yukawa\music-reco-Jamendo-2-public\audio\rock\1133998\1133998.mp3,1133998.mp3,10,5.0,0,1GWhor-u1h6D5YIcFWsmLgx28anwsnbSJ
1685,rock,1134036,C:\Yukawa\Lab\Dataset\MTG-Jamendo-9mapping\9genre_music200_cqt\rock\1134036\cqt.npy,C:\Yukawa\music-reco-Jamendo-2-public\audio\rock\1134036\1134036.mp3,1134036.mp3,10,5.0,0,1-txa6Lxn5uUoUGOKQwTb_qg-htX3SyXp
1686,rock,1134041,C:\Yukawa\Lab\Dataset\MTG-Jamendo-9mapping\9genre_music200_cqt\rock\1134041\cqt.npy,C:\Yukawa\music-reco-Jamendo-2-public\audio\rock\1134041\1134041.mp3,1134041.mp3,10,5.0,0,1HZEVRYUHdJJM4QtiV524jWw90fzIBPbN
1687,rock,1134642,C:\Yukawa\Lab\Dataset\MTG-Jamendo-9mapping\9genre_music200_cqt\rock\1134642\cqt.npy,C:\Yukawa\music-reco-Jamendo-2-public\audio\rock\1134642\1134642.mp3,1134642.mp3,10,5.0,0,1xz9A2ph4XLyTG8bHSulaI7nXLTbVCxGj
1688,rock,1134644,C:\Yukawa\Lab\Dataset\MTG-Jamendo-9mapping\9genre_music200_cqt\rock\1134644\cqt.npy,C:\Yukawa\music-reco-Jamendo-2-public\audio\rock\1134644\1134644.mp3,1134644.mp3,10,5.0,0,1xfcdHgBjYwDTZaqoDvENdSu5QM_AyPi4
1689,rock,1134647,C:\Yukawa\Lab\Dataset\MTG-Jamendo-9mapping\9genre_music200_cqt\rock\1134647\cqt.npy,C:\Yukawa\music-reco-Jamendo-2-public\audio\rock\1134647\1134647.mp3,1134647.mp3,10,5.0,0,1dAj4ilik0F_SRba1h8XW9niRDSDzErQk
1690,rock,1135423,C:\Yukawa\Lab\Dataset\MTG-Jamendo-9mapping\9genre_music200_cqt\rock\1135423\cqt.npy,C:\Yukawa\music-reco-Jamendo-2-public\audio\rock\1135423\1135423.mp3,1135423.mp3,10,5.0,0,1KqeRVv-8zxuxQfjQjvAXe71Cg2Nn55aV
1691,rock,1136837,C:\Yukawa\Lab\Dataset\MTG-Jamendo-9mapping\9genre_music200_cqt\rock\1136837\cqt.npy,C:\Yukawa\music-reco-Jamendo-2-public\audio\rock\1136837\1136837.mp3,1136837.mp3,10,5.0,0,1oS2Gly-xKmu75dy8ZEgV8TVHsAArzyi5
1692,rock,1136839,C:\Yukawa\Lab\Dataset\MTG-Jamendo-9mapping\9genre_music200_cqt\rock\1136839\cqt.npy,C:\Yukawa\music-reco-Jamendo-2-public\audio\rock\1136839\1136839.mp3,1136839.mp3,10,5.0,0,1aAgzx-4h6dnb1RZByr1Pgqw_zNiejH6d
1693,rock,1136842,C:\Yukawa\Lab\Dataset\MTG-Jamendo-9mapping\9genre_music200_cqt\rock\1136842\cqt.npy,C:\Yukawa\music-reco-Jamendo-2-public\audio\rock\1136842\1136842.mp3,1136842.mp3,10,5.0,0,13_mJmf2jk5KTSTHrwgAIyuTqboCtpSHf
1694,rock,1142718,C:\Yukawa\Lab\Dataset\MTG-Jamendo-9mapping\9genre_music200_cqt\rock\1142718\cqt.npy,C:\Yukawa\music-reco-Jamendo-2-public\audio\rock\1142718\1142718.mp3,1142718.mp3,10,5.0,0,18ua4tHqAdRBLLtiRwvSNdSyKnP9w0Ov9
1695,rock,1142721,C:\Yukawa\Lab\Dataset\MTG-Jamendo-9mapping\9genre_music200_cqt\rock\1142721\cqt.npy,C:\Yukawa\music-reco-Jamendo-2-public\audio\rock\1142721\1142721.mp3,1142721.mp3,10,5.0,0,1emW8hT5bn7sdGMSq7-xaNbTPVv8mXonH
1696,rock,1142724,C:\Yukawa\Lab\Dataset\MTG-Jamendo-9mapping\9genre_music200_cqt\rock\1142724\cqt.npy,C:\Yukawa\music-reco-Jamendo-2-public\audio\rock\1142724\1142724.mp3,1142724.mp3,10,5.0,0,1-Grv8T_FeO9wQN3fMuvAFBjW4Op6ZIux
1697,rock,1144121,C:\Yukawa\Lab\Dataset\MTG-Jamendo-9mapping\9genre_music200_cqt\rock\1144121\cqt.npy,C:\Yukawa\music-reco-Jamendo-2-public\audio\rock\1144121\1144121.mp3,1144121.mp3,10,5.0,0,1tEpmaKoJRNHA8urNyZ-qI_xzVthS00MN
1698,rock,1144123,C:\Yukawa\Lab\Dataset\MTG-Jamendo-9mapping\9genre_music200_cqt\rock\1144123\cqt.npy,C:\Yukawa\music-reco-Jamendo-2-public\audio\rock\1144123\1144123.mp3,1144123.mp3,10,5.0,0,13m1Dx6j95eAgT7bzh7lbP3_1TgeYKA3N
1699,rock,1144126,C:\Yukawa\Lab\Dataset\MTG-Jamendo-9mapping\9genre_music200_cqt\rock\1144126\cqt.npy,C:\Yukawa\music-reco-Jamendo-2-public\audio\rock\1144126\1144126.mp3,1144126.mp3,10,5.0,0,1p6VkirU2J4UsE1W5tpTRTIZ2LADC9GSa
1700,rock,1144129,C:\Yukawa\Lab\Dataset\MTG-Jamendo-9mapping\9genre_music200_cqt\rock\1144129\cqt.npy,C:\Yukawa\music-reco-Jamendo-2-public\audio\rock\1144129\1144129.mp3,1144129.mp3,10,5.0,0,1YjApgHAVHYOkALlzwjHdGQAr_qrlFWfq
1701,rock,1144132,C:\Yukawa\Lab\Dataset\MTG-Jamendo-9mapping\9genre_music200_cqt\rock\1144132\cqt.npy,C:\Yukawa\music-reco-Jamendo-2-public\audio\rock\1144132\1144132.mp3,1144132.mp3,10,5.0,0,1p9GwXftUIGTLQ2B8dCF9jW79vWIpIDqu
1702,rock,1144133,C:\Yukawa\Lab\Dataset\MTG-Jamendo-9mapping\9genre_music200_cqt\rock\1144133\cqt.npy,C:\Yukawa\music-reco-Jamendo-2-public\audio\rock\1144133\1144133.mp3,1144133.mp3,10,5.0,0,1noG4gGEOG2RG8Qp2K3ftlTQ7baP7ciYC
1703,rock,1144134,C:\Yukawa\Lab\Dataset\MTG-Jamendo-9mapping\9genre_music200_cqt\rock\1144134\cqt.npy,C:\Yukawa\music-reco-Jamendo-2-public\audio\rock\1144134\1144134.mp3,1144134.mp3,10,5.0,0,1Vz78MPJHLg0HTdutePtUfrOykHwJ82Nt
1704,rock,1144422,C:\Yukawa\Lab\Dataset\MTG-Jamendo-9mapping\9genre_music200_cqt\rock\1144422\cqt.npy,C:\Yukawa\music-reco-Jamendo-2-public\audio\rock\1144422\1144422.mp3,1144422.mp3,10,5.0,0,13ap9lOXZvRlMQr8dR3kK45Dd-f5qbPkK
1705,rock,1155991,C:\Yukawa\Lab\Dataset\MTG-Jamendo-9mapping\9genre_music200_cqt\rock\1155991\cqt.npy,C:\Yukawa\music-reco-Jamendo-2-public\audio\rock\1155991\1155991.mp3,1155991.mp3,10,5.0,0,1LtM1VlwtVKgMbOAkCKBoxS18Q8oePfoJ
1706,rock,1155992,C:\Yukawa\Lab\Dataset\MTG-Jamendo-9mapping\9genre_music200_cqt\rock\1155992\cqt.npy,C:\Yukawa\music-reco-Jamendo-2-public\audio\rock\1155992\1155992.mp3,1155992.mp3,10,5.0,0,1tOALxtKdVNdnnG3GkrgURI7Jdjb58vcN
1707,rock,1155993,C:\Yukawa\Lab\Dataset\MTG-Jamendo-9mapping\9genre_music200_cqt\rock\1155993\cqt.npy,C:\Yukawa\music-reco-Jamendo-2-public\audio\rock\1155993\1155993.mp3,1155993.mp3,10,5.0,0,16vcyg5IkNCEVbkE3y7NzTwh9azBp48mH
1708,rock,1155994,C:\Yukawa\Lab\Dataset\MTG-Jamendo-9mapping\9genre_music200_cqt\rock\1155994\cqt.npy,C:\Yukawa\music-reco-Jamendo-2-public\audio\rock\1155994\1155994.mp3,1155994.mp3,10,5.0,0,1lLt7mvsHYVrf_1SCEOgIaEa1i5fY66zk
1709,rock,1155995,C:\Yukawa\Lab\Dataset\MTG-Jamendo-9mapping\9genre_music200_cqt\rock\1155995\cqt.npy,C:\Yukawa\music-reco-Jamendo-2-public\audio\rock\1155995\1155995.mp3,1155995.mp3,10,5.0,0,1fnULy7D2utGJqkR1S7RJk4xeKVP0o6Lc
1710,rock,1155998,C:\Yukawa\Lab\Dataset\MTG-Jamendo-9mapping\9genre_music200_cqt\rock\1155998\cqt.npy,C:\Yukawa\music-reco-Jamendo-2-public\audio\rock\1155998\1155998.mp3,1155998.mp3,10,5.0,0,1-VElo1GW_Da1cWscJKLekUf_fVRr5sDu
1711,rock,1156010,C:\Yukawa\Lab\Dataset\MTG-Jamendo-9mapping\9genre_music200_cqt\rock\1156010\cqt.npy,C:\Yukawa\music-reco-Jamendo-2-public\audio\rock\1156010\1156010.mp3,1156010.mp3,10,5.0,0,1l0ltThhFKwxRpoij0iFouO2B4o6q1-VM
1712,rock,1156011,C:\Yukawa\Lab\Dataset\MTG-Jamendo-9mapping\9genre_music200_cqt\rock\1156011\cqt.npy,C:\Yukawa\music-reco-Jamendo-2-public\audio\rock\1156011\1156011.mp3,1156011.mp3,10,5.0,0,1R6-UtazmKyYQ0th6aAtLn27GzY041xJf
1713,rock,1156012,C:\Yukawa\Lab\Dataset\MTG-Jamendo-9mapping\9genre_music200_cqt\rock\1156012\cqt.npy,C:\Yukawa\music-reco-Jamendo-2-public\audio\rock\1156012\1156012.mp3,1156012.mp3,10,5.0,0,1vGfv2BD666vzsbLJ69VsGvi3TfrI-MQd
1714,rock,1156013,C:\Yukawa\Lab\Dataset\MTG-Jamendo-9mapping\9genre_music200_cqt\rock\1156013\cqt.npy,C:\Yukawa\music-reco-Jamendo-2-public\audio\rock\1156013\1156013.mp3,1156013.mp3,10,5.0,0,1D1u-idGcln0fuJ7tXPby41e84dsvIXJ_
1715,rock,1156014,C:\Yukawa\Lab\Dataset\MTG-Jamendo-9mapping\9genre_music200_cqt\rock\1156014\cqt.npy,C:\Yukawa\music-reco-Jamendo-2-public\audio\rock\1156014\1156014.mp3,1156014.mp3,10,5.0,0,1Y2Kp1C7VOAbTyP0g4msVPqGjk0JbTZ8Z
1716,rock,1156015,C:\Yukawa\Lab\Dataset\MTG-Jamendo-9mapping\9genre_music200_cqt\rock\1156015\cqt.npy,C:\Yukawa\music-reco-Jamendo-2-public\audio\rock\1156015\1156015.mp3,1156015.mp3,10,5.0,0,1dKO5w-tVg53x6ANqR8zf3ehe573Ote7l
1717,rock,1156016,C:\Yukawa\Lab\Dataset\MTG-Jamendo-9mapping\9genre_music200_cqt\rock\1156016\cqt.npy,C:\Yukawa\music-reco-Jamendo-2-public\audio\rock\1156016\1156016.mp3,1156016.mp3,10,5.0,0,19H7YYya5dnTJL_X2ZXGNt0Oc7RdkBJJh
1718,rock,1156017,C:\Yukawa\Lab\Dataset\MTG-Jamendo-9mapping\9genre_music200_cqt\rock\1156017\cqt.npy,C:\Yukawa\music-reco-Jamendo-2-public\audio\rock\1156017\1156017.mp3,1156017.mp3,10,5.0,0,1-NExt9bh0b7BTQRl4Ab0f7LxqOIzgNV5
1719,rock,1156020,C:\Yukawa\Lab\Dataset\MTG-Jamendo-9mapping\9genre_music200_cqt\rock\1156020\cqt.npy,C:\Yukawa\music-reco-Jamendo-2-public\audio\rock\1156020\1156020.mp3,1156020.mp3,10,5.0,0,1Bdaw-ZzyXFKLSoCMifCsdQHUltC5EvaX
1720,rock,1156021,C:\Yukawa\Lab\Dataset\MTG-Jamendo-9mapping\9genre_music200_cqt\rock\1156021\cqt.npy,C:\Yukawa\music-reco-Jamendo-2-public\audio\rock\1156021\1156021.mp3,1156021.mp3,10,5.0,0,1VD3En_H_OjDNWQAtn0AbAQP0hcfyHGlN
1721,rock,1156022,C:\Yukawa\Lab\Dataset\MTG-Jamendo-9mapping\9genre_music200_cqt\rock\1156022\cqt.npy,C:\Yukawa\music-reco-Jamendo-2-public\audio\rock\1156022\1156022.mp3,1156022.mp3,10,5.0,0,11tw1oXErEwSjjeatwMHVIdCrb4O3Qxgo
1722,rock,1156023,C:\Yukawa\Lab\Dataset\MTG-Jamendo-9mapping\9genre_music200_cqt\rock\1156023\cqt.npy,C:\Yukawa\music-reco-Jamendo-2-public\audio\rock\1156023\1156023.mp3,1156023.mp3,10,5.0,0,1m41CNu5HztbZBeovCUJ0dcXJCBfQ5Gf3
1723,rock,1156026,C:\Yukawa\Lab\Dataset\MTG-Jamendo-9mapping\9genre_music200_cqt\rock\1156026\cqt.npy,C:\Yukawa\music-reco-Jamendo-2-public\audio\rock\1156026\1156026.mp3,1156026.mp3,10,5.0,0,1wnV1bM4r1YPvPMeVMXrROBOUhEIKk4or
1724,rock,1156027,C:\Yukawa\Lab\Dataset\MTG-Jamendo-9mapping\9genre_music200_cqt\rock\1156027\cqt.npy,C:\Yukawa\music-reco-Jamendo-2-public\audio\rock\1156027\1156027.mp3,1156027.mp3,10,5.0,0,14_2b0-B4BG0Ea9R2oJGoesZsj0Ir4kc8
1725,rock,1156028,C:\Yukawa\Lab\Dataset\MTG-Jamendo-9mapping\9genre_music200_cqt\rock\1156028\cqt.npy,C:\Yukawa\music-reco-Jamendo-2-public\audio\rock\1156028\1156028.mp3,1156028.mp3,10,5.0,0,1cepVV9VtbTzyQXhDM5Ob7kWpj58fYxGb
1726,rock,1156029,C:\Yukawa\Lab\Dataset\MTG-Jamendo-9mapping\9genre_music200_cqt\rock\1156029\cqt.npy,C:\Yukawa\music-reco-Jamendo-2-public\audio\rock\1156029\1156029.mp3,1156029.mp3,10,5.0,0,1easfwMN4FowwgKQHha1joFf2FRMfil__
1727,rock,1156030,C:\Yukawa\Lab\Dataset\MTG-Jamendo-9mapping\9genre_music200_cqt\rock\1156030\cqt.npy,C:\Yukawa\music-reco-Jamendo-2-public\audio\rock\1156030\1156030.mp3,1156030.mp3,10,5.0,0,1hyou9a9iXhvdS1TDgK9LfC8K0yIw7dcn
1728,rock,1156031,C:\Yukawa\Lab\Dataset\MTG-Jamendo-9mapping\9genre_music200_cqt\rock\1156031\cqt.npy,C:\Yukawa\music-reco-Jamendo-2-public\audio\rock\1156031\1156031.mp3,1156031.mp3,10,5.0,0,1_DKvoWptQaTuYis_pszRXjYuU7e4sRNK
1729,rock,1156032,C:\Yukawa\Lab\Dataset\MTG-Jamendo-9mapping\9genre_music200_cqt\rock\1156032\cqt.npy,C:\Yukawa\music-reco-Jamendo-2-public\audio\rock\1156032\1156032.mp3,1156032.mp3,10,5.0,0,1F2vm_YiAPRJp7K_8RNB9KrlegsIl-cg_
1730,rock,1156033,C:\Yukawa\Lab\Dataset\MTG-Jamendo-9mapping\9genre_music200_cqt\rock\1156033\cqt.npy,C:\Yukawa\music-reco-Jamendo-2-public\audio\rock\1156033\1156033.mp3,1156033.mp3,10,5.0,0,1jZPNonymxrzZ4eklVSAaYV2lVoz0d6hS
1731,rock,1156034,C:\Yukawa\Lab\Dataset\MTG-Jamendo-9mapping\9genre_music200_cqt\rock\1156034\cqt.npy,C:\Yukawa\music-reco-Jamendo-2-public\audio\rock\1156034\1156034.mp3,1156034.mp3,10,5.0,0,1JNJre8hMKUyp6SIP03gKX2YRN0gqA8y7
1732,rock,1156035,C:\Yukawa\Lab\Dataset\MTG-Jamendo-9mapping\9genre_music200_cqt\rock\1156035\cqt.npy,C:\Yukawa\music-reco-Jamendo-2-public\audio\rock\1156035\1156035.mp3,1156035.mp3,10,5.0,0,1AAsESbi49DBtH75KW7QuwAVf4ySc6tbg
1733,rock,1156036,C:\Yukawa\Lab\Dataset\MTG-Jamendo-9mapping\9genre_music200_cqt\rock\1156036\cqt.npy,C:\Yukawa\music-reco-Jamendo-2-public\audio\rock\1156036\1156036.mp3,1156036.mp3,10,5.0,0,1uAHMWcEHis6b-kFJww6Uc8ppl1eK1svE
1734,rock,1156037,C:\Yukawa\Lab\Dataset\MTG-Jamendo-9mapping\9genre_music200_cqt\rock\1156037\cqt.npy,C:\Yukawa\music-reco-Jamendo-2-public\audio\rock\1156037\1156037.mp3,1156037.mp3,10,5.0,0,1O_wAVdN88bf9uU09-giwD1akLmF-nBne
1735,rock,1156038,C:\Yukawa\Lab\Dataset\MTG-Jamendo-9mapping\9genre_music200_cqt\rock\1156038\cqt.npy,C:\Yukawa\music-reco-Jamendo-2-public\audio\rock\1156038\1156038.mp3,1156038.mp3,10,5.0,0,1A9wZTkf8emHrBsfSPfOnIybMqS5Kkf7w
1736,rock,1156039,C:\Yukawa\Lab\Dataset\MTG-Jamendo-9mapping\9genre_music200_cqt\rock\1156039\cqt.npy,C:\Yukawa\music-reco-Jamendo-2-public\audio\rock\1156039\1156039.mp3,1156039.mp3,10,5.0,0,1lukP5zO3D1qt9uQEoXx4Ls6857jA3JrT
1737,rock,1162011,C:\Yukawa\Lab\Dataset\MTG-Jamendo-9mapping\9genre_music200_cqt\rock\1162011\cqt.npy,C:\Yukawa\music-reco-Jamendo-2-public\audio\rock\1162011\1162011.mp3,1162011.mp3,10,5.0,0,1LuGctJE-J0vwXxk6YdsNBC73RmRtd-wD
1738,rock,1162012,C:\Yukawa\Lab\Dataset\MTG-Jamendo-9mapping\9genre_music200_cqt\rock\1162012\cqt.npy,C:\Yukawa\music-reco-Jamendo-2-public\audio\rock\1162012\1162012.mp3,1162012.mp3,10,5.0,0,1Gu37KPAqTnqdIAS_9FEBUDW3QI6K_Zpv
1739,rock,1162013,C:\Yukawa\Lab\Dataset\MTG-Jamendo-9mapping\9genre_music200_cqt\rock\1162013\cqt.npy,C:\Yukawa\music-reco-Jamendo-2-public\audio\rock\1162013\1162013.mp3,1162013.mp3,10,5.0,0,1CObZpXvd-ODt92B1HNCAn_vz-Ne6V5oL
1740,rock,1162014,C:\Yukawa\Lab\Dataset\MTG-Jamendo-9mapping\9genre_music200_cqt\rock\1162014\cqt.npy,C:\Yukawa\music-reco-Jamendo-2-public\audio\rock\1162014\1162014.mp3,1162014.mp3,10,5.0,0,1Oy54JUuyoti8u5QnncOh7OGnl7NlbqnB
1741,rock,1162015,C:\Yukawa\Lab\Dataset\MTG-Jamendo-9mapping\9genre_music200_cqt\rock\1162015\cqt.npy,C:\Yukawa\music-reco-Jamendo-2-public\audio\rock\1162015\1162015.mp3,1162015.mp3,10,5.0,0,1thnKYDu2LjkNltCJkChJZnKL25iE3OYw
1742,rock,1162016,C:\Yukawa\Lab\Dataset\MTG-Jamendo-9mapping\9genre_music200_cqt\rock\1162016\cqt.npy,C:\Yukawa\music-reco-Jamendo-2-public\audio\rock\1162016\1162016.mp3,1162016.mp3,10,5.0,0,1KgUw23mm1RpxQnKPv697yyGFyhPQJBLK
1743,rock,1162017,C:\Yukawa\Lab\Dataset\MTG-Jamendo-9mapping\9genre_music200_cqt\rock\1162017\cqt.npy,C:\Yukawa\music-reco-Jamendo-2-public\audio\rock\1162017\1162017.mp3,1162017.mp3,10,5.0,0,1K4vaCDr1MkZnGouF1iUjRh40i4epJXvb
1744,rock,1162018,C:\Yukawa\Lab\Dataset\MTG-Jamendo-9mapping\9genre_music200_cqt\rock\1162018\cqt.npy,C:\Yukawa\music-reco-Jamendo-2-public\audio\rock\1162018\1162018.mp3,1162018.mp3,10,5.0,0,1ATKT0vqdikVeMErPL7-kIL6X0LIlWDDh
1745,rock,1162019,C:\Yukawa\Lab\Dataset\MTG-Jamendo-9mapping\9genre_music200_cqt\rock\1162019\cqt.npy,C:\Yukawa\music-reco-Jamendo-2-public\audio\rock\1162019\1162019.mp3,1162019.mp3,10,5.0,0,116LiLPlRHO5XflghwstynujOggURhgdJ
1746,rock,1162020,C:\Yukawa\Lab\Dataset\MTG-Jamendo-9mapping\9genre_music200_cqt\rock\1162020\cqt.npy,C:\Yukawa\music-reco-Jamendo-2-public\audio\rock\1162020\1162020.mp3,1162020.mp3,10,5.0,0,1iQPUFbSe90WbzBfMjI_foyCPFFTqqSve
1747,rock,1162021,C:\Yukawa\Lab\Dataset\MTG-Jamendo-9mapping\9genre_music200_cqt\rock\1162021\cqt.npy,C:\Yukawa\music-reco-Jamendo-2-public\audio\rock\1162021\1162021.mp3,1162021.mp3,10,5.0,0,1EoNNufvyk_Ok7U-Fh6pqYd01x2EENAFe
1748,rock,1163347,C:\Yukawa\Lab\Dataset\MTG-Jamendo-9mapping\9genre_music200_cqt\rock\1163347\cqt.npy,C:\Yukawa\music-reco-Jamendo-2-public\audio\rock\1163347\1163347.mp3,1163347.mp3,10,5.0,0,14XyIqWqyEnhh8UUwFvaOwdrBw9MX97tq
1749,rock,1163348,C:\Yukawa\Lab\Dataset\MTG-Jamendo-9mapping\9genre_music200_cqt\rock\1163348\cqt.npy,C:\Yukawa\music-reco-Jamendo-2-public\audio\rock\1163348\1163348.mp3,1163348.mp3,10,5.0,0,1cNDe4OoEXklffNSa5y84Ja2lE3L2cRVN
1750,rock,1163351,C:\Yukawa\Lab\Dataset\MTG-Jamendo-9mapping\9genre_music200_cqt\rock\1163351\cqt.npy,C:\Yukawa\music-reco-Jamendo-2-public\audio\rock\1163351\1163351.mp3,1163351.mp3,10,5.0,0,1Afgj_0HWly4_DDl2u1YL6nu_Nn-HWNZU
1751,rock,1163352,C:\Yukawa\Lab\Dataset\MTG-Jamendo-9mapping\9genre_music200_cqt\rock\1163352\cqt.npy,C:\Yukawa\music-reco-Jamendo-2-public\audio\rock\1163352\1163352.mp3,1163352.mp3,10,5.0,0,1g7UimEQBzYxUbIJBvmKNjhCrF8L-y72Q
1752,rock,1163353,C:\Yukawa\Lab\Dataset\MTG-Jamendo-9mapping\9genre_music200_cqt\rock\1163353\cqt.npy,C:\Yukawa\music-reco-Jamendo-2-public\audio\rock\1163353\1163353.mp3,1163353.mp3,10,5.0,0,1bQxu-XmlhQVoP-jTRMNmUwH3iiqQ1b-c
1753,rock,1163354,C:\Yukawa\Lab\Dataset\MTG-Jamendo-9mapping\9genre_music200_cqt\rock\1163354\cqt.npy,C:\Yukawa\music-reco-Jamendo-2-public\audio\rock\1163354\1163354.mp3,1163354.mp3,10,5.0,0,1p9uH0PI3-uhGNmr2AiCTEz3CEPb6qsH6
1754,rock,1163370,C:\Yukawa\Lab\Dataset\MTG-Jamendo-9mapping\9genre_music200_cqt\rock\1163370\cqt.npy,C:\Yukawa\music-reco-Jamendo-2-public\audio\rock\1163370\1163370.mp3,1163370.mp3,10,5.0,0,1MotaUzDf6n9e2G41TvjBJ5-2W5uK-fT2
1755,rock,1163373,C:\Yukawa\Lab\Dataset\MTG-Jamendo-9mapping\9genre_music200_cqt\rock\1163373\cqt.npy,C:\Yukawa\music-reco-Jamendo-2-public\audio\rock\1163373\1163373.mp3,1163373.mp3,10,5.0,0,1DHga-oiurJJivrTFuBbpNEIU_U5EuuPI
1756,rock,1163375,C:\Yukawa\Lab\Dataset\MTG-Jamendo-9mapping\9genre_music200_cqt\rock\1163375\cqt.npy,C:\Yukawa\music-reco-Jamendo-2-public\audio\rock\1163375\1163375.mp3,1163375.mp3,10,5.0,0,1u8VB38JLhYT4k_swLFmukbA7F0hZnLPL
1757,rock,1163378,C:\Yukawa\Lab\Dataset\MTG-Jamendo-9mapping\9genre_music200_cqt\rock\1163378\cqt.npy,C:\Yukawa\music-reco-Jamendo-2-public\audio\rock\1163378\1163378.mp3,1163378.mp3,10,5.0,0,137nvknRz2svljO7ZTKDBL3BNpNt_BznS
1758,rock,1167922,C:\Yukawa\Lab\Dataset\MTG-Jamendo-9mapping\9genre_music200_cqt\rock\1167922\cqt.npy,C:\Yukawa\music-reco-Jamendo-2-public\audio\rock\1167922\1167922.mp3,1167922.mp3,10,5.0,0,1eOUiwFANGkl1Y59Vqr4UoGVEavTKGqUa
1759,rock,1179410,C:\Yukawa\Lab\Dataset\MTG-Jamendo-9mapping\9genre_music200_cqt\rock\1179410\cqt.npy,C:\Yukawa\music-reco-Jamendo-2-public\audio\rock\1179410\1179410.mp3,1179410.mp3,10,5.0,0,1sd8n1kHa_voj8oDdt7q-0JQS47UXJpIf
1760,rock,1179412,C:\Yukawa\Lab\Dataset\MTG-Jamendo-9mapping\9genre_music200_cqt\rock\1179412\cqt.npy,C:\Yukawa\music-reco-Jamendo-2-public\audio\rock\1179412\1179412.mp3,1179412.mp3,10,5.0,0,1D_24QU4RzWsT7dUBk6hENAqJsmBGnOXY
1761,rock,1189893,C:\Yukawa\Lab\Dataset\MTG-Jamendo-9mapping\9genre_music200_cqt\rock\1189893\cqt.npy,C:\Yukawa\music-reco-Jamendo-2-public\audio\rock\1189893\1189893.mp3,1189893.mp3,10,5.0,0,1oqFyEmNkLJiiubeplBbpFhEDEmcerNvy
1762,rock,1189916,C:\Yukawa\Lab\Dataset\MTG-Jamendo-9mapping\9genre_music200_cqt\rock\1189916\cqt.npy,C:\Yukawa\music-reco-Jamendo-2-public\audio\rock\1189916\1189916.mp3,1189916.mp3,10,5.0,0,1sUpjyM93iy-H51HxqPlTYGwsQKU68zvU
1763,rock,1218780,C:\Yukawa\Lab\Dataset\MTG-Jamendo-9mapping\9genre_music200_cqt\rock\1218780\cqt.npy,C:\Yukawa\music-reco-Jamendo-2-public\audio\rock\1218780\1218780.mp3,1218780.mp3,10,5.0,0,1mpubLhGWAcgZOA1GBKY5JDJYk1hSUc8A
1764,rock,1218785,C:\Yukawa\Lab\Dataset\MTG-Jamendo-9mapping\9genre_music200_cqt\rock\1218785\cqt.npy,C:\Yukawa\music-reco-Jamendo-2-public\audio\rock\1218785\1218785.mp3,1218785.mp3,10,5.0,0,1LeDIzQwC8hJ28eVDmCKWASWu4QgjGEVR
1765,rock,1221852,C:\Yukawa\Lab\Dataset\MTG-Jamendo-9mapping\9genre_music200_cqt\rock\1221852\cqt.npy,C:\Yukawa\music-reco-Jamendo-2-public\audio\rock\1221852\1221852.mp3,1221852.mp3,10,5.0,0,1zb6_IBZpT7gEdnLJxwyZrVkqHiMTByS2
1766,rock,1221867,C:\Yukawa\Lab\Dataset\MTG-Jamendo-9mapping\9genre_music200_cqt\rock\1221867\cqt.npy,C:\Yukawa\music-reco-Jamendo-2-public\audio\rock\1221867\1221867.mp3,1221867.mp3,10,5.0,0,1I0kDdx_uw6m7n83HXwtZxzWeILRjLf40
1767,rock,1229178,C:\Yukawa\Lab\Dataset\MTG-Jamendo-9mapping\9genre_music200_cqt\rock\1229178\cqt.npy,C:\Yukawa\music-reco-Jamendo-2-public\audio\rock\1229178\1229178.mp3,1229178.mp3,10,5.0,0,15wbk572gJyFNmr8RdP3vCz_aZxdk1r6l
1768,rock,1240868,C:\Yukawa\Lab\Dataset\MTG-Jamendo-9mapping\9genre_music200_cqt\rock\1240868\cqt.npy,C:\Yukawa\music-reco-Jamendo-2-public\audio\rock\1240868\1240868.mp3,1240868.mp3,10,5.0,0,1ZcMtzvCh8HluBa6QnTUkjVZbyxjIZ5OO
1769,rock,1255024,C:\Yukawa\Lab\Dataset\MTG-Jamendo-9mapping\9genre_music200_cqt\rock\1255024\cqt.npy,C:\Yukawa\music-reco-Jamendo-2-public\audio\rock\1255024\1255024.mp3,1255024.mp3,10,5.0,0,1tol23NtcJrjMOeS66VMuw-pDXEpyx8Iu
1770,rock,1255645,C:\Yukawa\Lab\Dataset\MTG-Jamendo-9mapping\9genre_music200_cqt\rock\1255645\cqt.npy,C:\Yukawa\music-reco-Jamendo-2-public\audio\rock\1255645\1255645.mp3,1255645.mp3,10,5.0,0,1RGaWAvVSElwM2nbnU91v9Y45VfQDaZXx
1771,rock,1265912,C:\Yukawa\Lab\Dataset\MTG-Jamendo-9mapping\9genre_music200_cqt\rock\1265912\cqt.npy,C:\Yukawa\music-reco-Jamendo-2-public\audio\rock\1265912\1265912.mp3,1265912.mp3,10,5.0,0,1auvWhl0PfuGd8onqBIgdPlmSJjh0sikJ
1772,rock,1265914,C:\Yukawa\Lab\Dataset\MTG-Jamendo-9mapping\9genre_music200_cqt\rock\1265914\cqt.npy,C:\Yukawa\music-reco-Jamendo-2-public\audio\rock\1265914\1265914.mp3,1265914.mp3,10,5.0,0,1OYQhfnuo6m7N9tDXpYnFFlC4FX1aDr_q
1773,rock,1265915,C:\Yukawa\Lab\Dataset\MTG-Jamendo-9mapping\9genre_music200_cqt\rock\1265915\cqt.npy,C:\Yukawa\music-reco-Jamendo-2-public\audio\rock\1265915\1265915.mp3,1265915.mp3,10,5.0,0,1tbuYoEb0AByAYSnHZbCDXUpb4kwSPGYp
1774,rock,1294773,C:\Yukawa\Lab\Dataset\MTG-Jamendo-9mapping\9genre_music200_cqt\rock\1294773\cqt.npy,C:\Yukawa\music-reco-Jamendo-2-public\audio\rock\1294773\1294773.mp3,1294773.mp3,10,5.0,0,1acscrx9PMrHO2KqUe8ckdUrCJe-euLug
1775,rock,1310214,C:\Yukawa\Lab\Dataset\MTG-Jamendo-9mapping\9genre_music200_cqt\rock\1310214\cqt.npy,C:\Yukawa\music-reco-Jamendo-2-public\audio\rock\1310214\1310214.mp3,1310214.mp3,10,5.0,0,1LaSBich8u2ae879ImSwBeChScEermzGm
1776,rock,1310218,C:\Yukawa\Lab\Dataset\MTG-Jamendo-9mapping\9genre_music200_cqt\rock\1310218\cqt.npy,C:\Yukawa\music-reco-Jamendo-2-public\audio\rock\1310218\1310218.mp3,1310218.mp3,10,5.0,0,1IAMrY082xh_X30ZMQxQ0eqeeAB_20p3N
1777,rock,1314215,C:\Yukawa\Lab\Dataset\MTG-Jamendo-9mapping\9genre_music200_cqt\rock\1314215\cqt.npy,C:\Yukawa\music-reco-Jamendo-2-public\audio\rock\1314215\1314215.mp3,1314215.mp3,10,5.0,0,1DFeUpXT_GfWtPyCbnkpm8AkyXmH_8JIu
1778,rock,1314219,C:\Yukawa\Lab\Dataset\MTG-Jamendo-9mapping\9genre_music200_cqt\rock\1314219\cqt.npy,C:\Yukawa\music-reco-Jamendo-2-public\audio\rock\1314219\1314219.mp3,1314219.mp3,10,5.0,0,1LRUaktkU2OxX9k_8DcVChBZsjE6jjNBr
1779,rock,1314848,C:\Yukawa\Lab\Dataset\MTG-Jamendo-9mapping\9genre_music200_cqt\rock\1314848\cqt.npy,C:\Yukawa\music-reco-Jamendo-2-public\audio\rock\1314848\1314848.mp3,1314848.mp3,10,5.0,0,1CtG7zE8ZMRvvUo-PWrNAn1pg6QygtAj2
1780,rock,1314849,C:\Yukawa\Lab\Dataset\MTG-Jamendo-9mapping\9genre_music200_cqt\rock\1314849\cqt.npy,C:\Yukawa\music-reco-Jamendo-2-public\audio\rock\1314849\1314849.mp3,1314849.mp3,10,5.0,0,1stlOMUFw_6fQFbOupr-VEJTblEu0dq2z
1781,rock,1314856,C:\Yukawa\Lab\Dataset\MTG-Jamendo-9mapping\9genre_music200_cqt\rock\1314856\cqt.npy,C:\Yukawa\music-reco-Jamendo-2-public\audio\rock\1314856\1314856.mp3,1314856.mp3,10,5.0,0,1ypvHSsTd08chapoAQNq3GcryX2jecCEK
1782,rock,1315465,C:\Yukawa\Lab\Dataset\MTG-Jamendo-9mapping\9genre_music200_cqt\rock\1315465\cqt.npy,C:\Yukawa\music-reco-Jamendo-2-public\audio\rock\1315465\1315465.mp3,1315465.mp3,10,5.0,0,1_dw2RBP9J6hHDniNTrCFX_sYYL0V3ZZh
1783,rock,1316758,C:\Yukawa\Lab\Dataset\MTG-Jamendo-9mapping\9genre_music200_cqt\rock\1316758\cqt.npy,C:\Yukawa\music-reco-Jamendo-2-public\audio\rock\1316758\1316758.mp3,1316758.mp3,10,5.0,0,11JYIFkNuzDM1cDw1_wOZRTH8gZzFv0Jk
1784,rock,1329452,C:\Yukawa\Lab\Dataset\MTG-Jamendo-9mapping\9genre_music200_cqt\rock\1329452\cqt.npy,C:\Yukawa\music-reco-Jamendo-2-public\audio\rock\1329452\1329452.mp3,1329452.mp3,10,5.0,0,1ixIJFl-oFS6SjoM0uaksoB7I5a6_w8g9
1785,rock,1341470,C:\Yukawa\Lab\Dataset\MTG-Jamendo-9mapping\9genre_music200_cqt\rock\1341470\cqt.npy,C:\Yukawa\music-reco-Jamendo-2-public\audio\rock\1341470\1341470.mp3,1341470.mp3,10,5.0,0,1yJWqM8lmYUh3BFIDLPlq5AJ9AIdOxRHY
1786,rock,1341473,C:\Yukawa\Lab\Dataset\MTG-Jamendo-9mapping\9genre_music200_cqt\rock\1341473\cqt.npy,C:\Yukawa\music-reco-Jamendo-2-public\audio\rock\1341473\1341473.mp3,1341473.mp3,10,5.0,0,1ajuvC2Sw-y_tfbBxHgFTmJ_dQeoQuaBh
1787,rock,1348738,C:\Yukawa\Lab\Dataset\MTG-Jamendo-9mapping\9genre_music200_cqt\rock\1348738\cqt.npy,C:\Yukawa\music-reco-Jamendo-2-public\audio\rock\1348738\1348738.mp3,1348738.mp3,10,5.0,0,1PvzZLS8cnmiFU7OMmA7e-x378Bh8SrN7
1788,rock,1348740,C:\Yukawa\Lab\Dataset\MTG-Jamendo-9mapping\9genre_music200_cqt\rock\1348740\cqt.npy,C:\Yukawa\music-reco-Jamendo-2-public\audio\rock\1348740\1348740.mp3,1348740.mp3,10,5.0,0,1PGpv7uuIOY-64gWEDcNLZSNdIeg962GE
1789,rock,1374442,C:\Yukawa\Lab\Dataset\MTG-Jamendo-9mapping\9genre_music200_cqt\rock\1374442\cqt.npy,C:\Yukawa\music-reco-Jamendo-2-public\audio\rock\1374442\1374442.mp3,1374442.mp3,10,5.0,0,1d5eYEhfOFNwnYklpic-h1xhypNPePVYv
1790,rock,1418655,C:\Yukawa\Lab\Dataset\MTG-Jamendo-9mapping\9genre_music200_cqt\rock\1418655\cqt.npy,C:\Yukawa\music-reco-Jamendo-2-public\audio\rock\1418655\1418655.mp3,1418655.mp3,10,5.0,0,1XQ6Ko5JgzzLMhNWy5rj20ADrY5kH2N5a
1791,rock,1418656,C:\Yukawa\Lab\Dataset\MTG-Jamendo-9mapping\9genre_music200_cqt\rock\1418656\cqt.npy,C:\Yukawa\music-reco-Jamendo-2-public\audio\rock\1418656\1418656.mp3,1418656.mp3,10,5.0,0,1NgUJFdD98wRsRu44xg-FJCjVd1k4YAdC
1792,rock,1418657,C:\Yukawa\Lab\Dataset\MTG-Jamendo-9mapping\9genre_music200_cqt\rock\1418657\cqt.npy,C:\Yukawa\music-reco-Jamendo-2-public\audio\rock\1418657\1418657.mp3,1418657.mp3,10,5.0,0,1ATUrU69bXkaE_RKWD-Lmj6fqTIyz0zhI
1793,rock,1418658,C:\Yukawa\Lab\Dataset\MTG-Jamendo-9mapping\9genre_music200_cqt\rock\1418658\cqt.npy,C:\Yukawa\music-reco-Jamendo-2-public\audio\rock\1418658\1418658.mp3,1418658.mp3,10,5.0,0,1sgoRTcG0WH6y2yd4Xb7Cku1hGYGZAPQk
1794,rock,1418659,C:\Yukawa\Lab\Dataset\MTG-Jamendo-9mapping\9genre_music200_cqt\rock\1418659\cqt.npy,C:\Yukawa\music-reco-Jamendo-2-public\audio\rock\1418659\1418659.mp3,1418659.mp3,10,5.0,0,1q0tWm-fZwZ6Y0PMfRHeG929EdyWkacTi
1795,rock,1418660,C:\Yukawa\Lab\Dataset\MTG-Jamendo-9mapping\9genre_music200_cqt\rock\1418660\cqt.npy,C:\Yukawa\music-reco-Jamendo-2-public\audio\rock\1418660\1418660.mp3,1418660.mp3,10,5.0,0,160Eyp8UJuUb-zyacpaSKOorluglbrQ_A
1796,rock,1418661,C:\Yukawa\Lab\Dataset\MTG-Jamendo-9mapping\9genre_music200_cqt\rock\1418661\cqt.npy,C:\Yukawa\music-reco-Jamendo-2-public\audio\rock\1418661\1418661.mp3,1418661.mp3,10,5.0,0,1O0gEIgsTyw1OsAWv109-IiExkHmZrymh
1797,rock,1418662,C:\Yukawa\Lab\Dataset\MTG-Jamendo-9mapping\9genre_music200_cqt\rock\1418662\cqt.npy,C:\Yukawa\music-reco-Jamendo-2-public\audio\rock\1418662\1418662.mp3,1418662.mp3,10,5.0,0,1YECUKPb0VP4nTpsiwccvp1eWENPHZFfE
1798,rock,1418663,C:\Yukawa\Lab\Dataset\MTG-Jamendo-9mapping\9genre_music200_cqt\rock\1418663\cqt.npy,C:\Yukawa\music-reco-Jamendo-2-public\audio\rock\1418663\1418663.mp3,1418663.mp3,10,5.0,0,1kYLAdeQjrd4SK1Qlsnf55qJHaeVfbz3j
1799,rock,1418664,C:\Yukawa\Lab\Dataset\MTG-Jamendo-9mapping\9genre_music200_cqt\rock\1418664\cqt.npy,C:\Yukawa\music-reco-Jamendo-2-public\audio\rock\1418664\1418664.mp3,1418664.mp3,10,5.0,0,1LJfF9sOJimm8NlTQN4gC2FJnAd8fmOTp
